system:index,HYBAS_ID,marsh_km2,year,.geo
0_00000000000000000001,2,4.608667256652835,1985,"{""type"":""MultiPoint"",""coordinates"":[]}"
0_00000000000000000003,4,0.0762660022697898,1985,"{""type"":""MultiPoint"",""coordinates"":[]}"
0_00000000000000000005,6,0.6339791695886976,1985,"{""type"":""MultiPoint"",""coordinates"":[]}"
0_00000000000000000007,8,0.8756945828349962,1985,"{""type"":""MultiPoint"",""coordinates"":[]}"
0_00000000000000000009,10,0.30922190797502025,1985,"{""type"":""MultiPoint"",""coordinates"":[]}"
0_0000000000000000000b,12,0.7638938731823472,1985,"{""type"":""MultiPoint"",""coordinates"":[]}"
0_0000000000000000000d,14,0.6708032589314767,1985,"{""type"":""MultiPoint"",""coordinates"":[]}"
0_0000000000000000000f,16,0.6712386725286738,1985,"{""type"":""MultiPoint"",""coordinates"":[]}"
0_00000000000000000011,18,2.3654967121582016,1985,"{""type"":""MultiPoint"",""coordinates"":[]}"
0_00000000000000000013,20,0.736866524440394,1985,"{""type"":""MultiPoint"",""coordinates"":[]}"
0_00000000000000000015,22,0.09302030822753889,1985,"{""type"":""MultiPoint"",""coordinates"":[]}"
0_00000000000000000017,24,0.14199873074340832,1985,"{""type"":""MultiPoint"",""coordinates"":[]}"
0_00000000000000000019,26,1.1626490475158724,1985,"{""type"":""MultiPoint"",""coordinates"":[]}"
0_0000000000000000001a,27,0.0,1985,"{""type"":""MultiPoint"",""coordinates"":[]}"
0_0000000000000000001b,28,9.89458740234375E-4,1985,"{""type"":""MultiPoint"",""coordinates"":[]}"
0_0000000000000000001c,29,3.1674360735168934,1985,"{""type"":""MultiPoint"",""coordinates"":[]}"
0_00000000000000000020,33,0.013570547485351563,1985,"{""type"":""MultiPoint"",""coordinates"":[]}"
0_00000000000000000022,35,0.0,1985,"{""type"":""MultiPoint"",""coordinates"":[]}"
0_00000000000000000024,37,0.01191409967041016,1985,"{""type"":""MultiPoint"",""coordinates"":[]}"
0_00000000000000000026,39,0.05182084112548826,1985,"{""type"":""MultiPoint"",""coordinates"":[]}"
0_00000000000000000028,41,0.0,1985,"{""type"":""MultiPoint"",""coordinates"":[]}"
0_0000000000000000002a,43,0.008572614685058594,1985,"{""type"":""MultiPoint"",""coordinates"":[]}"
0_0000000000000000002c,45,0.0,1985,"{""type"":""MultiPoint"",""coordinates"":[]}"
0_0000000000000000002f,48,0.08407100030517575,1985,"{""type"":""MultiPoint"",""coordinates"":[]}"
0_00000000000000000031,50,0.3234377609252925,1985,"{""type"":""MultiPoint"",""coordinates"":[]}"
0_00000000000000000033,52,0.0,1985,"{""type"":""MultiPoint"",""coordinates"":[]}"
0_00000000000000000035,54,0.04566546551513672,1985,"{""type"":""MultiPoint"",""coordinates"":[]}"
0_00000000000000000037,56,0.17223073815917972,1985,"{""type"":""MultiPoint"",""coordinates"":[]}"
0_00000000000000000039,58,0.03593626037597657,1985,"{""type"":""MultiPoint"",""coordinates"":[]}"
0_0000000000000000003b,60,0.0,1985,"{""type"":""MultiPoint"",""coordinates"":[]}"
0_0000000000000000003d,62,0.024256817565917972,1985,"{""type"":""MultiPoint"",""coordinates"":[]}"
0_0000000000000000003f,64,0.005764519348144532,1985,"{""type"":""MultiPoint"",""coordinates"":[]}"
0_00000000000000000041,66,0.002877564453125,1985,"{""type"":""MultiPoint"",""coordinates"":[]}"
0_00000000000000000043,68,0.02877281854248047,1985,"{""type"":""MultiPoint"",""coordinates"":[]}"
0_00000000000000000047,72,0.010944683532714843,1985,"{""type"":""MultiPoint"",""coordinates"":[]}"
0_00000000000000000049,74,0.03179168536376953,1985,"{""type"":""MultiPoint"",""coordinates"":[]}"
0_0000000000000000004b,76,0.04782223946102366,1985,"{""type"":""MultiPoint"",""coordinates"":[]}"
0_0000000000000000004d,78,0.5384524642944337,1985,"{""type"":""MultiPoint"",""coordinates"":[]}"
0_0000000000000000004e,79,0.0,1985,"{""type"":""MultiPoint"",""coordinates"":[]}"
0_00000000000000000050,81,1.2180604884033202,1985,"{""type"":""MultiPoint"",""coordinates"":[]}"
0_00000000000000000052,83,0.0,1985,"{""type"":""MultiPoint"",""coordinates"":[]}"
0_00000000000000000054,85,0.013097590148925784,1985,"{""type"":""MultiPoint"",""coordinates"":[]}"
0_00000000000000000056,87,0.0,1985,"{""type"":""MultiPoint"",""coordinates"":[]}"
0_00000000000000000058,89,0.20846902817526317,1985,"{""type"":""MultiPoint"",""coordinates"":[]}"
0_0000000000000000005a,91,0.2610273836049988,1985,"{""type"":""MultiPoint"",""coordinates"":[]}"
0_0000000000000000005c,93,0.13485527661013103,1985,"{""type"":""MultiPoint"",""coordinates"":[]}"
0_0000000000000000005e,95,0.8298325055541984,1985,"{""type"":""MultiPoint"",""coordinates"":[]}"
0_00000000000000000060,97,0.16556786022949216,1985,"{""type"":""MultiPoint"",""coordinates"":[]}"
0_00000000000000000062,99,0.02107681451416016,1985,"{""type"":""MultiPoint"",""coordinates"":[]}"
0_00000000000000000064,101,1.3233580996653775,1985,"{""type"":""MultiPoint"",""coordinates"":[]}"
0_00000000000000000066,103,13.407668168613556,1985,"{""type"":""MultiPoint"",""coordinates"":[]}"
0_00000000000000000068,105,0.17286190893554693,1985,"{""type"":""MultiPoint"",""coordinates"":[]}"
0_00000000000000000069,106,0.14909189599609368,1985,"{""type"":""MultiPoint"",""coordinates"":[]}"
0_0000000000000000006a,107,0.0018781629638671875,1985,"{""type"":""MultiPoint"",""coordinates"":[]}"
0_0000000000000000006b,108,0.0,1985,"{""type"":""MultiPoint"",""coordinates"":[]}"
0_00000000000000000071,114,0.3003548100514124,1985,"{""type"":""MultiPoint"",""coordinates"":[]}"
0_00000000000000000073,116,0.261953043325627,1985,"{""type"":""MultiPoint"",""coordinates"":[]}"
0_00000000000000000075,118,1.3263019384296448,1985,"{""type"":""MultiPoint"",""coordinates"":[]}"
0_00000000000000000077,120,0.06199495309077248,1985,"{""type"":""MultiPoint"",""coordinates"":[]}"
0_0000000000000000007c,125,0.04298357086181641,1985,"{""type"":""MultiPoint"",""coordinates"":[]}"
0_0000000000000000007e,127,0.0915446580200196,1985,"{""type"":""MultiPoint"",""coordinates"":[]}"
0_00000000000000000080,129,0.6795507458496094,1985,"{""type"":""MultiPoint"",""coordinates"":[]}"
0_00000000000000000082,131,0.19202698449348,1985,"{""type"":""MultiPoint"",""coordinates"":[]}"
0_00000000000000000084,133,0.009746011127068015,1985,"{""type"":""MultiPoint"",""coordinates"":[]}"
0_00000000000000000086,135,0.2330318593749996,1985,"{""type"":""MultiPoint"",""coordinates"":[]}"
0_00000000000000000088,137,0.0,1985,"{""type"":""MultiPoint"",""coordinates"":[]}"
0_0000000000000000008a,139,0.0,1985,"{""type"":""MultiPoint"",""coordinates"":[]}"
0_00000000000000000000,1,16.614002184719066,1985,"{""type"":""MultiPoint"",""coordinates"":[]}"
0_00000000000000000002,3,11.765523677453874,1985,"{""type"":""MultiPoint"",""coordinates"":[]}"
0_00000000000000000004,5,6.591349641379411,1985,"{""type"":""MultiPoint"",""coordinates"":[]}"
0_00000000000000000006,7,17.65653427566146,1985,"{""type"":""MultiPoint"",""coordinates"":[]}"
0_00000000000000000008,9,0.6420326775967483,1985,"{""type"":""MultiPoint"",""coordinates"":[]}"
0_0000000000000000000a,11,10.646373145358444,1985,"{""type"":""MultiPoint"",""coordinates"":[]}"
0_0000000000000000000c,13,0.7024671634033209,1985,"{""type"":""MultiPoint"",""coordinates"":[]}"
0_0000000000000000000e,15,4.270425110347472,1985,"{""type"":""MultiPoint"",""coordinates"":[]}"
0_00000000000000000010,17,7.183461496530568,1985,"{""type"":""MultiPoint"",""coordinates"":[]}"
0_00000000000000000012,19,1.8595448655242415,1985,"{""type"":""MultiPoint"",""coordinates"":[]}"
0_00000000000000000014,21,10.24037205059335,1985,"{""type"":""MultiPoint"",""coordinates"":[]}"
0_00000000000000000016,23,4.105789617578246,1985,"{""type"":""MultiPoint"",""coordinates"":[]}"
0_00000000000000000018,25,4.05989878186083,1985,"{""type"":""MultiPoint"",""coordinates"":[]}"
0_0000000000000000001d,30,0.9684024666111456,1985,"{""type"":""MultiPoint"",""coordinates"":[]}"
0_0000000000000000001e,31,0.0,1985,"{""type"":""MultiPoint"",""coordinates"":[]}"
0_0000000000000000001f,32,1.2962064853842334,1985,"{""type"":""MultiPoint"",""coordinates"":[]}"
0_00000000000000000021,34,2.847636385779289,1985,"{""type"":""MultiPoint"",""coordinates"":[]}"
0_00000000000000000023,36,0.20380435273305844,1985,"{""type"":""MultiPoint"",""coordinates"":[]}"
0_00000000000000000025,38,0.7772581563697976,1985,"{""type"":""MultiPoint"",""coordinates"":[]}"
0_00000000000000000027,40,1.7064011343045065,1985,"{""type"":""MultiPoint"",""coordinates"":[]}"
0_00000000000000000029,42,0.6191813862988041,1985,"{""type"":""MultiPoint"",""coordinates"":[]}"
0_0000000000000000002b,44,6.294762204892738,1985,"{""type"":""MultiPoint"",""coordinates"":[]}"
0_0000000000000000002d,46,2.2090348398870665,1985,"{""type"":""MultiPoint"",""coordinates"":[]}"
0_0000000000000000002e,47,14.203028970960446,1985,"{""type"":""MultiPoint"",""coordinates"":[]}"
0_00000000000000000030,49,1.325173354400273,1985,"{""type"":""MultiPoint"",""coordinates"":[]}"
0_00000000000000000032,51,6.446055299624208,1985,"{""type"":""MultiPoint"",""coordinates"":[]}"
0_00000000000000000034,53,0.7061291149983733,1985,"{""type"":""MultiPoint"",""coordinates"":[]}"
0_00000000000000000036,55,9.18374635102611,1985,"{""type"":""MultiPoint"",""coordinates"":[]}"
0_00000000000000000038,57,0.8561409371469525,1985,"{""type"":""MultiPoint"",""coordinates"":[]}"
0_0000000000000000003a,59,9.818471315194014,1985,"{""type"":""MultiPoint"",""coordinates"":[]}"
0_0000000000000000003c,61,10.244753445934856,1985,"{""type"":""MultiPoint"",""coordinates"":[]}"
0_0000000000000000003e,63,1.1359540568237307,1985,"{""type"":""MultiPoint"",""coordinates"":[]}"
0_00000000000000000040,65,4.008083672794335,1985,"{""type"":""MultiPoint"",""coordinates"":[]}"
0_00000000000000000042,67,0.6911983116811716,1985,"{""type"":""MultiPoint"",""coordinates"":[]}"
0_00000000000000000044,69,0.03223755468750001,1985,"{""type"":""MultiPoint"",""coordinates"":[]}"
0_00000000000000000045,70,0.0,1985,"{""type"":""MultiPoint"",""coordinates"":[]}"
0_00000000000000000046,71,0.266685519104004,1985,"{""type"":""MultiPoint"",""coordinates"":[]}"
0_00000000000000000048,73,2.9407050782382207,1985,"{""type"":""MultiPoint"",""coordinates"":[]}"
0_0000000000000000004a,75,5.354624880365787,1985,"{""type"":""MultiPoint"",""coordinates"":[]}"
0_0000000000000000004c,77,5.438333598796987,1985,"{""type"":""MultiPoint"",""coordinates"":[]}"
0_0000000000000000004f,80,7.4881639194034015,1985,"{""type"":""MultiPoint"",""coordinates"":[]}"
0_00000000000000000051,82,4.710075480684169,1985,"{""type"":""MultiPoint"",""coordinates"":[]}"
0_00000000000000000053,84,20.427124379314154,1985,"{""type"":""MultiPoint"",""coordinates"":[]}"
0_00000000000000000055,86,0.007719457885742189,1985,"{""type"":""MultiPoint"",""coordinates"":[]}"
0_00000000000000000057,88,10.998122628104442,1985,"{""type"":""MultiPoint"",""coordinates"":[]}"
0_00000000000000000059,90,1.3441787229140334,1985,"{""type"":""MultiPoint"",""coordinates"":[]}"
0_0000000000000000005b,92,6.836901945140611,1985,"{""type"":""MultiPoint"",""coordinates"":[]}"
0_0000000000000000005d,94,62.35257919370411,1985,"{""type"":""MultiPoint"",""coordinates"":[]}"
0_0000000000000000005f,96,136.23673765487072,1985,"{""type"":""MultiPoint"",""coordinates"":[]}"
0_00000000000000000061,98,87.3517532948428,1985,"{""type"":""MultiPoint"",""coordinates"":[]}"
0_00000000000000000063,100,21.7850928271766,1985,"{""type"":""MultiPoint"",""coordinates"":[]}"
0_00000000000000000065,102,55.70413433775074,1985,"{""type"":""MultiPoint"",""coordinates"":[]}"
0_00000000000000000067,104,16.25440048086085,1985,"{""type"":""MultiPoint"",""coordinates"":[]}"
0_0000000000000000006c,109,1.2341735366210973,1985,"{""type"":""MultiPoint"",""coordinates"":[]}"
0_0000000000000000006d,110,13.091670192988484,1985,"{""type"":""MultiPoint"",""coordinates"":[]}"
0_0000000000000000006e,111,0.0,1985,"{""type"":""MultiPoint"",""coordinates"":[]}"
0_0000000000000000006f,112,0.0,1985,"{""type"":""MultiPoint"",""coordinates"":[]}"
0_00000000000000000070,113,1.0512258889866246,1985,"{""type"":""MultiPoint"",""coordinates"":[]}"
0_00000000000000000072,115,22.268067626099324,1985,"{""type"":""MultiPoint"",""coordinates"":[]}"
0_00000000000000000074,117,1.3778545735270151,1985,"{""type"":""MultiPoint"",""coordinates"":[]}"
0_00000000000000000076,119,0.1644304780555874,1985,"{""type"":""MultiPoint"",""coordinates"":[]}"
0_00000000000000000078,121,10.768580714096728,1985,"{""type"":""MultiPoint"",""coordinates"":[]}"
0_00000000000000000079,122,4.819242277938305,1985,"{""type"":""MultiPoint"",""coordinates"":[]}"
0_0000000000000000007a,123,15.819458693053724,1985,"{""type"":""MultiPoint"",""coordinates"":[]}"
0_0000000000000000007b,124,8.03467913030264,1985,"{""type"":""MultiPoint"",""coordinates"":[]}"
0_0000000000000000007d,126,19.085240622158224,1985,"{""type"":""MultiPoint"",""coordinates"":[]}"
0_0000000000000000007f,128,2.7344766626859784,1985,"{""type"":""MultiPoint"",""coordinates"":[]}"
0_00000000000000000081,130,3.855856663208487,1985,"{""type"":""MultiPoint"",""coordinates"":[]}"
0_00000000000000000083,132,0.4001615519009462,1985,"{""type"":""MultiPoint"",""coordinates"":[]}"
0_00000000000000000085,134,9.079988981258373,1985,"{""type"":""MultiPoint"",""coordinates"":[]}"
0_00000000000000000087,136,0.08065424176025388,1985,"{""type"":""MultiPoint"",""coordinates"":[]}"
0_00000000000000000089,138,0.9753169235949947,1985,"{""type"":""MultiPoint"",""coordinates"":[]}"
0_0000000000000000008b,140,2.589482379820821,1985,"{""type"":""MultiPoint"",""coordinates"":[]}"
0_0000000000000000008c,141,12.476885225074177,1985,"{""type"":""MultiPoint"",""coordinates"":[]}"
0_0000000000000000008d,142,34.76479636651036,1985,"{""type"":""MultiPoint"",""coordinates"":[]}"
0_0000000000000000008e,143,14.768567458037051,1985,"{""type"":""MultiPoint"",""coordinates"":[]}"
0_0000000000000000008f,144,111.51289359100863,1985,"{""type"":""MultiPoint"",""coordinates"":[]}"
1_00000000000000000001,2,4.609812540161134,1986,"{""type"":""MultiPoint"",""coordinates"":[]}"
1_00000000000000000003,4,0.0762660022697898,1986,"{""type"":""MultiPoint"",""coordinates"":[]}"
1_00000000000000000005,6,0.6362431565271742,1986,"{""type"":""MultiPoint"",""coordinates"":[]}"
1_00000000000000000007,8,0.8756945828349962,1986,"{""type"":""MultiPoint"",""coordinates"":[]}"
1_00000000000000000009,10,0.30922190797502025,1986,"{""type"":""MultiPoint"",""coordinates"":[]}"
1_0000000000000000000b,12,0.7638938731823472,1986,"{""type"":""MultiPoint"",""coordinates"":[]}"
1_0000000000000000000d,14,0.6708032589314767,1986,"{""type"":""MultiPoint"",""coordinates"":[]}"
1_0000000000000000000f,16,0.6712386725286738,1986,"{""type"":""MultiPoint"",""coordinates"":[]}"
1_00000000000000000011,18,2.3654967121582016,1986,"{""type"":""MultiPoint"",""coordinates"":[]}"
1_00000000000000000013,20,0.7405569745136364,1986,"{""type"":""MultiPoint"",""coordinates"":[]}"
1_00000000000000000015,22,0.09302030822753889,1986,"{""type"":""MultiPoint"",""coordinates"":[]}"
1_00000000000000000017,24,0.1425040411987306,1986,"{""type"":""MultiPoint"",""coordinates"":[]}"
1_00000000000000000019,26,1.1626490475158724,1986,"{""type"":""MultiPoint"",""coordinates"":[]}"
1_0000000000000000001a,27,0.0,1986,"{""type"":""MultiPoint"",""coordinates"":[]}"
1_0000000000000000001b,28,9.89458740234375E-4,1986,"{""type"":""MultiPoint"",""coordinates"":[]}"
1_0000000000000000001c,29,3.1730877001038076,1986,"{""type"":""MultiPoint"",""coordinates"":[]}"
1_00000000000000000020,33,0.013570547485351563,1986,"{""type"":""MultiPoint"",""coordinates"":[]}"
1_00000000000000000022,35,0.0,1986,"{""type"":""MultiPoint"",""coordinates"":[]}"
1_00000000000000000024,37,0.01191409967041016,1986,"{""type"":""MultiPoint"",""coordinates"":[]}"
1_00000000000000000026,39,0.05182084112548826,1986,"{""type"":""MultiPoint"",""coordinates"":[]}"
1_00000000000000000028,41,0.0,1986,"{""type"":""MultiPoint"",""coordinates"":[]}"
1_0000000000000000002a,43,0.008572614685058594,1986,"{""type"":""MultiPoint"",""coordinates"":[]}"
1_0000000000000000002c,45,0.0,1986,"{""type"":""MultiPoint"",""coordinates"":[]}"
1_0000000000000000002f,48,0.08407100030517575,1986,"{""type"":""MultiPoint"",""coordinates"":[]}"
1_00000000000000000031,50,0.33582993725585897,1986,"{""type"":""MultiPoint"",""coordinates"":[]}"
1_00000000000000000033,52,0.0,1986,"{""type"":""MultiPoint"",""coordinates"":[]}"
1_00000000000000000035,54,0.04566546551513672,1986,"{""type"":""MultiPoint"",""coordinates"":[]}"
1_00000000000000000037,56,0.17223073815917972,1986,"{""type"":""MultiPoint"",""coordinates"":[]}"
1_00000000000000000039,58,0.03593626037597657,1986,"{""type"":""MultiPoint"",""coordinates"":[]}"
1_0000000000000000003b,60,0.0,1986,"{""type"":""MultiPoint"",""coordinates"":[]}"
1_0000000000000000003d,62,0.024256817565917972,1986,"{""type"":""MultiPoint"",""coordinates"":[]}"
1_0000000000000000003f,64,0.005764519348144532,1986,"{""type"":""MultiPoint"",""coordinates"":[]}"
1_00000000000000000041,66,0.002877564453125,1986,"{""type"":""MultiPoint"",""coordinates"":[]}"
1_00000000000000000043,68,0.02877281854248047,1986,"{""type"":""MultiPoint"",""coordinates"":[]}"
1_00000000000000000047,72,0.010944683532714843,1986,"{""type"":""MultiPoint"",""coordinates"":[]}"
1_00000000000000000049,74,0.03179168536376953,1986,"{""type"":""MultiPoint"",""coordinates"":[]}"
1_0000000000000000004b,76,0.04782223946102366,1986,"{""type"":""MultiPoint"",""coordinates"":[]}"
1_0000000000000000004d,78,0.5384524642944337,1986,"{""type"":""MultiPoint"",""coordinates"":[]}"
1_0000000000000000004e,79,0.0,1986,"{""type"":""MultiPoint"",""coordinates"":[]}"
1_00000000000000000050,81,1.2267073262939454,1986,"{""type"":""MultiPoint"",""coordinates"":[]}"
1_00000000000000000052,83,0.001604230553002451,1986,"{""type"":""MultiPoint"",""coordinates"":[]}"
1_00000000000000000054,85,0.013097590148925784,1986,"{""type"":""MultiPoint"",""coordinates"":[]}"
1_00000000000000000056,87,0.0,1986,"{""type"":""MultiPoint"",""coordinates"":[]}"
1_00000000000000000058,89,0.20846902817526317,1986,"{""type"":""MultiPoint"",""coordinates"":[]}"
1_0000000000000000005a,91,0.2610273836049988,1986,"{""type"":""MultiPoint"",""coordinates"":[]}"
1_0000000000000000005c,93,0.13485527661013103,1986,"{""type"":""MultiPoint"",""coordinates"":[]}"
1_0000000000000000005e,95,0.8298325055541984,1986,"{""type"":""MultiPoint"",""coordinates"":[]}"
1_00000000000000000060,97,0.16944842761230478,1986,"{""type"":""MultiPoint"",""coordinates"":[]}"
1_00000000000000000062,99,0.02107681451416016,1986,"{""type"":""MultiPoint"",""coordinates"":[]}"
1_00000000000000000064,101,1.3239930538890103,1986,"{""type"":""MultiPoint"",""coordinates"":[]}"
1_00000000000000000066,103,13.451400706150178,1986,"{""type"":""MultiPoint"",""coordinates"":[]}"
1_00000000000000000068,105,0.16843629675292976,1986,"{""type"":""MultiPoint"",""coordinates"":[]}"
1_00000000000000000069,106,0.14909189599609368,1986,"{""type"":""MultiPoint"",""coordinates"":[]}"
1_0000000000000000006a,107,0.0018781629638671875,1986,"{""type"":""MultiPoint"",""coordinates"":[]}"
1_0000000000000000006b,108,0.0,1986,"{""type"":""MultiPoint"",""coordinates"":[]}"
1_00000000000000000071,114,0.3003548100514124,1986,"{""type"":""MultiPoint"",""coordinates"":[]}"
1_00000000000000000073,116,0.261953043325627,1986,"{""type"":""MultiPoint"",""coordinates"":[]}"
1_00000000000000000075,118,1.3263019384296448,1986,"{""type"":""MultiPoint"",""coordinates"":[]}"
1_00000000000000000077,120,0.06199495309077248,1986,"{""type"":""MultiPoint"",""coordinates"":[]}"
1_0000000000000000007c,125,0.04298357086181641,1986,"{""type"":""MultiPoint"",""coordinates"":[]}"
1_0000000000000000007e,127,0.0915446580200196,1986,"{""type"":""MultiPoint"",""coordinates"":[]}"
1_00000000000000000080,129,0.6795507458496094,1986,"{""type"":""MultiPoint"",""coordinates"":[]}"
1_00000000000000000082,131,0.19202698449348,1986,"{""type"":""MultiPoint"",""coordinates"":[]}"
1_00000000000000000084,133,0.009746011127068015,1986,"{""type"":""MultiPoint"",""coordinates"":[]}"
1_00000000000000000086,135,0.2330318593749996,1986,"{""type"":""MultiPoint"",""coordinates"":[]}"
1_00000000000000000088,137,0.0,1986,"{""type"":""MultiPoint"",""coordinates"":[]}"
1_0000000000000000008a,139,0.0,1986,"{""type"":""MultiPoint"",""coordinates"":[]}"
1_00000000000000000000,1,16.772787390262522,1986,"{""type"":""MultiPoint"",""coordinates"":[]}"
1_00000000000000000002,3,11.785144923724024,1986,"{""type"":""MultiPoint"",""coordinates"":[]}"
1_00000000000000000004,5,6.599955588584001,1986,"{""type"":""MultiPoint"",""coordinates"":[]}"
1_00000000000000000006,7,17.670449078395833,1986,"{""type"":""MultiPoint"",""coordinates"":[]}"
1_00000000000000000008,9,0.6436679972988968,1986,"{""type"":""MultiPoint"",""coordinates"":[]}"
1_0000000000000000000a,11,10.741729680697798,1986,"{""type"":""MultiPoint"",""coordinates"":[]}"
1_0000000000000000000c,13,0.7024671634033209,1986,"{""type"":""MultiPoint"",""coordinates"":[]}"
1_0000000000000000000e,15,4.270425110347473,1986,"{""type"":""MultiPoint"",""coordinates"":[]}"
1_00000000000000000010,17,7.1856184251194355,1986,"{""type"":""MultiPoint"",""coordinates"":[]}"
1_00000000000000000012,19,1.8595448655242415,1986,"{""type"":""MultiPoint"",""coordinates"":[]}"
1_00000000000000000014,21,10.250341488032317,1986,"{""type"":""MultiPoint"",""coordinates"":[]}"
1_00000000000000000016,23,4.114969257165649,1986,"{""type"":""MultiPoint"",""coordinates"":[]}"
1_00000000000000000018,25,4.061921020508291,1986,"{""type"":""MultiPoint"",""coordinates"":[]}"
1_0000000000000000001d,30,0.9684024666111456,1986,"{""type"":""MultiPoint"",""coordinates"":[]}"
1_0000000000000000001e,31,0.0,1986,"{""type"":""MultiPoint"",""coordinates"":[]}"
1_0000000000000000001f,32,1.290490344148882,1986,"{""type"":""MultiPoint"",""coordinates"":[]}"
1_00000000000000000021,34,2.8476363857792886,1986,"{""type"":""MultiPoint"",""coordinates"":[]}"
1_00000000000000000023,36,0.20380435273305844,1986,"{""type"":""MultiPoint"",""coordinates"":[]}"
1_00000000000000000025,38,0.7772581563697976,1986,"{""type"":""MultiPoint"",""coordinates"":[]}"
1_00000000000000000027,40,1.7064011343045065,1986,"{""type"":""MultiPoint"",""coordinates"":[]}"
1_00000000000000000029,42,0.6191813862988041,1986,"{""type"":""MultiPoint"",""coordinates"":[]}"
1_0000000000000000002b,44,6.294762204892738,1986,"{""type"":""MultiPoint"",""coordinates"":[]}"
1_0000000000000000002d,46,2.2090348398870665,1986,"{""type"":""MultiPoint"",""coordinates"":[]}"
1_0000000000000000002e,47,14.20302897096045,1986,"{""type"":""MultiPoint"",""coordinates"":[]}"
1_00000000000000000030,49,1.325173354400273,1986,"{""type"":""MultiPoint"",""coordinates"":[]}"
1_00000000000000000032,51,6.44605529962421,1986,"{""type"":""MultiPoint"",""coordinates"":[]}"
1_00000000000000000034,53,0.7061291149983733,1986,"{""type"":""MultiPoint"",""coordinates"":[]}"
1_00000000000000000036,55,9.183746351026112,1986,"{""type"":""MultiPoint"",""coordinates"":[]}"
1_00000000000000000038,57,0.8561409371469525,1986,"{""type"":""MultiPoint"",""coordinates"":[]}"
1_0000000000000000003a,59,9.816185753060225,1986,"{""type"":""MultiPoint"",""coordinates"":[]}"
1_0000000000000000003c,61,10.244753445934858,1986,"{""type"":""MultiPoint"",""coordinates"":[]}"
1_0000000000000000003e,63,1.1359540568237307,1986,"{""type"":""MultiPoint"",""coordinates"":[]}"
1_00000000000000000040,65,4.008083672794335,1986,"{""type"":""MultiPoint"",""coordinates"":[]}"
1_00000000000000000042,67,0.6946546644643746,1986,"{""type"":""MultiPoint"",""coordinates"":[]}"
1_00000000000000000044,69,0.03223755468750001,1986,"{""type"":""MultiPoint"",""coordinates"":[]}"
1_00000000000000000045,70,0.0,1986,"{""type"":""MultiPoint"",""coordinates"":[]}"
1_00000000000000000046,71,0.266685519104004,1986,"{""type"":""MultiPoint"",""coordinates"":[]}"
1_00000000000000000048,73,2.9591693648593136,1986,"{""type"":""MultiPoint"",""coordinates"":[]}"
1_0000000000000000004a,75,5.354624880365786,1986,"{""type"":""MultiPoint"",""coordinates"":[]}"
1_0000000000000000004c,77,5.440709276287222,1986,"{""type"":""MultiPoint"",""coordinates"":[]}"
1_0000000000000000004f,80,7.48267220443758,1986,"{""type"":""MultiPoint"",""coordinates"":[]}"
1_00000000000000000051,82,4.774243519118844,1986,"{""type"":""MultiPoint"",""coordinates"":[]}"
1_00000000000000000053,84,20.448515669353213,1986,"{""type"":""MultiPoint"",""coordinates"":[]}"
1_00000000000000000055,86,0.007719457885742189,1986,"{""type"":""MultiPoint"",""coordinates"":[]}"
1_00000000000000000057,88,11.002860568778269,1986,"{""type"":""MultiPoint"",""coordinates"":[]}"
1_00000000000000000059,90,1.3447808330214552,1986,"{""type"":""MultiPoint"",""coordinates"":[]}"
1_0000000000000000005b,92,6.839904465709458,1986,"{""type"":""MultiPoint"",""coordinates"":[]}"
1_0000000000000000005d,94,62.38703198789355,1986,"{""type"":""MultiPoint"",""coordinates"":[]}"
1_0000000000000000005f,96,136.31883847390148,1986,"{""type"":""MultiPoint"",""coordinates"":[]}"
1_00000000000000000061,98,87.37375005247215,1986,"{""type"":""MultiPoint"",""coordinates"":[]}"
1_00000000000000000063,100,21.79459337783578,1986,"{""type"":""MultiPoint"",""coordinates"":[]}"
1_00000000000000000065,102,55.858855955914805,1986,"{""type"":""MultiPoint"",""coordinates"":[]}"
1_00000000000000000067,104,16.27834170730128,1986,"{""type"":""MultiPoint"",""coordinates"":[]}"
1_0000000000000000006c,109,1.253824002685549,1986,"{""type"":""MultiPoint"",""coordinates"":[]}"
1_0000000000000000006d,110,13.10943885332784,1986,"{""type"":""MultiPoint"",""coordinates"":[]}"
1_0000000000000000006e,111,0.0,1986,"{""type"":""MultiPoint"",""coordinates"":[]}"
1_0000000000000000006f,112,0.0,1986,"{""type"":""MultiPoint"",""coordinates"":[]}"
1_00000000000000000070,113,1.0530061435642615,1986,"{""type"":""MultiPoint"",""coordinates"":[]}"
1_00000000000000000072,115,22.274927369324423,1986,"{""type"":""MultiPoint"",""coordinates"":[]}"
1_00000000000000000074,117,1.3881762667643194,1986,"{""type"":""MultiPoint"",""coordinates"":[]}"
1_00000000000000000076,119,0.1644304780555874,1986,"{""type"":""MultiPoint"",""coordinates"":[]}"
1_00000000000000000078,121,10.788078759079639,1986,"{""type"":""MultiPoint"",""coordinates"":[]}"
1_00000000000000000079,122,4.823520822310865,1986,"{""type"":""MultiPoint"",""coordinates"":[]}"
1_0000000000000000007a,123,15.817886570861344,1986,"{""type"":""MultiPoint"",""coordinates"":[]}"
1_0000000000000000007b,124,8.046122948662015,1986,"{""type"":""MultiPoint"",""coordinates"":[]}"
1_0000000000000000007d,126,19.093698031398947,1986,"{""type"":""MultiPoint"",""coordinates"":[]}"
1_0000000000000000007f,128,2.7344766626859784,1986,"{""type"":""MultiPoint"",""coordinates"":[]}"
1_00000000000000000081,130,3.8540986231694245,1986,"{""type"":""MultiPoint"",""coordinates"":[]}"
1_00000000000000000083,132,0.4001615519009462,1986,"{""type"":""MultiPoint"",""coordinates"":[]}"
1_00000000000000000085,134,9.079988981258373,1986,"{""type"":""MultiPoint"",""coordinates"":[]}"
1_00000000000000000087,136,0.08065424176025388,1986,"{""type"":""MultiPoint"",""coordinates"":[]}"
1_00000000000000000089,138,0.9753169235949947,1986,"{""type"":""MultiPoint"",""coordinates"":[]}"
1_0000000000000000008b,140,2.591911049742696,1986,"{""type"":""MultiPoint"",""coordinates"":[]}"
1_0000000000000000008c,141,12.479229620093708,1986,"{""type"":""MultiPoint"",""coordinates"":[]}"
1_0000000000000000008d,142,34.77296119341466,1986,"{""type"":""MultiPoint"",""coordinates"":[]}"
1_0000000000000000008e,143,14.79627701860666,1986,"{""type"":""MultiPoint"",""coordinates"":[]}"
1_0000000000000000008f,144,111.6712919905447,1986,"{""type"":""MultiPoint"",""coordinates"":[]}"
2_00000000000000000001,2,4.6339368805542005,1987,"{""type"":""MultiPoint"",""coordinates"":[]}"
2_00000000000000000003,4,0.079105113292739,1987,"{""type"":""MultiPoint"",""coordinates"":[]}"
2_00000000000000000005,6,0.632281154879225,1987,"{""type"":""MultiPoint"",""coordinates"":[]}"
2_00000000000000000007,8,0.8817469621074574,1987,"{""type"":""MultiPoint"",""coordinates"":[]}"
2_00000000000000000009,10,0.30431728022843824,1987,"{""type"":""MultiPoint"",""coordinates"":[]}"
2_0000000000000000000b,12,0.7649738287487535,1987,"{""type"":""MultiPoint"",""coordinates"":[]}"
2_0000000000000000000d,14,0.6724129571126294,1987,"{""type"":""MultiPoint"",""coordinates"":[]}"
2_0000000000000000000f,16,0.6722985509466424,1987,"{""type"":""MultiPoint"",""coordinates"":[]}"
2_00000000000000000011,18,2.3628484277343724,1987,"{""type"":""MultiPoint"",""coordinates"":[]}"
2_00000000000000000013,20,0.7347545269428358,1987,"{""type"":""MultiPoint"",""coordinates"":[]}"
2_00000000000000000015,22,0.09302030822753889,1987,"{""type"":""MultiPoint"",""coordinates"":[]}"
2_00000000000000000017,24,0.15109324841308602,1987,"{""type"":""MultiPoint"",""coordinates"":[]}"
2_00000000000000000019,26,1.142811966888431,1987,"{""type"":""MultiPoint"",""coordinates"":[]}"
2_0000000000000000001a,27,0.0,1987,"{""type"":""MultiPoint"",""coordinates"":[]}"
2_0000000000000000001b,28,9.89458740234375E-4,1987,"{""type"":""MultiPoint"",""coordinates"":[]}"
2_0000000000000000001c,29,3.166963820007372,1987,"{""type"":""MultiPoint"",""coordinates"":[]}"
2_00000000000000000020,33,0.013570547485351563,1987,"{""type"":""MultiPoint"",""coordinates"":[]}"
2_00000000000000000022,35,0.0,1987,"{""type"":""MultiPoint"",""coordinates"":[]}"
2_00000000000000000024,37,0.01191409967041016,1987,"{""type"":""MultiPoint"",""coordinates"":[]}"
2_00000000000000000026,39,0.05182084112548826,1987,"{""type"":""MultiPoint"",""coordinates"":[]}"
2_00000000000000000028,41,0.0,1987,"{""type"":""MultiPoint"",""coordinates"":[]}"
2_0000000000000000002a,43,0.008572614685058594,1987,"{""type"":""MultiPoint"",""coordinates"":[]}"
2_0000000000000000002c,45,0.0,1987,"{""type"":""MultiPoint"",""coordinates"":[]}"
2_0000000000000000002f,48,0.08782106915283203,1987,"{""type"":""MultiPoint"",""coordinates"":[]}"
2_00000000000000000031,50,0.3299048623046871,1987,"{""type"":""MultiPoint"",""coordinates"":[]}"
2_00000000000000000033,52,0.0,1987,"{""type"":""MultiPoint"",""coordinates"":[]}"
2_00000000000000000035,54,0.04566546551513672,1987,"{""type"":""MultiPoint"",""coordinates"":[]}"
2_00000000000000000037,56,0.17223073815917972,1987,"{""type"":""MultiPoint"",""coordinates"":[]}"
2_00000000000000000039,58,0.03593626037597657,1987,"{""type"":""MultiPoint"",""coordinates"":[]}"
2_0000000000000000003b,60,0.0,1987,"{""type"":""MultiPoint"",""coordinates"":[]}"
2_0000000000000000003d,62,0.024256817565917972,1987,"{""type"":""MultiPoint"",""coordinates"":[]}"
2_0000000000000000003f,64,0.005764519348144532,1987,"{""type"":""MultiPoint"",""coordinates"":[]}"
2_00000000000000000041,66,0.002877564453125,1987,"{""type"":""MultiPoint"",""coordinates"":[]}"
2_00000000000000000043,68,0.02877281854248047,1987,"{""type"":""MultiPoint"",""coordinates"":[]}"
2_00000000000000000047,72,0.005761097167968751,1987,"{""type"":""MultiPoint"",""coordinates"":[]}"
2_00000000000000000049,74,0.03179168536376953,1987,"{""type"":""MultiPoint"",""coordinates"":[]}"
2_0000000000000000004b,76,0.05137231429012522,1987,"{""type"":""MultiPoint"",""coordinates"":[]}"
2_0000000000000000004d,78,0.5384524642944337,1987,"{""type"":""MultiPoint"",""coordinates"":[]}"
2_0000000000000000004e,79,0.0,1987,"{""type"":""MultiPoint"",""coordinates"":[]}"
2_00000000000000000050,81,1.2440743490600583,1987,"{""type"":""MultiPoint"",""coordinates"":[]}"
2_00000000000000000052,83,0.001604230553002451,1987,"{""type"":""MultiPoint"",""coordinates"":[]}"
2_00000000000000000054,85,0.013097590148925784,1987,"{""type"":""MultiPoint"",""coordinates"":[]}"
2_00000000000000000056,87,0.0,1987,"{""type"":""MultiPoint"",""coordinates"":[]}"
2_00000000000000000058,89,0.20846902817526317,1987,"{""type"":""MultiPoint"",""coordinates"":[]}"
2_0000000000000000005a,91,0.2610273836049988,1987,"{""type"":""MultiPoint"",""coordinates"":[]}"
2_0000000000000000005c,93,0.1246096295764397,1987,"{""type"":""MultiPoint"",""coordinates"":[]}"
2_0000000000000000005e,95,0.828605485046386,1987,"{""type"":""MultiPoint"",""coordinates"":[]}"
2_00000000000000000060,97,0.16944842761230478,1987,"{""type"":""MultiPoint"",""coordinates"":[]}"
2_00000000000000000062,99,0.02107681451416016,1987,"{""type"":""MultiPoint"",""coordinates"":[]}"
2_00000000000000000064,101,1.3220886708934048,1987,"{""type"":""MultiPoint"",""coordinates"":[]}"
2_00000000000000000066,103,13.525793616672695,1987,"{""type"":""MultiPoint"",""coordinates"":[]}"
2_00000000000000000068,105,0.16906641882324225,1987,"{""type"":""MultiPoint"",""coordinates"":[]}"
2_00000000000000000069,106,0.1516001336669921,1987,"{""type"":""MultiPoint"",""coordinates"":[]}"
2_0000000000000000006a,107,0.0018781629638671875,1987,"{""type"":""MultiPoint"",""coordinates"":[]}"
2_0000000000000000006b,108,0.0,1987,"{""type"":""MultiPoint"",""coordinates"":[]}"
2_00000000000000000071,114,0.3003548100514124,1987,"{""type"":""MultiPoint"",""coordinates"":[]}"
2_00000000000000000073,116,0.261953043325627,1987,"{""type"":""MultiPoint"",""coordinates"":[]}"
2_00000000000000000075,118,1.3263019093158752,1987,"{""type"":""MultiPoint"",""coordinates"":[]}"
2_00000000000000000077,120,0.0666246359521006,1987,"{""type"":""MultiPoint"",""coordinates"":[]}"
2_0000000000000000007c,125,0.0423927543334961,1987,"{""type"":""MultiPoint"",""coordinates"":[]}"
2_0000000000000000007e,127,0.0915446580200196,1987,"{""type"":""MultiPoint"",""coordinates"":[]}"
2_00000000000000000080,129,0.6771987626953125,1987,"{""type"":""MultiPoint"",""coordinates"":[]}"
2_00000000000000000082,131,0.18726418102668313,1987,"{""type"":""MultiPoint"",""coordinates"":[]}"
2_00000000000000000084,133,0.009746011127068015,1987,"{""type"":""MultiPoint"",""coordinates"":[]}"
2_00000000000000000086,135,0.2330318593749996,1987,"{""type"":""MultiPoint"",""coordinates"":[]}"
2_00000000000000000088,137,0.0,1987,"{""type"":""MultiPoint"",""coordinates"":[]}"
2_0000000000000000008a,139,0.0,1987,"{""type"":""MultiPoint"",""coordinates"":[]}"
2_00000000000000000000,1,16.820968917891793,1987,"{""type"":""MultiPoint"",""coordinates"":[]}"
2_00000000000000000002,3,11.755426810453548,1987,"{""type"":""MultiPoint"",""coordinates"":[]}"
2_00000000000000000004,5,6.570216700095233,1987,"{""type"":""MultiPoint"",""coordinates"":[]}"
2_00000000000000000006,7,17.58985033803938,1987,"{""type"":""MultiPoint"",""coordinates"":[]}"
2_00000000000000000008,9,0.6321567671353225,1987,"{""type"":""MultiPoint"",""coordinates"":[]}"
2_0000000000000000000a,11,10.7858027378504,1987,"{""type"":""MultiPoint"",""coordinates"":[]}"
2_0000000000000000000c,13,0.6959921607788098,1987,"{""type"":""MultiPoint"",""coordinates"":[]}"
2_0000000000000000000e,15,4.264052009944641,1987,"{""type"":""MultiPoint"",""coordinates"":[]}"
2_00000000000000000010,17,7.1786246201877955,1987,"{""type"":""MultiPoint"",""coordinates"":[]}"
2_00000000000000000012,19,1.897019127426093,1987,"{""type"":""MultiPoint"",""coordinates"":[]}"
2_00000000000000000014,21,10.201513360590909,1987,"{""type"":""MultiPoint"",""coordinates"":[]}"
2_00000000000000000016,23,4.100742369207406,1987,"{""type"":""MultiPoint"",""coordinates"":[]}"
2_00000000000000000018,25,4.058253589844228,1987,"{""type"":""MultiPoint"",""coordinates"":[]}"
2_0000000000000000001d,30,0.9702617976047977,1987,"{""type"":""MultiPoint"",""coordinates"":[]}"
2_0000000000000000001e,31,0.0,1987,"{""type"":""MultiPoint"",""coordinates"":[]}"
2_0000000000000000001f,32,1.2885759951498588,1987,"{""type"":""MultiPoint"",""coordinates"":[]}"
2_00000000000000000021,34,2.8686170626896885,1987,"{""type"":""MultiPoint"",""coordinates"":[]}"
2_00000000000000000023,36,0.20380435273305844,1987,"{""type"":""MultiPoint"",""coordinates"":[]}"
2_00000000000000000025,38,0.7842194385963601,1987,"{""type"":""MultiPoint"",""coordinates"":[]}"
2_00000000000000000027,40,1.7109041397976705,1987,"{""type"":""MultiPoint"",""coordinates"":[]}"
2_00000000000000000029,42,0.6156691845470951,1987,"{""type"":""MultiPoint"",""coordinates"":[]}"
2_0000000000000000002b,44,6.322229845273597,1987,"{""type"":""MultiPoint"",""coordinates"":[]}"
2_0000000000000000002d,46,2.2250454095892156,1987,"{""type"":""MultiPoint"",""coordinates"":[]}"
2_0000000000000000002e,47,14.227507109510249,1987,"{""type"":""MultiPoint"",""coordinates"":[]}"
2_00000000000000000030,49,1.3402380187069132,1987,"{""type"":""MultiPoint"",""coordinates"":[]}"
2_00000000000000000032,51,6.4721108568610655,1987,"{""type"":""MultiPoint"",""coordinates"":[]}"
2_00000000000000000034,53,0.7061291149983734,1987,"{""type"":""MultiPoint"",""coordinates"":[]}"
2_00000000000000000036,55,9.189946116345933,1987,"{""type"":""MultiPoint"",""coordinates"":[]}"
2_00000000000000000038,57,0.8555734109628704,1987,"{""type"":""MultiPoint"",""coordinates"":[]}"
2_0000000000000000003a,59,9.82189907105338,1987,"{""type"":""MultiPoint"",""coordinates"":[]}"
2_0000000000000000003c,61,10.24879457508525,1987,"{""type"":""MultiPoint"",""coordinates"":[]}"
2_0000000000000000003e,63,1.1348012496337894,1987,"{""type"":""MultiPoint"",""coordinates"":[]}"
2_00000000000000000040,65,4.0132684437904285,1987,"{""type"":""MultiPoint"",""coordinates"":[]}"
2_00000000000000000042,67,0.7124999112905465,1987,"{""type"":""MultiPoint"",""coordinates"":[]}"
2_00000000000000000044,69,0.03223755468750001,1987,"{""type"":""MultiPoint"",""coordinates"":[]}"
2_00000000000000000045,70,0.0,1987,"{""type"":""MultiPoint"",""coordinates"":[]}"
2_00000000000000000046,71,0.26956414782714855,1987,"{""type"":""MultiPoint"",""coordinates"":[]}"
2_00000000000000000048,73,2.969540172293395,1987,"{""type"":""MultiPoint"",""coordinates"":[]}"
2_0000000000000000004a,75,5.376231672616477,1987,"{""type"":""MultiPoint"",""coordinates"":[]}"
2_0000000000000000004c,77,5.453998279658515,1987,"{""type"":""MultiPoint"",""coordinates"":[]}"
2_0000000000000000004f,80,7.4955850173377785,1987,"{""type"":""MultiPoint"",""coordinates"":[]}"
2_00000000000000000051,82,4.786553856842641,1987,"{""type"":""MultiPoint"",""coordinates"":[]}"
2_00000000000000000053,84,20.483421473207773,1987,"{""type"":""MultiPoint"",""coordinates"":[]}"
2_00000000000000000055,86,0.007719457885742189,1987,"{""type"":""MultiPoint"",""coordinates"":[]}"
2_00000000000000000057,88,11.000409322684522,1987,"{""type"":""MultiPoint"",""coordinates"":[]}"
2_00000000000000000059,90,1.3469440144854374,1987,"{""type"":""MultiPoint"",""coordinates"":[]}"
2_0000000000000000005b,92,6.86214846253563,1987,"{""type"":""MultiPoint"",""coordinates"":[]}"
2_0000000000000000005d,94,62.38188315636542,1987,"{""type"":""MultiPoint"",""coordinates"":[]}"
2_0000000000000000005f,96,136.3909563666359,1987,"{""type"":""MultiPoint"",""coordinates"":[]}"
2_00000000000000000061,98,87.36922813963034,1987,"{""type"":""MultiPoint"",""coordinates"":[]}"
2_00000000000000000063,100,21.87087387509186,1987,"{""type"":""MultiPoint"",""coordinates"":[]}"
2_00000000000000000065,102,56.02818379777267,1987,"{""type"":""MultiPoint"",""coordinates"":[]}"
2_00000000000000000067,104,16.302890247706582,1987,"{""type"":""MultiPoint"",""coordinates"":[]}"
2_0000000000000000006c,109,1.253824002685549,1987,"{""type"":""MultiPoint"",""coordinates"":[]}"
2_0000000000000000006d,110,13.116404666255079,1987,"{""type"":""MultiPoint"",""coordinates"":[]}"
2_0000000000000000006e,111,0.0,1987,"{""type"":""MultiPoint"",""coordinates"":[]}"
2_0000000000000000006f,112,0.0,1987,"{""type"":""MultiPoint"",""coordinates"":[]}"
2_00000000000000000070,113,1.0512368736057653,1987,"{""type"":""MultiPoint"",""coordinates"":[]}"
2_00000000000000000072,115,22.200253274319962,1987,"{""type"":""MultiPoint"",""coordinates"":[]}"
2_00000000000000000074,117,1.386457569864905,1987,"{""type"":""MultiPoint"",""coordinates"":[]}"
2_00000000000000000076,119,0.1644304780555874,1987,"{""type"":""MultiPoint"",""coordinates"":[]}"
2_00000000000000000078,121,10.825446578232471,1987,"{""type"":""MultiPoint"",""coordinates"":[]}"
2_00000000000000000079,122,4.8327752896570555,1987,"{""type"":""MultiPoint"",""coordinates"":[]}"
2_0000000000000000007a,123,15.8317049499507,1987,"{""type"":""MultiPoint"",""coordinates"":[]}"
2_0000000000000000007b,124,8.042544353325102,1987,"{""type"":""MultiPoint"",""coordinates"":[]}"
2_0000000000000000007d,126,19.095256700771504,1987,"{""type"":""MultiPoint"",""coordinates"":[]}"
2_0000000000000000007f,128,2.7215075022855877,1987,"{""type"":""MultiPoint"",""coordinates"":[]}"
2_00000000000000000081,130,3.8558654426274317,1987,"{""type"":""MultiPoint"",""coordinates"":[]}"
2_00000000000000000083,132,0.40134495534332904,1987,"{""type"":""MultiPoint"",""coordinates"":[]}"
2_00000000000000000085,134,9.0601185714073,1987,"{""type"":""MultiPoint"",""coordinates"":[]}"
2_00000000000000000087,136,0.08065424176025388,1987,"{""type"":""MultiPoint"",""coordinates"":[]}"
2_00000000000000000089,138,0.9777505670276118,1987,"{""type"":""MultiPoint"",""coordinates"":[]}"
2_0000000000000000008b,140,2.6222750341176955,1987,"{""type"":""MultiPoint"",""coordinates"":[]}"
2_0000000000000000008c,141,12.447969405433069,1987,"{""type"":""MultiPoint"",""coordinates"":[]}"
2_0000000000000000008d,142,34.6861784391422,1987,"{""type"":""MultiPoint"",""coordinates"":[]}"
2_0000000000000000008e,143,14.805989722614871,1987,"{""type"":""MultiPoint"",""coordinates"":[]}"
2_0000000000000000008f,144,111.73284522851455,1987,"{""type"":""MultiPoint"",""coordinates"":[]}"
3_00000000000000000001,2,4.655749728698731,1988,"{""type"":""MultiPoint"",""coordinates"":[]}"
3_00000000000000000003,4,0.08024034150318822,1988,"{""type"":""MultiPoint"",""coordinates"":[]}"
3_00000000000000000005,6,0.6416895376113023,1988,"{""type"":""MultiPoint"",""coordinates"":[]}"
3_00000000000000000007,8,0.8817469621074574,1988,"{""type"":""MultiPoint"",""coordinates"":[]}"
3_00000000000000000009,10,0.3070413412025594,1988,"{""type"":""MultiPoint"",""coordinates"":[]}"
3_0000000000000000000b,12,0.7628118123913316,1988,"{""type"":""MultiPoint"",""coordinates"":[]}"
3_0000000000000000000d,14,0.6627559265340163,1988,"{""type"":""MultiPoint"",""coordinates"":[]}"
3_0000000000000000000f,16,0.6749468085760372,1988,"{""type"":""MultiPoint"",""coordinates"":[]}"
3_00000000000000000011,18,2.363907898193357,1988,"{""type"":""MultiPoint"",""coordinates"":[]}"
3_00000000000000000013,20,0.7263178332172496,1988,"{""type"":""MultiPoint"",""coordinates"":[]}"
3_00000000000000000015,22,0.09302030822753889,1988,"{""type"":""MultiPoint"",""coordinates"":[]}"
3_00000000000000000017,24,0.1515978303222657,1988,"{""type"":""MultiPoint"",""coordinates"":[]}"
3_00000000000000000019,26,1.1462755472106958,1988,"{""type"":""MultiPoint"",""coordinates"":[]}"
3_0000000000000000001a,27,0.0,1988,"{""type"":""MultiPoint"",""coordinates"":[]}"
3_0000000000000000001b,28,9.89458740234375E-4,1988,"{""type"":""MultiPoint"",""coordinates"":[]}"
3_0000000000000000001c,29,3.1631934414978504,1988,"{""type"":""MultiPoint"",""coordinates"":[]}"
3_00000000000000000020,33,0.013570547485351563,1988,"{""type"":""MultiPoint"",""coordinates"":[]}"
3_00000000000000000022,35,0.0,1988,"{""type"":""MultiPoint"",""coordinates"":[]}"
3_00000000000000000024,37,0.01191409967041016,1988,"{""type"":""MultiPoint"",""coordinates"":[]}"
3_00000000000000000026,39,0.05182084112548826,1988,"{""type"":""MultiPoint"",""coordinates"":[]}"
3_00000000000000000028,41,0.0,1988,"{""type"":""MultiPoint"",""coordinates"":[]}"
3_0000000000000000002a,43,0.009581634826660156,1988,"{""type"":""MultiPoint"",""coordinates"":[]}"
3_0000000000000000002c,45,0.0,1988,"{""type"":""MultiPoint"",""coordinates"":[]}"
3_0000000000000000002f,48,0.09103690545654297,1988,"{""type"":""MultiPoint"",""coordinates"":[]}"
3_00000000000000000031,50,0.3412230700683593,1988,"{""type"":""MultiPoint"",""coordinates"":[]}"
3_00000000000000000033,52,0.0,1988,"{""type"":""MultiPoint"",""coordinates"":[]}"
3_00000000000000000035,54,0.04566546551513672,1988,"{""type"":""MultiPoint"",""coordinates"":[]}"
3_00000000000000000037,56,0.17223073815917972,1988,"{""type"":""MultiPoint"",""coordinates"":[]}"
3_00000000000000000039,58,0.03593626037597657,1988,"{""type"":""MultiPoint"",""coordinates"":[]}"
3_0000000000000000003b,60,0.0,1988,"{""type"":""MultiPoint"",""coordinates"":[]}"
3_0000000000000000003d,62,0.024256817565917972,1988,"{""type"":""MultiPoint"",""coordinates"":[]}"
3_0000000000000000003f,64,0.005764519348144532,1988,"{""type"":""MultiPoint"",""coordinates"":[]}"
3_00000000000000000041,66,0.002877564453125,1988,"{""type"":""MultiPoint"",""coordinates"":[]}"
3_00000000000000000043,68,0.03625300689697264,1988,"{""type"":""MultiPoint"",""coordinates"":[]}"
3_00000000000000000047,72,0.008065358093261718,1988,"{""type"":""MultiPoint"",""coordinates"":[]}"
3_00000000000000000049,74,0.028259219055175786,1988,"{""type"":""MultiPoint"",""coordinates"":[]}"
3_0000000000000000004b,76,0.05137231429012522,1988,"{""type"":""MultiPoint"",""coordinates"":[]}"
3_0000000000000000004d,78,0.5318504910888673,1988,"{""type"":""MultiPoint"",""coordinates"":[]}"
3_0000000000000000004e,79,0.0,1988,"{""type"":""MultiPoint"",""coordinates"":[]}"
3_00000000000000000050,81,1.234162117614746,1988,"{""type"":""MultiPoint"",""coordinates"":[]}"
3_00000000000000000052,83,0.001604230553002451,1988,"{""type"":""MultiPoint"",""coordinates"":[]}"
3_00000000000000000054,85,0.013097590148925784,1988,"{""type"":""MultiPoint"",""coordinates"":[]}"
3_00000000000000000056,87,0.0,1988,"{""type"":""MultiPoint"",""coordinates"":[]}"
3_00000000000000000058,89,0.20846902817526317,1988,"{""type"":""MultiPoint"",""coordinates"":[]}"
3_0000000000000000005a,91,0.2610273836049988,1988,"{""type"":""MultiPoint"",""coordinates"":[]}"
3_0000000000000000005c,93,0.12702042828249438,1988,"{""type"":""MultiPoint"",""coordinates"":[]}"
3_0000000000000000005e,95,0.8249208153076165,1988,"{""type"":""MultiPoint"",""coordinates"":[]}"
3_00000000000000000060,97,0.16944842761230478,1988,"{""type"":""MultiPoint"",""coordinates"":[]}"
3_00000000000000000062,99,0.02107681451416016,1988,"{""type"":""MultiPoint"",""coordinates"":[]}"
3_00000000000000000064,101,1.3303347180735805,1988,"{""type"":""MultiPoint"",""coordinates"":[]}"
3_00000000000000000066,103,13.634535903843116,1988,"{""type"":""MultiPoint"",""coordinates"":[]}"
3_00000000000000000068,105,0.15392872558593762,1988,"{""type"":""MultiPoint"",""coordinates"":[]}"
3_00000000000000000069,106,0.1566129384155272,1988,"{""type"":""MultiPoint"",""coordinates"":[]}"
3_0000000000000000006a,107,0.0018781629638671875,1988,"{""type"":""MultiPoint"",""coordinates"":[]}"
3_0000000000000000006b,108,0.0,1988,"{""type"":""MultiPoint"",""coordinates"":[]}"
3_00000000000000000071,114,0.2968266068043421,1988,"{""type"":""MultiPoint"",""coordinates"":[]}"
3_00000000000000000073,116,0.261953043325627,1988,"{""type"":""MultiPoint"",""coordinates"":[]}"
3_00000000000000000075,118,1.3263019093158752,1988,"{""type"":""MultiPoint"",""coordinates"":[]}"
3_00000000000000000077,120,0.0666246359521006,1988,"{""type"":""MultiPoint"",""coordinates"":[]}"
3_0000000000000000007c,125,0.0423927543334961,1988,"{""type"":""MultiPoint"",""coordinates"":[]}"
3_0000000000000000007e,127,0.0915446580200196,1988,"{""type"":""MultiPoint"",""coordinates"":[]}"
3_00000000000000000080,129,0.6754334483032227,1988,"{""type"":""MultiPoint"",""coordinates"":[]}"
3_00000000000000000082,131,0.18131104748176124,1988,"{""type"":""MultiPoint"",""coordinates"":[]}"
3_00000000000000000084,133,0.009746011127068015,1988,"{""type"":""MultiPoint"",""coordinates"":[]}"
3_00000000000000000086,135,0.23303177569580036,1988,"{""type"":""MultiPoint"",""coordinates"":[]}"
3_00000000000000000088,137,0.0,1988,"{""type"":""MultiPoint"",""coordinates"":[]}"
3_0000000000000000008a,139,0.0,1988,"{""type"":""MultiPoint"",""coordinates"":[]}"
3_00000000000000000000,1,16.882349410994813,1988,"{""type"":""MultiPoint"",""coordinates"":[]}"
3_00000000000000000002,3,11.713972313264039,1988,"{""type"":""MultiPoint"",""coordinates"":[]}"
3_00000000000000000004,5,6.550431007606867,1988,"{""type"":""MultiPoint"",""coordinates"":[]}"
3_00000000000000000006,7,17.571776082973468,1988,"{""type"":""MultiPoint"",""coordinates"":[]}"
3_00000000000000000008,9,0.6299521666104202,1988,"{""type"":""MultiPoint"",""coordinates"":[]}"
3_0000000000000000000a,11,10.734981154903622,1988,"{""type"":""MultiPoint"",""coordinates"":[]}"
3_0000000000000000000c,13,0.6942720161207023,1988,"{""type"":""MultiPoint"",""coordinates"":[]}"
3_0000000000000000000e,15,4.255517924190246,1988,"{""type"":""MultiPoint"",""coordinates"":[]}"
3_00000000000000000010,17,7.1701655124607475,1988,"{""type"":""MultiPoint"",""coordinates"":[]}"
3_00000000000000000012,19,1.8964847747649611,1988,"{""type"":""MultiPoint"",""coordinates"":[]}"
3_00000000000000000014,21,10.216704241133385,1988,"{""type"":""MultiPoint"",""coordinates"":[]}"
3_00000000000000000016,23,4.082235532934214,1988,"{""type"":""MultiPoint"",""coordinates"":[]}"
3_00000000000000000018,25,4.0458362180180565,1988,"{""type"":""MultiPoint"",""coordinates"":[]}"
3_0000000000000000001d,30,0.9716558277256473,1988,"{""type"":""MultiPoint"",""coordinates"":[]}"
3_0000000000000000001e,31,0.0,1988,"{""type"":""MultiPoint"",""coordinates"":[]}"
3_0000000000000000001f,32,1.309168776369342,1988,"{""type"":""MultiPoint"",""coordinates"":[]}"
3_00000000000000000021,34,2.892756286841299,1988,"{""type"":""MultiPoint"",""coordinates"":[]}"
3_00000000000000000023,36,0.20380435273305844,1988,"{""type"":""MultiPoint"",""coordinates"":[]}"
3_00000000000000000025,38,0.7951837915016335,1988,"{""type"":""MultiPoint"",""coordinates"":[]}"
3_00000000000000000027,40,1.7219127011380029,1988,"{""type"":""MultiPoint"",""coordinates"":[]}"
3_00000000000000000029,42,0.626256437141089,1988,"{""type"":""MultiPoint"",""coordinates"":[]}"
3_0000000000000000002b,44,6.395174525677363,1988,"{""type"":""MultiPoint"",""coordinates"":[]}"
3_0000000000000000002d,46,2.224014191815778,1988,"{""type"":""MultiPoint"",""coordinates"":[]}"
3_0000000000000000002e,47,14.26911708387549,1988,"{""type"":""MultiPoint"",""coordinates"":[]}"
3_00000000000000000030,49,1.3445431761165811,1988,"{""type"":""MultiPoint"",""coordinates"":[]}"
3_00000000000000000032,51,6.498168876329605,1988,"{""type"":""MultiPoint"",""coordinates"":[]}"
3_00000000000000000034,53,0.7061291149983734,1988,"{""type"":""MultiPoint"",""coordinates"":[]}"
3_00000000000000000036,55,9.176634661328844,1988,"{""type"":""MultiPoint"",""coordinates"":[]}"
3_00000000000000000038,57,0.8566884676034955,1988,"{""type"":""MultiPoint"",""coordinates"":[]}"
3_0000000000000000003a,59,9.817982071953589,1988,"{""type"":""MultiPoint"",""coordinates"":[]}"
3_0000000000000000003c,61,10.25052380353984,1988,"{""type"":""MultiPoint"",""coordinates"":[]}"
3_0000000000000000003e,63,1.1359541921997072,1988,"{""type"":""MultiPoint"",""coordinates"":[]}"
3_00000000000000000040,65,4.0103817583045895,1988,"{""type"":""MultiPoint"",""coordinates"":[]}"
3_00000000000000000042,67,0.7194137164052923,1988,"{""type"":""MultiPoint"",""coordinates"":[]}"
3_00000000000000000044,69,0.03223755468750001,1988,"{""type"":""MultiPoint"",""coordinates"":[]}"
3_00000000000000000045,70,0.0,1988,"{""type"":""MultiPoint"",""coordinates"":[]}"
3_00000000000000000046,71,0.26956414782714855,1988,"{""type"":""MultiPoint"",""coordinates"":[]}"
3_00000000000000000048,73,2.9777293037032835,1988,"{""type"":""MultiPoint"",""coordinates"":[]}"
3_0000000000000000004a,75,5.368131714980619,1988,"{""type"":""MultiPoint"",""coordinates"":[]}"
3_0000000000000000004c,77,5.4617416251175,1988,"{""type"":""MultiPoint"",""coordinates"":[]}"
3_0000000000000000004f,80,7.502274116336802,1988,"{""type"":""MultiPoint"",""coordinates"":[]}"
3_00000000000000000051,82,4.844253894745469,1988,"{""type"":""MultiPoint"",""coordinates"":[]}"
3_00000000000000000053,84,20.548628731989655,1988,"{""type"":""MultiPoint"",""coordinates"":[]}"
3_00000000000000000055,86,0.007719457885742189,1988,"{""type"":""MultiPoint"",""coordinates"":[]}"
3_00000000000000000057,88,10.981130195487257,1988,"{""type"":""MultiPoint"",""coordinates"":[]}"
3_00000000000000000059,90,1.343656643245921,1988,"{""type"":""MultiPoint"",""coordinates"":[]}"
3_0000000000000000005b,92,6.891034187180189,1988,"{""type"":""MultiPoint"",""coordinates"":[]}"
3_0000000000000000005d,94,62.36493841164627,1988,"{""type"":""MultiPoint"",""coordinates"":[]}"
3_0000000000000000005f,96,136.37143652927426,1988,"{""type"":""MultiPoint"",""coordinates"":[]}"
3_00000000000000000061,98,87.41194159830955,1988,"{""type"":""MultiPoint"",""coordinates"":[]}"
3_00000000000000000063,100,21.88181250472264,1988,"{""type"":""MultiPoint"",""coordinates"":[]}"
3_00000000000000000065,102,56.195715741376176,1988,"{""type"":""MultiPoint"",""coordinates"":[]}"
3_00000000000000000067,104,16.28212982778471,1988,"{""type"":""MultiPoint"",""coordinates"":[]}"
3_0000000000000000006c,109,1.253824002685549,1988,"{""type"":""MultiPoint"",""coordinates"":[]}"
3_0000000000000000006d,110,13.17098883489523,1988,"{""type"":""MultiPoint"",""coordinates"":[]}"
3_0000000000000000006e,111,0.0,1988,"{""type"":""MultiPoint"",""coordinates"":[]}"
3_0000000000000000006f,112,0.0,1988,"{""type"":""MultiPoint"",""coordinates"":[]}"
3_00000000000000000070,113,1.0441246170750036,1988,"{""type"":""MultiPoint"",""coordinates"":[]}"
3_00000000000000000072,115,22.129203812600498,1988,"{""type"":""MultiPoint"",""coordinates"":[]}"
3_00000000000000000074,117,1.3784245776163706,1988,"{""type"":""MultiPoint"",""coordinates"":[]}"
3_00000000000000000076,119,0.16327383181535302,1988,"{""type"":""MultiPoint"",""coordinates"":[]}"
3_00000000000000000078,121,10.818130108322801,1988,"{""type"":""MultiPoint"",""coordinates"":[]}"
3_00000000000000000079,122,4.78902360990852,1988,"{""type"":""MultiPoint"",""coordinates"":[]}"
3_0000000000000000007a,123,15.807313758792178,1988,"{""type"":""MultiPoint"",""coordinates"":[]}"
3_0000000000000000007b,124,8.03193311253399,1988,"{""type"":""MultiPoint"",""coordinates"":[]}"
3_0000000000000000007d,126,19.089725800461782,1988,"{""type"":""MultiPoint"",""coordinates"":[]}"
3_0000000000000000007f,128,2.72973775515424,1988,"{""type"":""MultiPoint"",""coordinates"":[]}"
3_00000000000000000081,130,3.8476622948002834,1988,"{""type"":""MultiPoint"",""coordinates"":[]}"
3_00000000000000000083,132,0.3960085759487978,1988,"{""type"":""MultiPoint"",""coordinates"":[]}"
3_00000000000000000085,134,9.029851468502025,1988,"{""type"":""MultiPoint"",""coordinates"":[]}"
3_00000000000000000087,136,0.08065424176025388,1988,"{""type"":""MultiPoint"",""coordinates"":[]}"
3_00000000000000000089,138,0.9765293839831782,1988,"{""type"":""MultiPoint"",""coordinates"":[]}"
3_0000000000000000008b,140,2.624716027525898,1988,"{""type"":""MultiPoint"",""coordinates"":[]}"
3_0000000000000000008c,141,12.35952769950046,1988,"{""type"":""MultiPoint"",""coordinates"":[]}"
3_0000000000000000008d,142,34.65945998581614,1988,"{""type"":""MultiPoint"",""coordinates"":[]}"
3_0000000000000000008e,143,14.79630040648435,1988,"{""type"":""MultiPoint"",""coordinates"":[]}"
3_0000000000000000008f,144,111.76554074703095,1988,"{""type"":""MultiPoint"",""coordinates"":[]}"
4_00000000000000000001,2,4.657490774230959,1989,"{""type"":""MultiPoint"",""coordinates"":[]}"
4_00000000000000000003,4,0.08420959846119604,1989,"{""type"":""MultiPoint"",""coordinates"":[]}"
4_00000000000000000005,6,0.6437993793655725,1989,"{""type"":""MultiPoint"",""coordinates"":[]}"
4_00000000000000000007,8,0.8817469621074574,1989,"{""type"":""MultiPoint"",""coordinates"":[]}"
4_00000000000000000009,10,0.3064964922645711,1989,"{""type"":""MultiPoint"",""coordinates"":[]}"
4_0000000000000000000b,12,0.7827856903210185,1989,"{""type"":""MultiPoint"",""coordinates"":[]}"
4_0000000000000000000d,14,0.6654391203206372,1989,"{""type"":""MultiPoint"",""coordinates"":[]}"
4_0000000000000000000f,16,0.685014804242541,1989,"{""type"":""MultiPoint"",""coordinates"":[]}"
4_00000000000000000011,18,2.3575473386840793,1989,"{""type"":""MultiPoint"",""coordinates"":[]}"
4_00000000000000000013,20,0.7252613020893198,1989,"{""type"":""MultiPoint"",""coordinates"":[]}"
4_00000000000000000015,22,0.09302030822753889,1989,"{""type"":""MultiPoint"",""coordinates"":[]}"
4_00000000000000000017,24,0.14502974984741218,1989,"{""type"":""MultiPoint"",""coordinates"":[]}"
4_00000000000000000019,26,1.1259310492858912,1989,"{""type"":""MultiPoint"",""coordinates"":[]}"
4_0000000000000000001a,27,0.0,1989,"{""type"":""MultiPoint"",""coordinates"":[]}"
4_0000000000000000001b,28,9.89458740234375E-4,1989,"{""type"":""MultiPoint"",""coordinates"":[]}"
4_0000000000000000001c,29,3.1415313984680626,1989,"{""type"":""MultiPoint"",""coordinates"":[]}"
4_00000000000000000020,33,0.013570547485351563,1989,"{""type"":""MultiPoint"",""coordinates"":[]}"
4_00000000000000000022,35,0.0,1989,"{""type"":""MultiPoint"",""coordinates"":[]}"
4_00000000000000000024,37,0.01191409967041016,1989,"{""type"":""MultiPoint"",""coordinates"":[]}"
4_00000000000000000026,39,0.05630545422363281,1989,"{""type"":""MultiPoint"",""coordinates"":[]}"
4_00000000000000000028,41,0.0,1989,"{""type"":""MultiPoint"",""coordinates"":[]}"
4_0000000000000000002a,43,0.009581634826660156,1989,"{""type"":""MultiPoint"",""coordinates"":[]}"
4_0000000000000000002c,45,0.0,1989,"{""type"":""MultiPoint"",""coordinates"":[]}"
4_0000000000000000002f,48,0.09103690545654297,1989,"{""type"":""MultiPoint"",""coordinates"":[]}"
4_00000000000000000031,50,0.3412230700683593,1989,"{""type"":""MultiPoint"",""coordinates"":[]}"
4_00000000000000000033,52,0.0,1989,"{""type"":""MultiPoint"",""coordinates"":[]}"
4_00000000000000000035,54,0.04566546551513672,1989,"{""type"":""MultiPoint"",""coordinates"":[]}"
4_00000000000000000037,56,0.17223073815917972,1989,"{""type"":""MultiPoint"",""coordinates"":[]}"
4_00000000000000000039,58,0.03593626037597657,1989,"{""type"":""MultiPoint"",""coordinates"":[]}"
4_0000000000000000003b,60,0.0,1989,"{""type"":""MultiPoint"",""coordinates"":[]}"
4_0000000000000000003d,62,0.024256817565917972,1989,"{""type"":""MultiPoint"",""coordinates"":[]}"
4_0000000000000000003f,64,0.005764519348144532,1989,"{""type"":""MultiPoint"",""coordinates"":[]}"
4_00000000000000000041,66,0.002877564453125,1989,"{""type"":""MultiPoint"",""coordinates"":[]}"
4_00000000000000000043,68,0.03625300689697264,1989,"{""type"":""MultiPoint"",""coordinates"":[]}"
4_00000000000000000047,72,0.005761097167968751,1989,"{""type"":""MultiPoint"",""coordinates"":[]}"
4_00000000000000000049,74,0.028259219055175786,1989,"{""type"":""MultiPoint"",""coordinates"":[]}"
4_0000000000000000004b,76,0.05373859492977366,1989,"{""type"":""MultiPoint"",""coordinates"":[]}"
4_0000000000000000004d,78,0.5294518596191408,1989,"{""type"":""MultiPoint"",""coordinates"":[]}"
4_0000000000000000004e,79,0.0,1989,"{""type"":""MultiPoint"",""coordinates"":[]}"
4_00000000000000000050,81,1.223652995361328,1989,"{""type"":""MultiPoint"",""coordinates"":[]}"
4_00000000000000000052,83,0.001604230553002451,1989,"{""type"":""MultiPoint"",""coordinates"":[]}"
4_00000000000000000054,85,0.013097590148925784,1989,"{""type"":""MultiPoint"",""coordinates"":[]}"
4_00000000000000000056,87,0.0,1989,"{""type"":""MultiPoint"",""coordinates"":[]}"
4_00000000000000000058,89,0.20846902817526317,1989,"{""type"":""MultiPoint"",""coordinates"":[]}"
4_0000000000000000005a,91,0.2610273836049988,1989,"{""type"":""MultiPoint"",""coordinates"":[]}"
4_0000000000000000005c,93,0.12820688064275976,1989,"{""type"":""MultiPoint"",""coordinates"":[]}"
4_0000000000000000005e,95,0.8175423115234367,1989,"{""type"":""MultiPoint"",""coordinates"":[]}"
4_00000000000000000060,97,0.16944842761230478,1989,"{""type"":""MultiPoint"",""coordinates"":[]}"
4_00000000000000000062,99,0.02107681451416016,1989,"{""type"":""MultiPoint"",""coordinates"":[]}"
4_00000000000000000064,101,1.3138326433055134,1989,"{""type"":""MultiPoint"",""coordinates"":[]}"
4_00000000000000000066,103,13.600846855930525,1989,"{""type"":""MultiPoint"",""coordinates"":[]}"
4_00000000000000000068,105,0.1539205312500001,1989,"{""type"":""MultiPoint"",""coordinates"":[]}"
4_00000000000000000069,106,0.15474058050537093,1989,"{""type"":""MultiPoint"",""coordinates"":[]}"
4_0000000000000000006a,107,0.0018781629638671875,1989,"{""type"":""MultiPoint"",""coordinates"":[]}"
4_0000000000000000006b,108,0.0,1989,"{""type"":""MultiPoint"",""coordinates"":[]}"
4_00000000000000000071,114,0.2979727457617659,1989,"{""type"":""MultiPoint"",""coordinates"":[]}"
4_00000000000000000073,116,0.2630978594267012,1989,"{""type"":""MultiPoint"",""coordinates"":[]}"
4_00000000000000000075,118,1.325727320143512,1989,"{""type"":""MultiPoint"",""coordinates"":[]}"
4_00000000000000000077,120,0.06604597213374122,1989,"{""type"":""MultiPoint"",""coordinates"":[]}"
4_0000000000000000007c,125,0.0423927543334961,1989,"{""type"":""MultiPoint"",""coordinates"":[]}"
4_0000000000000000007e,127,0.0915446580200196,1989,"{""type"":""MultiPoint"",""coordinates"":[]}"
4_00000000000000000080,129,0.6754334483032227,1989,"{""type"":""MultiPoint"",""coordinates"":[]}"
4_00000000000000000082,131,0.18428348138068706,1989,"{""type"":""MultiPoint"",""coordinates"":[]}"
4_00000000000000000084,133,0.009746011127068015,1989,"{""type"":""MultiPoint"",""coordinates"":[]}"
4_00000000000000000086,135,0.23303177569580036,1989,"{""type"":""MultiPoint"",""coordinates"":[]}"
4_00000000000000000088,137,0.0,1989,"{""type"":""MultiPoint"",""coordinates"":[]}"
4_0000000000000000008a,139,0.0,1989,"{""type"":""MultiPoint"",""coordinates"":[]}"
4_00000000000000000000,1,16.923080434188194,1989,"{""type"":""MultiPoint"",""coordinates"":[]}"
4_00000000000000000002,3,11.673483328406746,1989,"{""type"":""MultiPoint"",""coordinates"":[]}"
4_00000000000000000004,5,6.509999541931123,1989,"{""type"":""MultiPoint"",""coordinates"":[]}"
4_00000000000000000006,7,17.539235346828445,1989,"{""type"":""MultiPoint"",""coordinates"":[]}"
4_00000000000000000008,9,0.6293904160611038,1989,"{""type"":""MultiPoint"",""coordinates"":[]}"
4_0000000000000000000a,11,10.69737225219366,1989,"{""type"":""MultiPoint"",""coordinates"":[]}"
4_0000000000000000000c,13,0.692114009406835,1989,"{""type"":""MultiPoint"",""coordinates"":[]}"
4_0000000000000000000e,15,4.2512609642903465,1989,"{""type"":""MultiPoint"",""coordinates"":[]}"
4_00000000000000000010,17,7.1467636204929725,1989,"{""type"":""MultiPoint"",""coordinates"":[]}"
4_00000000000000000012,19,1.886989692428535,1989,"{""type"":""MultiPoint"",""coordinates"":[]}"
4_00000000000000000014,21,10.201950465925862,1989,"{""type"":""MultiPoint"",""coordinates"":[]}"
4_00000000000000000016,23,4.056106080297493,1989,"{""type"":""MultiPoint"",""coordinates"":[]}"
4_00000000000000000018,25,4.045235418243885,1989,"{""type"":""MultiPoint"",""coordinates"":[]}"
4_0000000000000000001d,30,0.9688702329990839,1989,"{""type"":""MultiPoint"",""coordinates"":[]}"
4_0000000000000000001e,31,0.0,1989,"{""type"":""MultiPoint"",""coordinates"":[]}"
4_0000000000000000001f,32,1.3149782819845766,1989,"{""type"":""MultiPoint"",""coordinates"":[]}"
4_00000000000000000021,34,2.90301189533129,1989,"{""type"":""MultiPoint"",""coordinates"":[]}"
4_00000000000000000023,36,0.20380435273305844,1989,"{""type"":""MultiPoint"",""coordinates"":[]}"
4_00000000000000000025,38,0.7961757320839089,1989,"{""type"":""MultiPoint"",""coordinates"":[]}"
4_00000000000000000027,40,1.723074573356954,1989,"{""type"":""MultiPoint"",""coordinates"":[]}"
4_00000000000000000029,42,0.6282678993603275,1989,"{""type"":""MultiPoint"",""coordinates"":[]}"
4_0000000000000000002b,44,6.456462949383418,1989,"{""type"":""MultiPoint"",""coordinates"":[]}"
4_0000000000000000002d,46,2.2451538203558163,1989,"{""type"":""MultiPoint"",""coordinates"":[]}"
4_0000000000000000002e,47,14.351008186902831,1989,"{""type"":""MultiPoint"",""coordinates"":[]}"
4_00000000000000000030,49,1.358537412444707,1989,"{""type"":""MultiPoint"",""coordinates"":[]}"
4_00000000000000000032,51,6.49790211938955,1989,"{""type"":""MultiPoint"",""coordinates"":[]}"
4_00000000000000000034,53,0.7061291149983733,1989,"{""type"":""MultiPoint"",""coordinates"":[]}"
4_00000000000000000036,55,9.177842178174549,1989,"{""type"":""MultiPoint"",""coordinates"":[]}"
4_00000000000000000038,57,0.8566884676034955,1989,"{""type"":""MultiPoint"",""coordinates"":[]}"
4_0000000000000000003a,59,9.829920945671857,1989,"{""type"":""MultiPoint"",""coordinates"":[]}"
4_0000000000000000003c,61,10.255711282421673,1989,"{""type"":""MultiPoint"",""coordinates"":[]}"
4_0000000000000000003e,63,1.1359541921997072,1989,"{""type"":""MultiPoint"",""coordinates"":[]}"
4_00000000000000000040,65,4.0144187614173825,1989,"{""type"":""MultiPoint"",""coordinates"":[]}"
4_00000000000000000042,67,0.729332097510004,1989,"{""type"":""MultiPoint"",""coordinates"":[]}"
4_00000000000000000044,69,0.03569179571533203,1989,"{""type"":""MultiPoint"",""coordinates"":[]}"
4_00000000000000000045,70,0.0,1989,"{""type"":""MultiPoint"",""coordinates"":[]}"
4_00000000000000000046,71,0.27129136175537116,1989,"{""type"":""MultiPoint"",""coordinates"":[]}"
4_00000000000000000048,73,2.984910093275128,1989,"{""type"":""MultiPoint"",""coordinates"":[]}"
4_0000000000000000004a,75,5.369897928481595,1989,"{""type"":""MultiPoint"",""coordinates"":[]}"
4_0000000000000000004c,77,5.464119469050604,1989,"{""type"":""MultiPoint"",""coordinates"":[]}"
4_0000000000000000004f,80,7.5219059623451034,1989,"{""type"":""MultiPoint"",""coordinates"":[]}"
4_00000000000000000051,82,4.850401298859237,1989,"{""type"":""MultiPoint"",""coordinates"":[]}"
4_00000000000000000053,84,20.540093927180084,1989,"{""type"":""MultiPoint"",""coordinates"":[]}"
4_00000000000000000055,86,0.00771944842529297,1989,"{""type"":""MultiPoint"",""coordinates"":[]}"
4_00000000000000000057,88,10.996204844762252,1989,"{""type"":""MultiPoint"",""coordinates"":[]}"
4_00000000000000000059,90,1.34124814678596,1989,"{""type"":""MultiPoint"",""coordinates"":[]}"
4_0000000000000000005b,92,6.8988921946552,1989,"{""type"":""MultiPoint"",""coordinates"":[]}"
4_0000000000000000005d,94,62.38673296944651,1989,"{""type"":""MultiPoint"",""coordinates"":[]}"
4_0000000000000000005f,96,136.42310260214953,1989,"{""type"":""MultiPoint"",""coordinates"":[]}"
4_00000000000000000061,98,87.36767983982558,1989,"{""type"":""MultiPoint"",""coordinates"":[]}"
4_00000000000000000063,100,21.90099582512609,1989,"{""type"":""MultiPoint"",""coordinates"":[]}"
4_00000000000000000065,102,56.708457866742165,1989,"{""type"":""MultiPoint"",""coordinates"":[]}"
4_00000000000000000067,104,16.39203510592195,1989,"{""type"":""MultiPoint"",""coordinates"":[]}"
4_0000000000000000006c,109,1.253824002685549,1989,"{""type"":""MultiPoint"",""coordinates"":[]}"
4_0000000000000000006d,110,13.198269049006583,1989,"{""type"":""MultiPoint"",""coordinates"":[]}"
4_0000000000000000006e,111,0.0,1989,"{""type"":""MultiPoint"",""coordinates"":[]}"
4_0000000000000000006f,112,0.0,1989,"{""type"":""MultiPoint"",""coordinates"":[]}"
4_00000000000000000070,113,1.0405717706394566,1989,"{""type"":""MultiPoint"",""coordinates"":[]}"
4_00000000000000000072,115,22.07491979327414,1989,"{""type"":""MultiPoint"",""coordinates"":[]}"
4_00000000000000000074,117,1.3715474625651012,1989,"{""type"":""MultiPoint"",""coordinates"":[]}"
4_00000000000000000076,119,0.16327383181535302,1989,"{""type"":""MultiPoint"",""coordinates"":[]}"
4_00000000000000000078,121,10.816243317612352,1989,"{""type"":""MultiPoint"",""coordinates"":[]}"
4_00000000000000000079,122,4.773529428817214,1989,"{""type"":""MultiPoint"",""coordinates"":[]}"
4_0000000000000000007a,123,15.734439148806821,1989,"{""type"":""MultiPoint"",""coordinates"":[]}"
4_0000000000000000007b,124,8.041518036606256,1989,"{""type"":""MultiPoint"",""coordinates"":[]}"
4_0000000000000000007d,126,19.0361144471903,1989,"{""type"":""MultiPoint"",""coordinates"":[]}"
4_0000000000000000007f,128,2.700341500027287,1989,"{""type"":""MultiPoint"",""coordinates"":[]}"
4_00000000000000000081,130,3.8318697301030182,1989,"{""type"":""MultiPoint"",""coordinates"":[]}"
4_00000000000000000083,132,0.40136345198639545,1989,"{""type"":""MultiPoint"",""coordinates"":[]}"
4_00000000000000000085,134,8.913649683711988,1989,"{""type"":""MultiPoint"",""coordinates"":[]}"
4_00000000000000000087,136,0.08065424176025388,1989,"{""type"":""MultiPoint"",""coordinates"":[]}"
4_00000000000000000089,138,0.9740994033923579,1989,"{""type"":""MultiPoint"",""coordinates"":[]}"
4_0000000000000000008b,140,2.620471646239278,1989,"{""type"":""MultiPoint"",""coordinates"":[]}"
4_0000000000000000008c,141,12.259357784705537,1989,"{""type"":""MultiPoint"",""coordinates"":[]}"
4_0000000000000000008d,142,34.57432722486284,1989,"{""type"":""MultiPoint"",""coordinates"":[]}"
4_0000000000000000008e,143,14.812394026010328,1989,"{""type"":""MultiPoint"",""coordinates"":[]}"
4_0000000000000000008f,144,111.64964005224006,1989,"{""type"":""MultiPoint"",""coordinates"":[]}"
5_00000000000000000001,2,4.6791645055542,1990,"{""type"":""MultiPoint"",""coordinates"":[]}"
5_00000000000000000003,4,0.08761624055103977,1990,"{""type"":""MultiPoint"",""coordinates"":[]}"
5_00000000000000000005,6,0.6392716601272912,1990,"{""type"":""MultiPoint"",""coordinates"":[]}"
5_00000000000000000007,8,0.8817469621074574,1990,"{""type"":""MultiPoint"",""coordinates"":[]}"
5_00000000000000000009,10,0.311401521561446,1990,"{""type"":""MultiPoint"",""coordinates"":[]}"
5_0000000000000000000b,12,0.7881825150280494,1990,"{""type"":""MultiPoint"",""coordinates"":[]}"
5_0000000000000000000d,14,0.688509577107748,1990,"{""type"":""MultiPoint"",""coordinates"":[]}"
5_0000000000000000000f,16,0.6790154584388878,1990,"{""type"":""MultiPoint"",""coordinates"":[]}"
5_00000000000000000011,18,2.3442713947143514,1990,"{""type"":""MultiPoint"",""coordinates"":[]}"
5_00000000000000000013,20,0.7194603789325816,1990,"{""type"":""MultiPoint"",""coordinates"":[]}"
5_00000000000000000015,22,0.09250340612792951,1990,"{""type"":""MultiPoint"",""coordinates"":[]}"
5_00000000000000000017,24,0.139975728668213,1990,"{""type"":""MultiPoint"",""coordinates"":[]}"
5_00000000000000000019,26,1.0892557799682645,1990,"{""type"":""MultiPoint"",""coordinates"":[]}"
5_0000000000000000001a,27,0.0,1990,"{""type"":""MultiPoint"",""coordinates"":[]}"
5_0000000000000000001b,28,0.0,1990,"{""type"":""MultiPoint"",""coordinates"":[]}"
5_0000000000000000001c,29,3.107594210235633,1990,"{""type"":""MultiPoint"",""coordinates"":[]}"
5_00000000000000000020,33,0.013570547485351563,1990,"{""type"":""MultiPoint"",""coordinates"":[]}"
5_00000000000000000022,35,0.0,1990,"{""type"":""MultiPoint"",""coordinates"":[]}"
5_00000000000000000024,37,0.01191409967041016,1990,"{""type"":""MultiPoint"",""coordinates"":[]}"
5_00000000000000000026,39,0.05630545422363281,1990,"{""type"":""MultiPoint"",""coordinates"":[]}"
5_00000000000000000028,41,0.0,1990,"{""type"":""MultiPoint"",""coordinates"":[]}"
5_0000000000000000002a,43,0.009581634826660156,1990,"{""type"":""MultiPoint"",""coordinates"":[]}"
5_0000000000000000002c,45,0.0,1990,"{""type"":""MultiPoint"",""coordinates"":[]}"
5_0000000000000000002f,48,0.09103690545654297,1990,"{""type"":""MultiPoint"",""coordinates"":[]}"
5_00000000000000000031,50,0.3417589197387694,1990,"{""type"":""MultiPoint"",""coordinates"":[]}"
5_00000000000000000033,52,0.0,1990,"{""type"":""MultiPoint"",""coordinates"":[]}"
5_00000000000000000035,54,0.04297878216552734,1990,"{""type"":""MultiPoint"",""coordinates"":[]}"
5_00000000000000000037,56,0.17223073815917972,1990,"{""type"":""MultiPoint"",""coordinates"":[]}"
5_00000000000000000039,58,0.03593626037597657,1990,"{""type"":""MultiPoint"",""coordinates"":[]}"
5_0000000000000000003b,60,0.0,1990,"{""type"":""MultiPoint"",""coordinates"":[]}"
5_0000000000000000003d,62,0.024256817565917972,1990,"{""type"":""MultiPoint"",""coordinates"":[]}"
5_0000000000000000003f,64,0.005764519348144532,1990,"{""type"":""MultiPoint"",""coordinates"":[]}"
5_00000000000000000041,66,0.002877564453125,1990,"{""type"":""MultiPoint"",""coordinates"":[]}"
5_00000000000000000043,68,0.03625300689697264,1990,"{""type"":""MultiPoint"",""coordinates"":[]}"
5_00000000000000000047,72,0.005761097167968751,1990,"{""type"":""MultiPoint"",""coordinates"":[]}"
5_00000000000000000049,74,0.028259219055175786,1990,"{""type"":""MultiPoint"",""coordinates"":[]}"
5_0000000000000000004b,76,0.05373859492977366,1990,"{""type"":""MultiPoint"",""coordinates"":[]}"
5_0000000000000000004d,78,0.5300516346435548,1990,"{""type"":""MultiPoint"",""coordinates"":[]}"
5_0000000000000000004e,79,0.0,1990,"{""type"":""MultiPoint"",""coordinates"":[]}"
5_00000000000000000050,81,1.2193331356201171,1990,"{""type"":""MultiPoint"",""coordinates"":[]}"
5_00000000000000000052,83,0.001604230553002451,1990,"{""type"":""MultiPoint"",""coordinates"":[]}"
5_00000000000000000054,85,0.013097590148925784,1990,"{""type"":""MultiPoint"",""coordinates"":[]}"
5_00000000000000000056,87,0.0,1990,"{""type"":""MultiPoint"",""coordinates"":[]}"
5_00000000000000000058,89,0.20846902817526317,1990,"{""type"":""MultiPoint"",""coordinates"":[]}"
5_0000000000000000005a,91,0.2610273836049988,1990,"{""type"":""MultiPoint"",""coordinates"":[]}"
5_0000000000000000005c,93,0.12820688064275976,1990,"{""type"":""MultiPoint"",""coordinates"":[]}"
5_0000000000000000005e,95,0.8255233998413074,1990,"{""type"":""MultiPoint"",""coordinates"":[]}"
5_00000000000000000060,97,0.16944842761230478,1990,"{""type"":""MultiPoint"",""coordinates"":[]}"
5_00000000000000000062,99,0.02107681451416016,1990,"{""type"":""MultiPoint"",""coordinates"":[]}"
5_00000000000000000064,101,1.3100300976512165,1990,"{""type"":""MultiPoint"",""coordinates"":[]}"
5_00000000000000000066,103,13.672141675144388,1990,"{""type"":""MultiPoint"",""coordinates"":[]}"
5_00000000000000000068,105,0.15517632501220716,1990,"{""type"":""MultiPoint"",""coordinates"":[]}"
5_00000000000000000069,106,0.15348719030761704,1990,"{""type"":""MultiPoint"",""coordinates"":[]}"
5_0000000000000000006a,107,0.0018781629638671875,1990,"{""type"":""MultiPoint"",""coordinates"":[]}"
5_0000000000000000006b,108,0.0,1990,"{""type"":""MultiPoint"",""coordinates"":[]}"
5_00000000000000000071,114,0.2979727457617659,1990,"{""type"":""MultiPoint"",""coordinates"":[]}"
5_00000000000000000073,116,0.2630978594267012,1990,"{""type"":""MultiPoint"",""coordinates"":[]}"
5_00000000000000000075,118,1.3240032426288633,1990,"{""type"":""MultiPoint"",""coordinates"":[]}"
5_00000000000000000077,120,0.06604597213374122,1990,"{""type"":""MultiPoint"",""coordinates"":[]}"
5_0000000000000000007c,125,0.0423927543334961,1990,"{""type"":""MultiPoint"",""coordinates"":[]}"
5_0000000000000000007e,127,0.09390707037353523,1990,"{""type"":""MultiPoint"",""coordinates"":[]}"
5_00000000000000000080,129,0.6730762776489259,1990,"{""type"":""MultiPoint"",""coordinates"":[]}"
5_00000000000000000082,131,0.18131104748176124,1990,"{""type"":""MultiPoint"",""coordinates"":[]}"
5_00000000000000000084,133,0.009746011127068015,1990,"{""type"":""MultiPoint"",""coordinates"":[]}"
5_00000000000000000086,135,0.23303177569580036,1990,"{""type"":""MultiPoint"",""coordinates"":[]}"
5_00000000000000000088,137,0.0,1990,"{""type"":""MultiPoint"",""coordinates"":[]}"
5_0000000000000000008a,139,0.0,1990,"{""type"":""MultiPoint"",""coordinates"":[]}"
5_00000000000000000000,1,16.983330169687523,1990,"{""type"":""MultiPoint"",""coordinates"":[]}"
5_00000000000000000002,3,11.639038774024426,1990,"{""type"":""MultiPoint"",""coordinates"":[]}"
5_00000000000000000004,5,6.504925887451142,1990,"{""type"":""MultiPoint"",""coordinates"":[]}"
5_00000000000000000006,7,17.446914151900106,1990,"{""type"":""MultiPoint"",""coordinates"":[]}"
5_00000000000000000008,9,0.6277381490322952,1990,"{""type"":""MultiPoint"",""coordinates"":[]}"
5_0000000000000000000a,11,10.683048922054498,1990,"{""type"":""MultiPoint"",""coordinates"":[]}"
5_0000000000000000000c,13,0.6932036727979486,1990,"{""type"":""MultiPoint"",""coordinates"":[]}"
5_0000000000000000000e,15,4.221471573017894,1990,"{""type"":""MultiPoint"",""coordinates"":[]}"
5_00000000000000000010,17,7.1189989415378925,1990,"{""type"":""MultiPoint"",""coordinates"":[]}"
5_00000000000000000012,19,1.8790746019744335,1990,"{""type"":""MultiPoint"",""coordinates"":[]}"
5_00000000000000000014,21,10.160665645918534,1990,"{""type"":""MultiPoint"",""coordinates"":[]}"
5_00000000000000000016,23,4.055071220159554,1990,"{""type"":""MultiPoint"",""coordinates"":[]}"
5_00000000000000000018,25,4.039533325409412,1990,"{""type"":""MultiPoint"",""coordinates"":[]}"
5_0000000000000000001d,30,0.9679367530796508,1990,"{""type"":""MultiPoint"",""coordinates"":[]}"
5_0000000000000000001e,31,0.0,1990,"{""type"":""MultiPoint"",""coordinates"":[]}"
5_0000000000000000001f,32,1.3149782819845766,1990,"{""type"":""MultiPoint"",""coordinates"":[]}"
5_00000000000000000021,34,2.908356546728995,1990,"{""type"":""MultiPoint"",""coordinates"":[]}"
5_00000000000000000023,36,0.20380435273305844,1990,"{""type"":""MultiPoint"",""coordinates"":[]}"
5_00000000000000000025,38,0.7981705005775612,1990,"{""type"":""MultiPoint"",""coordinates"":[]}"
5_00000000000000000027,40,1.725579687218038,1990,"{""type"":""MultiPoint"",""coordinates"":[]}"
5_00000000000000000029,42,0.6398308401257082,1990,"{""type"":""MultiPoint"",""coordinates"":[]}"
5_0000000000000000002b,44,6.474764785421567,1990,"{""type"":""MultiPoint"",""coordinates"":[]}"
5_0000000000000000002d,46,2.256487786176129,1990,"{""type"":""MultiPoint"",""coordinates"":[]}"
5_0000000000000000002e,47,14.455192555866814,1990,"{""type"":""MultiPoint"",""coordinates"":[]}"
5_00000000000000000030,49,1.3687616046444135,1990,"{""type"":""MultiPoint"",""coordinates"":[]}"
5_00000000000000000032,51,6.519149954305489,1990,"{""type"":""MultiPoint"",""coordinates"":[]}"
5_00000000000000000034,53,0.7055939670491546,1990,"{""type"":""MultiPoint"",""coordinates"":[]}"
5_00000000000000000036,55,9.185499022229726,1990,"{""type"":""MultiPoint"",""coordinates"":[]}"
5_00000000000000000038,57,0.8544384348886518,1990,"{""type"":""MultiPoint"",""coordinates"":[]}"
5_0000000000000000003a,59,9.819630420185488,1990,"{""type"":""MultiPoint"",""coordinates"":[]}"
5_0000000000000000003c,61,10.25801083881816,1990,"{""type"":""MultiPoint"",""coordinates"":[]}"
5_0000000000000000003e,63,1.1359541921997072,1990,"{""type"":""MultiPoint"",""coordinates"":[]}"
5_00000000000000000040,65,4.003470606388085,1990,"{""type"":""MultiPoint"",""coordinates"":[]}"
5_00000000000000000042,67,0.7258780660768986,1990,"{""type"":""MultiPoint"",""coordinates"":[]}"
5_00000000000000000044,69,0.03569179571533203,1990,"{""type"":""MultiPoint"",""coordinates"":[]}"
5_00000000000000000045,70,0.0,1990,"{""type"":""MultiPoint"",""coordinates"":[]}"
5_00000000000000000046,71,0.27416977758789074,1990,"{""type"":""MultiPoint"",""coordinates"":[]}"
5_00000000000000000048,73,2.9802924518566707,1990,"{""type"":""MultiPoint"",""coordinates"":[]}"
5_0000000000000000004a,75,5.374610832717434,1990,"{""type"":""MultiPoint"",""coordinates"":[]}"
5_0000000000000000004c,77,5.458141948176583,1990,"{""type"":""MultiPoint"",""coordinates"":[]}"
5_0000000000000000004f,80,7.537867096988657,1990,"{""type"":""MultiPoint"",""coordinates"":[]}"
5_00000000000000000051,82,4.873701008637065,1990,"{""type"":""MultiPoint"",""coordinates"":[]}"
5_00000000000000000053,84,20.548567929499423,1990,"{""type"":""MultiPoint"",""coordinates"":[]}"
5_00000000000000000055,86,0.00771944842529297,1990,"{""type"":""MultiPoint"",""coordinates"":[]}"
5_00000000000000000057,88,10.989028997923397,1990,"{""type"":""MultiPoint"",""coordinates"":[]}"
5_00000000000000000059,90,1.3448506918299052,1990,"{""type"":""MultiPoint"",""coordinates"":[]}"
5_0000000000000000005b,92,6.8874718669528985,1990,"{""type"":""MultiPoint"",""coordinates"":[]}"
5_0000000000000000005d,94,62.38751484698536,1990,"{""type"":""MultiPoint"",""coordinates"":[]}"
5_0000000000000000005f,96,136.37398227918405,1990,"{""type"":""MultiPoint"",""coordinates"":[]}"
5_00000000000000000061,98,87.33176934977405,1990,"{""type"":""MultiPoint"",""coordinates"":[]}"
5_00000000000000000063,100,21.9533463943402,1990,"{""type"":""MultiPoint"",""coordinates"":[]}"
5_00000000000000000065,102,56.93445971372715,1990,"{""type"":""MultiPoint"",""coordinates"":[]}"
5_00000000000000000067,104,16.403370783045954,1990,"{""type"":""MultiPoint"",""coordinates"":[]}"
5_0000000000000000006c,109,1.2512883513183617,1990,"{""type"":""MultiPoint"",""coordinates"":[]}"
5_0000000000000000006d,110,13.117584015315167,1990,"{""type"":""MultiPoint"",""coordinates"":[]}"
5_0000000000000000006e,111,0.0,1990,"{""type"":""MultiPoint"",""coordinates"":[]}"
5_0000000000000000006f,112,0.0,1990,"{""type"":""MultiPoint"",""coordinates"":[]}"
5_00000000000000000070,113,1.0393838265476596,1990,"{""type"":""MultiPoint"",""coordinates"":[]}"
5_00000000000000000072,115,22.020594933828775,1990,"{""type"":""MultiPoint"",""coordinates"":[]}"
5_00000000000000000074,117,1.3640900005900036,1990,"{""type"":""MultiPoint"",""coordinates"":[]}"
5_00000000000000000076,119,0.16327383181535302,1990,"{""type"":""MultiPoint"",""coordinates"":[]}"
5_00000000000000000078,121,10.831546686447796,1990,"{""type"":""MultiPoint"",""coordinates"":[]}"
5_00000000000000000079,122,4.730405431685865,1990,"{""type"":""MultiPoint"",""coordinates"":[]}"
5_0000000000000000007a,123,15.763175368777526,1990,"{""type"":""MultiPoint"",""coordinates"":[]}"
5_0000000000000000007b,124,8.046905231186333,1990,"{""type"":""MultiPoint"",""coordinates"":[]}"
5_0000000000000000007d,126,19.03068806858922,1990,"{""type"":""MultiPoint"",""coordinates"":[]}"
5_0000000000000000007f,128,2.689773746914495,1990,"{""type"":""MultiPoint"",""coordinates"":[]}"
5_00000000000000000081,130,3.827769878723623,1990,"{""type"":""MultiPoint"",""coordinates"":[]}"
5_00000000000000000083,132,0.39899175655182517,1990,"{""type"":""MultiPoint"",""coordinates"":[]}"
5_00000000000000000085,134,8.874549150264723,1990,"{""type"":""MultiPoint"",""coordinates"":[]}"
5_00000000000000000087,136,0.08065424176025388,1990,"{""type"":""MultiPoint"",""coordinates"":[]}"
5_00000000000000000089,138,0.9680232863879634,1990,"{""type"":""MultiPoint"",""coordinates"":[]}"
5_0000000000000000008b,140,2.6192581937856634,1990,"{""type"":""MultiPoint"",""coordinates"":[]}"
5_0000000000000000008c,141,12.187567782630342,1990,"{""type"":""MultiPoint"",""coordinates"":[]}"
5_0000000000000000008d,142,34.46287416156939,1990,"{""type"":""MultiPoint"",""coordinates"":[]}"
5_0000000000000000008e,143,14.805679158334545,1990,"{""type"":""MultiPoint"",""coordinates"":[]}"
5_0000000000000000008f,144,111.59346260473022,1990,"{""type"":""MultiPoint"",""coordinates"":[]}"
6_00000000000000000001,2,4.703847634338381,1991,"{""type"":""MultiPoint"",""coordinates"":[]}"
6_00000000000000000003,4,0.08137694141773896,1991,"{""type"":""MultiPoint"",""coordinates"":[]}"
6_00000000000000000005,6,0.6371895833699575,1991,"{""type"":""MultiPoint"",""coordinates"":[]}"
6_00000000000000000007,8,0.8778943928325549,1991,"{""type"":""MultiPoint"",""coordinates"":[]}"
6_00000000000000000009,10,0.3081313137367391,1991,"{""type"":""MultiPoint"",""coordinates"":[]}"
6_0000000000000000000b,12,0.7957450485973849,1991,"{""type"":""MultiPoint"",""coordinates"":[]}"
6_0000000000000000000d,14,0.698167772725424,1991,"{""type"":""MultiPoint"",""coordinates"":[]}"
6_0000000000000000000f,16,0.6859042503700399,1991,"{""type"":""MultiPoint"",""coordinates"":[]}"
6_00000000000000000011,18,2.3474490219726545,1991,"{""type"":""MultiPoint"",""coordinates"":[]}"
6_00000000000000000013,20,0.7162878784442986,1991,"{""type"":""MultiPoint"",""coordinates"":[]}"
6_00000000000000000015,22,0.08681753491210928,1991,"{""type"":""MultiPoint"",""coordinates"":[]}"
6_00000000000000000017,24,0.1419983786621095,1991,"{""type"":""MultiPoint"",""coordinates"":[]}"
6_00000000000000000019,26,1.1061258725585965,1991,"{""type"":""MultiPoint"",""coordinates"":[]}"
6_0000000000000000001a,27,0.0,1991,"{""type"":""MultiPoint"",""coordinates"":[]}"
6_0000000000000000001b,28,0.0,1991,"{""type"":""MultiPoint"",""coordinates"":[]}"
6_0000000000000000001c,29,3.101000920013467,1991,"{""type"":""MultiPoint"",""coordinates"":[]}"
6_00000000000000000020,33,0.013570547485351563,1991,"{""type"":""MultiPoint"",""coordinates"":[]}"
6_00000000000000000022,35,0.0,1991,"{""type"":""MultiPoint"",""coordinates"":[]}"
6_00000000000000000024,37,0.01191409967041016,1991,"{""type"":""MultiPoint"",""coordinates"":[]}"
6_00000000000000000026,39,0.05630545422363281,1991,"{""type"":""MultiPoint"",""coordinates"":[]}"
6_00000000000000000028,41,0.0,1991,"{""type"":""MultiPoint"",""coordinates"":[]}"
6_0000000000000000002a,43,0.009581634826660156,1991,"{""type"":""MultiPoint"",""coordinates"":[]}"
6_0000000000000000002c,45,0.0,1991,"{""type"":""MultiPoint"",""coordinates"":[]}"
6_0000000000000000002f,48,0.09478992053222657,1991,"{""type"":""MultiPoint"",""coordinates"":[]}"
6_00000000000000000031,50,0.3525505682983397,1991,"{""type"":""MultiPoint"",""coordinates"":[]}"
6_00000000000000000033,52,0.0,1991,"{""type"":""MultiPoint"",""coordinates"":[]}"
6_00000000000000000035,54,0.04297878216552734,1991,"{""type"":""MultiPoint"",""coordinates"":[]}"
6_00000000000000000037,56,0.17223073815917972,1991,"{""type"":""MultiPoint"",""coordinates"":[]}"
6_00000000000000000039,58,0.03593626037597657,1991,"{""type"":""MultiPoint"",""coordinates"":[]}"
6_0000000000000000003b,60,0.0,1991,"{""type"":""MultiPoint"",""coordinates"":[]}"
6_0000000000000000003d,62,0.024256817565917972,1991,"{""type"":""MultiPoint"",""coordinates"":[]}"
6_0000000000000000003f,64,0.005764519348144532,1991,"{""type"":""MultiPoint"",""coordinates"":[]}"
6_00000000000000000041,66,0.002877564453125,1991,"{""type"":""MultiPoint"",""coordinates"":[]}"
6_00000000000000000043,68,0.03625300689697264,1991,"{""type"":""MultiPoint"",""coordinates"":[]}"
6_00000000000000000047,72,0.005761097167968751,1991,"{""type"":""MultiPoint"",""coordinates"":[]}"
6_00000000000000000049,74,0.028259219055175786,1991,"{""type"":""MultiPoint"",""coordinates"":[]}"
6_0000000000000000004b,76,0.05373859492977366,1991,"{""type"":""MultiPoint"",""coordinates"":[]}"
6_0000000000000000004d,78,0.5336493383178712,1991,"{""type"":""MultiPoint"",""coordinates"":[]}"
6_0000000000000000004e,79,0.0,1991,"{""type"":""MultiPoint"",""coordinates"":[]}"
6_00000000000000000050,81,1.218717472900391,1991,"{""type"":""MultiPoint"",""coordinates"":[]}"
6_00000000000000000052,83,0.001604230553002451,1991,"{""type"":""MultiPoint"",""coordinates"":[]}"
6_00000000000000000054,85,0.013097590148925784,1991,"{""type"":""MultiPoint"",""coordinates"":[]}"
6_00000000000000000056,87,0.0,1991,"{""type"":""MultiPoint"",""coordinates"":[]}"
6_00000000000000000058,89,0.20846902817526317,1991,"{""type"":""MultiPoint"",""coordinates"":[]}"
6_0000000000000000005a,91,0.2634282629995299,1991,"{""type"":""MultiPoint"",""coordinates"":[]}"
6_0000000000000000005c,93,0.12941227999578708,1991,"{""type"":""MultiPoint"",""coordinates"":[]}"
6_0000000000000000005e,95,0.827982429748534,1991,"{""type"":""MultiPoint"",""coordinates"":[]}"
6_00000000000000000060,97,0.16944842761230478,1991,"{""type"":""MultiPoint"",""coordinates"":[]}"
6_00000000000000000062,99,0.02107680572509766,1991,"{""type"":""MultiPoint"",""coordinates"":[]}"
6_00000000000000000064,101,1.3100302659861773,1991,"{""type"":""MultiPoint"",""coordinates"":[]}"
6_00000000000000000066,103,13.719679425205332,1991,"{""type"":""MultiPoint"",""coordinates"":[]}"
6_00000000000000000068,105,0.15075053717041031,1991,"{""type"":""MultiPoint"",""coordinates"":[]}"
6_00000000000000000069,106,0.16353543249511704,1991,"{""type"":""MultiPoint"",""coordinates"":[]}"
6_0000000000000000006a,107,0.005005634704589844,1991,"{""type"":""MultiPoint"",""coordinates"":[]}"
6_0000000000000000006b,108,0.0,1991,"{""type"":""MultiPoint"",""coordinates"":[]}"
6_00000000000000000071,114,0.2979727457617659,1991,"{""type"":""MultiPoint"",""coordinates"":[]}"
6_00000000000000000073,116,0.2608082954008224,1991,"{""type"":""MultiPoint"",""coordinates"":[]}"
6_00000000000000000075,118,1.3240032426288633,1991,"{""type"":""MultiPoint"",""coordinates"":[]}"
6_00000000000000000077,120,0.06604597213374122,1991,"{""type"":""MultiPoint"",""coordinates"":[]}"
6_0000000000000000007c,125,0.03885587701416017,1991,"{""type"":""MultiPoint"",""coordinates"":[]}"
6_0000000000000000007e,127,0.09390707037353523,1991,"{""type"":""MultiPoint"",""coordinates"":[]}"
6_00000000000000000080,129,0.6683618523559571,1991,"{""type"":""MultiPoint"",""coordinates"":[]}"
6_00000000000000000082,131,0.18309451287482767,1991,"{""type"":""MultiPoint"",""coordinates"":[]}"
6_00000000000000000084,133,0.009746011127068015,1991,"{""type"":""MultiPoint"",""coordinates"":[]}"
6_00000000000000000086,135,0.23303177569580036,1991,"{""type"":""MultiPoint"",""coordinates"":[]}"
6_00000000000000000088,137,0.0,1991,"{""type"":""MultiPoint"",""coordinates"":[]}"
6_0000000000000000008a,139,0.0,1991,"{""type"":""MultiPoint"",""coordinates"":[]}"
6_00000000000000000000,1,16.98274593958499,1991,"{""type"":""MultiPoint"",""coordinates"":[]}"
6_00000000000000000002,3,11.675899976161608,1991,"{""type"":""MultiPoint"",""coordinates"":[]}"
6_00000000000000000004,5,6.483563891994071,1991,"{""type"":""MultiPoint"",""coordinates"":[]}"
6_00000000000000000006,7,17.41792900224191,1991,"{""type"":""MultiPoint"",""coordinates"":[]}"
6_00000000000000000008,9,0.6386838796231156,1991,"{""type"":""MultiPoint"",""coordinates"":[]}"
6_0000000000000000000a,11,10.701625219112605,1991,"{""type"":""MultiPoint"",""coordinates"":[]}"
6_0000000000000000000c,13,0.6932036727979486,1991,"{""type"":""MultiPoint"",""coordinates"":[]}"
6_0000000000000000000e,15,4.219854636738598,1991,"{""type"":""MultiPoint"",""coordinates"":[]}"
6_00000000000000000010,17,7.097669754098925,1991,"{""type"":""MultiPoint"",""coordinates"":[]}"
6_00000000000000000012,19,1.874852116683908,1991,"{""type"":""MultiPoint"",""coordinates"":[]}"
6_00000000000000000014,21,10.109335426297289,1991,"{""type"":""MultiPoint"",""coordinates"":[]}"
6_00000000000000000016,23,4.055013810400032,1991,"{""type"":""MultiPoint"",""coordinates"":[]}"
6_00000000000000000018,25,4.03497253549242,1991,"{""type"":""MultiPoint"",""coordinates"":[]}"
6_0000000000000000001d,30,0.9688662848179319,1991,"{""type"":""MultiPoint"",""coordinates"":[]}"
6_0000000000000000001e,31,0.0,1991,"{""type"":""MultiPoint"",""coordinates"":[]}"
6_0000000000000000001f,32,1.3351461132995608,1991,"{""type"":""MultiPoint"",""coordinates"":[]}"
6_00000000000000000021,34,2.918628244921517,1991,"{""type"":""MultiPoint"",""coordinates"":[]}"
6_00000000000000000023,36,0.20479732972280454,1991,"{""type"":""MultiPoint"",""coordinates"":[]}"
6_00000000000000000025,38,0.8061399174781961,1991,"{""type"":""MultiPoint"",""coordinates"":[]}"
6_00000000000000000027,40,1.732577936851828,1991,"{""type"":""MultiPoint"",""coordinates"":[]}"
6_00000000000000000029,42,0.6498975132824466,1991,"{""type"":""MultiPoint"",""coordinates"":[]}"
6_0000000000000000002b,44,6.5236962287852505,1991,"{""type"":""MultiPoint"",""coordinates"":[]}"
6_0000000000000000002d,46,2.2600835883611876,1991,"{""type"":""MultiPoint"",""coordinates"":[]}"
6_0000000000000000002e,47,14.527106735188102,1991,"{""type"":""MultiPoint"",""coordinates"":[]}"
6_00000000000000000030,49,1.3843644415584762,1991,"{""type"":""MultiPoint"",""coordinates"":[]}"
6_00000000000000000032,51,6.532183820028144,1991,"{""type"":""MultiPoint"",""coordinates"":[]}"
6_00000000000000000034,53,0.7045222581868499,1991,"{""type"":""MultiPoint"",""coordinates"":[]}"
6_00000000000000000036,55,9.17944482069164,1991,"{""type"":""MultiPoint"",""coordinates"":[]}"
6_00000000000000000038,57,0.8527428603036908,1991,"{""type"":""MultiPoint"",""coordinates"":[]}"
6_0000000000000000003a,59,9.828657590717716,1991,"{""type"":""MultiPoint"",""coordinates"":[]}"
6_0000000000000000003c,61,10.282795714794725,1991,"{""type"":""MultiPoint"",""coordinates"":[]}"
6_0000000000000000003e,63,1.1359541921997072,1991,"{""type"":""MultiPoint"",""coordinates"":[]}"
6_00000000000000000040,65,3.999440814640038,1991,"{""type"":""MultiPoint"",""coordinates"":[]}"
6_00000000000000000042,67,0.7362384151979924,1991,"{""type"":""MultiPoint"",""coordinates"":[]}"
6_00000000000000000044,69,0.03569179571533203,1991,"{""type"":""MultiPoint"",""coordinates"":[]}"
6_00000000000000000045,70,0.0,1991,"{""type"":""MultiPoint"",""coordinates"":[]}"
6_00000000000000000046,71,0.27416977758789074,1991,"{""type"":""MultiPoint"",""coordinates"":[]}"
6_00000000000000000048,73,2.986099941602764,1991,"{""type"":""MultiPoint"",""coordinates"":[]}"
6_0000000000000000004a,75,5.379914512832179,1991,"{""type"":""MultiPoint"",""coordinates"":[]}"
6_0000000000000000004c,77,5.443899674006664,1991,"{""type"":""MultiPoint"",""coordinates"":[]}"
6_0000000000000000004f,80,7.5550489443397275,1991,"{""type"":""MultiPoint"",""coordinates"":[]}"
6_00000000000000000051,82,4.892736247284526,1991,"{""type"":""MultiPoint"",""coordinates"":[]}"
6_00000000000000000053,84,20.562717093691894,1991,"{""type"":""MultiPoint"",""coordinates"":[]}"
6_00000000000000000055,86,0.00771944842529297,1991,"{""type"":""MultiPoint"",""coordinates"":[]}"
6_00000000000000000057,88,10.989056926512262,1991,"{""type"":""MultiPoint"",""coordinates"":[]}"
6_00000000000000000059,90,1.3472536676599833,1991,"{""type"":""MultiPoint"",""coordinates"":[]}"
6_0000000000000000005b,92,6.891088880929949,1991,"{""type"":""MultiPoint"",""coordinates"":[]}"
6_0000000000000000005d,94,62.517106117891714,1991,"{""type"":""MultiPoint"",""coordinates"":[]}"
6_0000000000000000005f,96,136.35209247449296,1991,"{""type"":""MultiPoint"",""coordinates"":[]}"
6_00000000000000000061,98,87.32196759548057,1991,"{""type"":""MultiPoint"",""coordinates"":[]}"
6_00000000000000000063,100,22.023027193259296,1991,"{""type"":""MultiPoint"",""coordinates"":[]}"
6_00000000000000000065,102,57.162144530133425,1991,"{""type"":""MultiPoint"",""coordinates"":[]}"
6_00000000000000000067,104,16.42980239765677,1991,"{""type"":""MultiPoint"",""coordinates"":[]}"
6_0000000000000000006c,109,1.2367111065673855,1991,"{""type"":""MultiPoint"",""coordinates"":[]}"
6_0000000000000000006d,110,13.10732714171897,1991,"{""type"":""MultiPoint"",""coordinates"":[]}"
6_0000000000000000006e,111,0.0,1991,"{""type"":""MultiPoint"",""coordinates"":[]}"
6_0000000000000000006f,112,0.0,1991,"{""type"":""MultiPoint"",""coordinates"":[]}"
6_00000000000000000070,113,1.0554149686985395,1991,"{""type"":""MultiPoint"",""coordinates"":[]}"
6_00000000000000000072,115,21.95963818594202,1991,"{""type"":""MultiPoint"",""coordinates"":[]}"
6_00000000000000000074,117,1.3480395850016242,1991,"{""type"":""MultiPoint"",""coordinates"":[]}"
6_00000000000000000076,119,0.16327383181535302,1991,"{""type"":""MultiPoint"",""coordinates"":[]}"
6_00000000000000000078,121,10.84267236583323,1991,"{""type"":""MultiPoint"",""coordinates"":[]}"
6_00000000000000000079,122,4.707062107161939,1991,"{""type"":""MultiPoint"",""coordinates"":[]}"
6_0000000000000000007a,123,15.82160022619078,1991,"{""type"":""MultiPoint"",""coordinates"":[]}"
6_0000000000000000007b,124,8.063480640976373,1991,"{""type"":""MultiPoint"",""coordinates"":[]}"
6_0000000000000000007d,126,19.01805669828893,1991,"{""type"":""MultiPoint"",""coordinates"":[]}"
6_0000000000000000007f,128,2.6827465597196705,1991,"{""type"":""MultiPoint"",""coordinates"":[]}"
6_00000000000000000081,130,3.8254441248784077,1991,"{""type"":""MultiPoint"",""coordinates"":[]}"
6_00000000000000000083,132,0.4007723605557314,1991,"{""type"":""MultiPoint"",""coordinates"":[]}"
6_00000000000000000085,134,8.836312905879957,1991,"{""type"":""MultiPoint"",""coordinates"":[]}"
6_00000000000000000087,136,0.08065424176025388,1991,"{""type"":""MultiPoint"",""coordinates"":[]}"
6_00000000000000000089,138,0.9710872705188227,1991,"{""type"":""MultiPoint"",""coordinates"":[]}"
6_0000000000000000008b,140,2.6277540492544134,1991,"{""type"":""MultiPoint"",""coordinates"":[]}"
6_0000000000000000008c,141,12.08512193180027,1991,"{""type"":""MultiPoint"",""coordinates"":[]}"
6_0000000000000000008d,142,34.39600109717731,1991,"{""type"":""MultiPoint"",""coordinates"":[]}"
6_0000000000000000008e,143,14.794723054452708,1991,"{""type"":""MultiPoint"",""coordinates"":[]}"
6_0000000000000000008f,144,111.66414827007206,1991,"{""type"":""MultiPoint"",""coordinates"":[]}"
7_00000000000000000001,2,4.7391662589111325,1992,"{""type"":""MultiPoint"",""coordinates"":[]}"
7_00000000000000000003,4,0.08648509516529755,1992,"{""type"":""MultiPoint"",""coordinates"":[]}"
7_00000000000000000005,6,0.6422083835585681,1992,"{""type"":""MultiPoint"",""coordinates"":[]}"
7_00000000000000000007,8,0.8767936914775744,1992,"{""type"":""MultiPoint"",""coordinates"":[]}"
7_00000000000000000009,10,0.30268252620011793,1992,"{""type"":""MultiPoint"",""coordinates"":[]}"
7_0000000000000000000b,12,0.8000664417248264,1992,"{""type"":""MultiPoint"",""coordinates"":[]}"
7_0000000000000000000d,14,0.7228433756917328,1992,"{""type"":""MultiPoint"",""coordinates"":[]}"
7_0000000000000000000f,16,0.6917341806068553,1992,"{""type"":""MultiPoint"",""coordinates"":[]}"
7_00000000000000000011,18,2.3426791531982385,1992,"{""type"":""MultiPoint"",""coordinates"":[]}"
7_00000000000000000013,20,0.7273608790546512,1992,"{""type"":""MultiPoint"",""coordinates"":[]}"
7_00000000000000000015,22,0.09043635620117173,1992,"{""type"":""MultiPoint"",""coordinates"":[]}"
7_00000000000000000017,24,0.14907237969970694,1992,"{""type"":""MultiPoint"",""coordinates"":[]}"
7_00000000000000000019,26,1.0877904306945825,1992,"{""type"":""MultiPoint"",""coordinates"":[]}"
7_0000000000000000001a,27,0.0,1992,"{""type"":""MultiPoint"",""coordinates"":[]}"
7_0000000000000000001b,28,0.0,1992,"{""type"":""MultiPoint"",""coordinates"":[]}"
7_0000000000000000001c,29,3.090621941101114,1992,"{""type"":""MultiPoint"",""coordinates"":[]}"
7_00000000000000000020,33,0.013570547485351563,1992,"{""type"":""MultiPoint"",""coordinates"":[]}"
7_00000000000000000022,35,0.0,1992,"{""type"":""MultiPoint"",""coordinates"":[]}"
7_00000000000000000024,37,0.01191409967041016,1992,"{""type"":""MultiPoint"",""coordinates"":[]}"
7_00000000000000000026,39,0.05630545422363281,1992,"{""type"":""MultiPoint"",""coordinates"":[]}"
7_00000000000000000028,41,0.0,1992,"{""type"":""MultiPoint"",""coordinates"":[]}"
7_0000000000000000002a,43,0.009581634826660156,1992,"{""type"":""MultiPoint"",""coordinates"":[]}"
7_0000000000000000002c,45,0.0,1992,"{""type"":""MultiPoint"",""coordinates"":[]}"
7_0000000000000000002f,48,0.09589523706054687,1992,"{""type"":""MultiPoint"",""coordinates"":[]}"
7_00000000000000000031,50,0.3487736107177733,1992,"{""type"":""MultiPoint"",""coordinates"":[]}"
7_00000000000000000033,52,0.0,1992,"{""type"":""MultiPoint"",""coordinates"":[]}"
7_00000000000000000035,54,0.04297878216552734,1992,"{""type"":""MultiPoint"",""coordinates"":[]}"
7_00000000000000000037,56,0.17223073815917972,1992,"{""type"":""MultiPoint"",""coordinates"":[]}"
7_00000000000000000039,58,0.03593626037597657,1992,"{""type"":""MultiPoint"",""coordinates"":[]}"
7_0000000000000000003b,60,0.0,1992,"{""type"":""MultiPoint"",""coordinates"":[]}"
7_0000000000000000003d,62,0.024256817565917972,1992,"{""type"":""MultiPoint"",""coordinates"":[]}"
7_0000000000000000003f,64,0.005764519348144532,1992,"{""type"":""MultiPoint"",""coordinates"":[]}"
7_00000000000000000041,66,0.002877564453125,1992,"{""type"":""MultiPoint"",""coordinates"":[]}"
7_00000000000000000043,68,0.03625300689697264,1992,"{""type"":""MultiPoint"",""coordinates"":[]}"
7_00000000000000000047,72,0.005761097167968751,1992,"{""type"":""MultiPoint"",""coordinates"":[]}"
7_00000000000000000049,74,0.028259219055175786,1992,"{""type"":""MultiPoint"",""coordinates"":[]}"
7_0000000000000000004b,76,0.05373859492977366,1992,"{""type"":""MultiPoint"",""coordinates"":[]}"
7_0000000000000000004d,78,0.5336493383178712,1992,"{""type"":""MultiPoint"",""coordinates"":[]}"
7_0000000000000000004e,79,0.0,1992,"{""type"":""MultiPoint"",""coordinates"":[]}"
7_00000000000000000050,81,1.2075770468750004,1992,"{""type"":""MultiPoint"",""coordinates"":[]}"
7_00000000000000000052,83,0.001604230553002451,1992,"{""type"":""MultiPoint"",""coordinates"":[]}"
7_00000000000000000054,85,0.013097590148925784,1992,"{""type"":""MultiPoint"",""coordinates"":[]}"
7_00000000000000000056,87,0.0,1992,"{""type"":""MultiPoint"",""coordinates"":[]}"
7_00000000000000000058,89,0.20846902817526317,1992,"{""type"":""MultiPoint"",""coordinates"":[]}"
7_0000000000000000005a,91,0.2634282629995299,1992,"{""type"":""MultiPoint"",""coordinates"":[]}"
7_0000000000000000005c,93,0.12941227999578708,1992,"{""type"":""MultiPoint"",""coordinates"":[]}"
7_0000000000000000005e,95,0.8156968950195307,1992,"{""type"":""MultiPoint"",""coordinates"":[]}"
7_00000000000000000060,97,0.16944842761230478,1992,"{""type"":""MultiPoint"",""coordinates"":[]}"
7_00000000000000000062,99,0.02107680572509766,1992,"{""type"":""MultiPoint"",""coordinates"":[]}"
7_00000000000000000064,101,1.3112956613719196,1992,"{""type"":""MultiPoint"",""coordinates"":[]}"
7_00000000000000000066,103,13.71034467886741,1992,"{""type"":""MultiPoint"",""coordinates"":[]}"
7_00000000000000000068,105,0.14949474340820326,1992,"{""type"":""MultiPoint"",""coordinates"":[]}"
7_00000000000000000069,106,0.15790622521972644,1992,"{""type"":""MultiPoint"",""coordinates"":[]}"
7_0000000000000000006a,107,0.005005634704589844,1992,"{""type"":""MultiPoint"",""coordinates"":[]}"
7_0000000000000000006b,108,0.0,1992,"{""type"":""MultiPoint"",""coordinates"":[]}"
7_00000000000000000071,114,0.29526539337636837,1992,"{""type"":""MultiPoint"",""coordinates"":[]}"
7_00000000000000000073,116,0.2608082954008224,1992,"{""type"":""MultiPoint"",""coordinates"":[]}"
7_00000000000000000075,118,1.3228538155658747,1992,"{""type"":""MultiPoint"",""coordinates"":[]}"
7_00000000000000000077,120,0.06604597213374122,1992,"{""type"":""MultiPoint"",""coordinates"":[]}"
7_0000000000000000007c,125,0.03885587701416017,1992,"{""type"":""MultiPoint"",""coordinates"":[]}"
7_0000000000000000007e,127,0.09390707037353523,1992,"{""type"":""MultiPoint"",""coordinates"":[]}"
7_00000000000000000080,129,0.6630680103149414,1992,"{""type"":""MultiPoint"",""coordinates"":[]}"
7_00000000000000000082,131,0.16523801098273777,1992,"{""type"":""MultiPoint"",""coordinates"":[]}"
7_00000000000000000084,133,0.009746011127068015,1992,"{""type"":""MultiPoint"",""coordinates"":[]}"
7_00000000000000000086,135,0.23303177569580036,1992,"{""type"":""MultiPoint"",""coordinates"":[]}"
7_00000000000000000088,137,0.0,1992,"{""type"":""MultiPoint"",""coordinates"":[]}"
7_0000000000000000008a,139,0.0,1992,"{""type"":""MultiPoint"",""coordinates"":[]}"
7_00000000000000000000,1,16.994550483103055,1992,"{""type"":""MultiPoint"",""coordinates"":[]}"
7_00000000000000000002,3,11.564275182216303,1992,"{""type"":""MultiPoint"",""coordinates"":[]}"
7_00000000000000000004,5,6.484779966134075,1992,"{""type"":""MultiPoint"",""coordinates"":[]}"
7_00000000000000000006,7,17.335585997108502,1992,"{""type"":""MultiPoint"",""coordinates"":[]}"
7_00000000000000000008,9,0.6386612447354201,1992,"{""type"":""MultiPoint"",""coordinates"":[]}"
7_0000000000000000000a,11,10.6237718774378,1992,"{""type"":""MultiPoint"",""coordinates"":[]}"
7_0000000000000000000c,13,0.6932036727979486,1992,"{""type"":""MultiPoint"",""coordinates"":[]}"
7_0000000000000000000e,15,4.228281509968578,1992,"{""type"":""MultiPoint"",""coordinates"":[]}"
7_00000000000000000010,17,7.064133442392382,1992,"{""type"":""MultiPoint"",""coordinates"":[]}"
7_00000000000000000012,19,1.8489866395110581,1992,"{""type"":""MultiPoint"",""coordinates"":[]}"
7_00000000000000000014,21,10.065718768069988,1992,"{""type"":""MultiPoint"",""coordinates"":[]}"
7_00000000000000000016,23,4.076406950443043,1992,"{""type"":""MultiPoint"",""coordinates"":[]}"
7_00000000000000000018,25,4.017815738800526,1992,"{""type"":""MultiPoint"",""coordinates"":[]}"
7_0000000000000000001d,30,0.982796702115295,1992,"{""type"":""MultiPoint"",""coordinates"":[]}"
7_0000000000000000001e,31,0.0,1992,"{""type"":""MultiPoint"",""coordinates"":[]}"
7_0000000000000000001f,32,1.3427703278381347,1992,"{""type"":""MultiPoint"",""coordinates"":[]}"
7_00000000000000000021,34,2.938376595599007,1992,"{""type"":""MultiPoint"",""coordinates"":[]}"
7_00000000000000000023,36,0.20777872291128108,1992,"{""type"":""MultiPoint"",""coordinates"":[]}"
7_00000000000000000025,38,0.8091288383155985,1992,"{""type"":""MultiPoint"",""coordinates"":[]}"
7_00000000000000000027,40,1.740566717583029,1992,"{""type"":""MultiPoint"",""coordinates"":[]}"
7_00000000000000000029,42,0.6498975132824466,1992,"{""type"":""MultiPoint"",""coordinates"":[]}"
7_0000000000000000002b,44,6.541622428371288,1992,"{""type"":""MultiPoint"",""coordinates"":[]}"
7_0000000000000000002d,46,2.2642790244655155,1992,"{""type"":""MultiPoint"",""coordinates"":[]}"
7_0000000000000000002e,47,14.573520642414662,1992,"{""type"":""MultiPoint"",""coordinates"":[]}"
7_00000000000000000030,49,1.3967397066341598,1992,"{""type"":""MultiPoint"",""coordinates"":[]}"
7_00000000000000000032,51,6.548213895392442,1992,"{""type"":""MultiPoint"",""coordinates"":[]}"
7_00000000000000000034,53,0.7023729182210295,1992,"{""type"":""MultiPoint"",""coordinates"":[]}"
7_00000000000000000036,55,9.172556159558823,1992,"{""type"":""MultiPoint"",""coordinates"":[]}"
7_00000000000000000038,57,0.8561120558603315,1992,"{""type"":""MultiPoint"",""coordinates"":[]}"
7_0000000000000000003a,59,9.851488787495066,1992,"{""type"":""MultiPoint"",""coordinates"":[]}"
7_0000000000000000003c,61,10.286861949352831,1992,"{""type"":""MultiPoint"",""coordinates"":[]}"
7_0000000000000000003e,63,1.1359541921997072,1992,"{""type"":""MultiPoint"",""coordinates"":[]}"
7_00000000000000000040,65,4.004037460941307,1992,"{""type"":""MultiPoint"",""coordinates"":[]}"
7_00000000000000000042,67,0.7322085715700629,1992,"{""type"":""MultiPoint"",""coordinates"":[]}"
7_00000000000000000044,69,0.040296783752441404,1992,"{""type"":""MultiPoint"",""coordinates"":[]}"
7_00000000000000000045,70,0.0,1992,"{""type"":""MultiPoint"",""coordinates"":[]}"
7_00000000000000000046,71,0.2741697775878907,1992,"{""type"":""MultiPoint"",""coordinates"":[]}"
7_00000000000000000048,73,3.006911029249248,1992,"{""type"":""MultiPoint"",""coordinates"":[]}"
7_0000000000000000004a,75,5.379911154616848,1992,"{""type"":""MultiPoint"",""coordinates"":[]}"
7_0000000000000000004c,77,5.4327343069778555,1992,"{""type"":""MultiPoint"",""coordinates"":[]}"
7_0000000000000000004f,80,7.559321282352425,1992,"{""type"":""MultiPoint"",""coordinates"":[]}"
7_00000000000000000051,82,4.898237240692729,1992,"{""type"":""MultiPoint"",""coordinates"":[]}"
7_00000000000000000053,84,20.562703829714838,1992,"{""type"":""MultiPoint"",""coordinates"":[]}"
7_00000000000000000055,86,0.009500833557128907,1992,"{""type"":""MultiPoint"",""coordinates"":[]}"
7_00000000000000000057,88,10.983628182188532,1992,"{""type"":""MultiPoint"",""coordinates"":[]}"
7_00000000000000000059,90,1.3448509818079326,1992,"{""type"":""MultiPoint"",""coordinates"":[]}"
7_0000000000000000005b,92,6.890490728891377,1992,"{""type"":""MultiPoint"",""coordinates"":[]}"
7_0000000000000000005d,94,62.52014029838222,1992,"{""type"":""MultiPoint"",""coordinates"":[]}"
7_0000000000000000005f,96,136.18862401219093,1992,"{""type"":""MultiPoint"",""coordinates"":[]}"
7_00000000000000000061,98,87.23038023257614,1992,"{""type"":""MultiPoint"",""coordinates"":[]}"
7_00000000000000000063,100,22.034288608578628,1992,"{""type"":""MultiPoint"",""coordinates"":[]}"
7_00000000000000000065,102,57.34596416953773,1992,"{""type"":""MultiPoint"",""coordinates"":[]}"
7_00000000000000000067,104,16.43553307484183,1992,"{""type"":""MultiPoint"",""coordinates"":[]}"
7_0000000000000000006c,109,1.2367111065673855,1992,"{""type"":""MultiPoint"",""coordinates"":[]}"
7_0000000000000000006d,110,13.113018890071022,1992,"{""type"":""MultiPoint"",""coordinates"":[]}"
7_0000000000000000006e,111,0.0,1992,"{""type"":""MultiPoint"",""coordinates"":[]}"
7_0000000000000000006f,112,0.0,1992,"{""type"":""MultiPoint"",""coordinates"":[]}"
7_00000000000000000070,113,1.044153344553031,1992,"{""type"":""MultiPoint"",""coordinates"":[]}"
7_00000000000000000072,115,21.855917802599354,1992,"{""type"":""MultiPoint"",""coordinates"":[]}"
7_00000000000000000074,117,1.3348491342569957,1992,"{""type"":""MultiPoint"",""coordinates"":[]}"
7_00000000000000000076,119,0.16385239596330223,1992,"{""type"":""MultiPoint"",""coordinates"":[]}"
7_00000000000000000078,121,10.827444536609597,1992,"{""type"":""MultiPoint"",""coordinates"":[]}"
7_00000000000000000079,122,4.7006106650843025,1992,"{""type"":""MultiPoint"",""coordinates"":[]}"
7_0000000000000000007a,123,15.761772321177528,1992,"{""type"":""MultiPoint"",""coordinates"":[]}"
7_0000000000000000007b,124,8.059916180649225,1992,"{""type"":""MultiPoint"",""coordinates"":[]}"
7_0000000000000000007d,126,18.971786803574584,1992,"{""type"":""MultiPoint"",""coordinates"":[]}"
7_0000000000000000007f,128,2.65160809853803,1992,"{""type"":""MultiPoint"",""coordinates"":[]}"
7_00000000000000000081,130,3.7943577682499905,1992,"{""type"":""MultiPoint"",""coordinates"":[]}"
7_00000000000000000083,132,0.3823786285611025,1992,"{""type"":""MultiPoint"",""coordinates"":[]}"
7_00000000000000000085,134,8.744251911800369,1992,"{""type"":""MultiPoint"",""coordinates"":[]}"
7_00000000000000000087,136,0.08065424176025388,1992,"{""type"":""MultiPoint"",""coordinates"":[]}"
7_00000000000000000089,138,0.9662064133410883,1992,"{""type"":""MultiPoint"",""coordinates"":[]}"
7_0000000000000000008b,140,2.621706036986348,1992,"{""type"":""MultiPoint"",""coordinates"":[]}"
7_0000000000000000008c,141,12.017389110877414,1992,"{""type"":""MultiPoint"",""coordinates"":[]}"
7_0000000000000000008d,142,34.224197456674375,1992,"{""type"":""MultiPoint"",""coordinates"":[]}"
7_0000000000000000008e,143,14.80061043428071,1992,"{""type"":""MultiPoint"",""coordinates"":[]}"
7_0000000000000000008f,144,111.54250703091954,1992,"{""type"":""MultiPoint"",""coordinates"":[]}"
8_00000000000000000001,2,4.730334121093749,1993,"{""type"":""MultiPoint"",""coordinates"":[]}"
8_00000000000000000003,4,0.08648463923268038,1993,"{""type"":""MultiPoint"",""coordinates"":[]}"
8_00000000000000000005,6,0.6410752505629626,1993,"{""type"":""MultiPoint"",""coordinates"":[]}"
8_00000000000000000007,8,0.8767936914775744,1993,"{""type"":""MultiPoint"",""coordinates"":[]}"
8_00000000000000000009,10,0.29995746504289134,1993,"{""type"":""MultiPoint"",""coordinates"":[]}"
8_0000000000000000000b,12,0.8022184434948463,1993,"{""type"":""MultiPoint"",""coordinates"":[]}"
8_0000000000000000000d,14,0.7304762833488927,1993,"{""type"":""MultiPoint"",""coordinates"":[]}"
8_0000000000000000000f,16,0.685374198917403,1993,"{""type"":""MultiPoint"",""coordinates"":[]}"
8_00000000000000000011,18,2.315093551086425,1993,"{""type"":""MultiPoint"",""coordinates"":[]}"
8_00000000000000000013,20,0.7231419455829714,1993,"{""type"":""MultiPoint"",""coordinates"":[]}"
8_00000000000000000015,22,0.0925040679931639,1993,"{""type"":""MultiPoint"",""coordinates"":[]}"
8_00000000000000000017,24,0.15109425244140615,1993,"{""type"":""MultiPoint"",""coordinates"":[]}"
8_00000000000000000019,26,1.0872932885131856,1993,"{""type"":""MultiPoint"",""coordinates"":[]}"
8_0000000000000000001a,27,0.0,1993,"{""type"":""MultiPoint"",""coordinates"":[]}"
8_0000000000000000001b,28,0.0,1993,"{""type"":""MultiPoint"",""coordinates"":[]}"
8_0000000000000000001c,29,3.0807259407349035,1993,"{""type"":""MultiPoint"",""coordinates"":[]}"
8_00000000000000000020,33,0.013570547485351563,1993,"{""type"":""MultiPoint"",""coordinates"":[]}"
8_00000000000000000022,35,0.0,1993,"{""type"":""MultiPoint"",""coordinates"":[]}"
8_00000000000000000024,37,0.01191409967041016,1993,"{""type"":""MultiPoint"",""coordinates"":[]}"
8_00000000000000000026,39,0.05630545422363281,1993,"{""type"":""MultiPoint"",""coordinates"":[]}"
8_00000000000000000028,41,0.0,1993,"{""type"":""MultiPoint"",""coordinates"":[]}"
8_0000000000000000002a,43,0.014119254302978517,1993,"{""type"":""MultiPoint"",""coordinates"":[]}"
8_0000000000000000002c,45,0.0,1993,"{""type"":""MultiPoint"",""coordinates"":[]}"
8_0000000000000000002f,48,0.0921451682128906,1993,"{""type"":""MultiPoint"",""coordinates"":[]}"
8_00000000000000000031,50,0.3487736107177733,1993,"{""type"":""MultiPoint"",""coordinates"":[]}"
8_00000000000000000033,52,0.0,1993,"{""type"":""MultiPoint"",""coordinates"":[]}"
8_00000000000000000035,54,0.04297878216552734,1993,"{""type"":""MultiPoint"",""coordinates"":[]}"
8_00000000000000000037,56,0.1638153078613282,1993,"{""type"":""MultiPoint"",""coordinates"":[]}"
8_00000000000000000039,58,0.03593626037597657,1993,"{""type"":""MultiPoint"",""coordinates"":[]}"
8_0000000000000000003b,60,0.0,1993,"{""type"":""MultiPoint"",""coordinates"":[]}"
8_0000000000000000003d,62,0.024256817565917972,1993,"{""type"":""MultiPoint"",""coordinates"":[]}"
8_0000000000000000003f,64,0.005764519348144532,1993,"{""type"":""MultiPoint"",""coordinates"":[]}"
8_00000000000000000041,66,0.002877564453125,1993,"{""type"":""MultiPoint"",""coordinates"":[]}"
8_00000000000000000043,68,0.03625300689697264,1993,"{""type"":""MultiPoint"",""coordinates"":[]}"
8_00000000000000000047,72,0.005761097167968751,1993,"{""type"":""MultiPoint"",""coordinates"":[]}"
8_00000000000000000049,74,0.028259219055175786,1993,"{""type"":""MultiPoint"",""coordinates"":[]}"
8_0000000000000000004b,76,0.05373859492977366,1993,"{""type"":""MultiPoint"",""coordinates"":[]}"
8_0000000000000000004d,78,0.5336493383178712,1993,"{""type"":""MultiPoint"",""coordinates"":[]}"
8_0000000000000000004e,79,0.0,1993,"{""type"":""MultiPoint"",""coordinates"":[]}"
8_00000000000000000050,81,1.2138165951538091,1993,"{""type"":""MultiPoint"",""coordinates"":[]}"
8_00000000000000000052,83,0.001604230553002451,1993,"{""type"":""MultiPoint"",""coordinates"":[]}"
8_00000000000000000054,85,0.013097590148925784,1993,"{""type"":""MultiPoint"",""coordinates"":[]}"
8_00000000000000000056,87,0.0,1993,"{""type"":""MultiPoint"",""coordinates"":[]}"
8_00000000000000000058,89,0.20606068112936474,1993,"{""type"":""MultiPoint"",""coordinates"":[]}"
8_0000000000000000005a,91,0.2634282629995299,1993,"{""type"":""MultiPoint"",""coordinates"":[]}"
8_0000000000000000005c,93,0.12941227999578708,1993,"{""type"":""MultiPoint"",""coordinates"":[]}"
8_0000000000000000005e,95,0.815082699401855,1993,"{""type"":""MultiPoint"",""coordinates"":[]}"
8_00000000000000000060,97,0.16944842761230478,1993,"{""type"":""MultiPoint"",""coordinates"":[]}"
8_00000000000000000062,99,0.04598595220947265,1993,"{""type"":""MultiPoint"",""coordinates"":[]}"
8_00000000000000000064,101,1.3087571992137166,1993,"{""type"":""MultiPoint"",""coordinates"":[]}"
8_00000000000000000066,103,13.759084757602752,1993,"{""type"":""MultiPoint"",""coordinates"":[]}"
8_00000000000000000068,105,0.14949474340820326,1993,"{""type"":""MultiPoint"",""coordinates"":[]}"
8_00000000000000000069,106,0.15790622521972644,1993,"{""type"":""MultiPoint"",""coordinates"":[]}"
8_0000000000000000006a,107,0.005005634704589844,1993,"{""type"":""MultiPoint"",""coordinates"":[]}"
8_0000000000000000006b,108,0.0,1993,"{""type"":""MultiPoint"",""coordinates"":[]}"
8_00000000000000000071,114,0.29585342883779414,1993,"{""type"":""MultiPoint"",""coordinates"":[]}"
8_00000000000000000073,116,0.2608082954008224,1993,"{""type"":""MultiPoint"",""coordinates"":[]}"
8_00000000000000000075,118,1.3251529021137267,1993,"{""type"":""MultiPoint"",""coordinates"":[]}"
8_00000000000000000077,120,0.06595746864827477,1993,"{""type"":""MultiPoint"",""coordinates"":[]}"
8_0000000000000000007c,125,0.042388818664550784,1993,"{""type"":""MultiPoint"",""coordinates"":[]}"
8_0000000000000000007e,127,0.09508828607177741,1993,"{""type"":""MultiPoint"",""coordinates"":[]}"
8_00000000000000000080,129,0.6548241793823241,1993,"{""type"":""MultiPoint"",""coordinates"":[]}"
8_00000000000000000082,131,0.1693993945886948,1993,"{""type"":""MultiPoint"",""coordinates"":[]}"
8_00000000000000000084,133,0.009746011127068015,1993,"{""type"":""MultiPoint"",""coordinates"":[]}"
8_00000000000000000086,135,0.23303222198486287,1993,"{""type"":""MultiPoint"",""coordinates"":[]}"
8_00000000000000000088,137,0.0,1993,"{""type"":""MultiPoint"",""coordinates"":[]}"
8_0000000000000000008a,139,0.0,1993,"{""type"":""MultiPoint"",""coordinates"":[]}"
8_00000000000000000000,1,17.016380401010768,1993,"{""type"":""MultiPoint"",""coordinates"":[]}"
8_00000000000000000002,3,11.539327795314446,1993,"{""type"":""MultiPoint"",""coordinates"":[]}"
8_00000000000000000004,5,6.457244568978316,1993,"{""type"":""MultiPoint"",""coordinates"":[]}"
8_00000000000000000006,7,17.316784791891067,1993,"{""type"":""MultiPoint"",""coordinates"":[]}"
8_00000000000000000008,9,0.6392120225674514,1993,"{""type"":""MultiPoint"",""coordinates"":[]}"
8_0000000000000000000a,11,10.608193817684382,1993,"{""type"":""MultiPoint"",""coordinates"":[]}"
8_0000000000000000000c,13,0.6899667235181635,1993,"{""type"":""MultiPoint"",""coordinates"":[]}"
8_0000000000000000000e,15,4.2164849440092,1993,"{""type"":""MultiPoint"",""coordinates"":[]}"
8_00000000000000000010,17,7.052936419382127,1993,"{""type"":""MultiPoint"",""coordinates"":[]}"
8_00000000000000000012,19,1.8252422950286342,1993,"{""type"":""MultiPoint"",""coordinates"":[]}"
8_00000000000000000014,21,10.044784796573403,1993,"{""type"":""MultiPoint"",""coordinates"":[]}"
8_00000000000000000016,23,4.0692899133641856,1993,"{""type"":""MultiPoint"",""coordinates"":[]}"
8_00000000000000000018,25,4.0172797190861695,1993,"{""type"":""MultiPoint"",""coordinates"":[]}"
8_0000000000000000001d,30,0.986511517422912,1993,"{""type"":""MultiPoint"",""coordinates"":[]}"
8_0000000000000000001e,31,0.0,1993,"{""type"":""MultiPoint"",""coordinates"":[]}"
8_0000000000000000001f,32,1.3532247946960445,1993,"{""type"":""MultiPoint"",""coordinates"":[]}"
8_00000000000000000021,34,2.962352814715219,1993,"{""type"":""MultiPoint"",""coordinates"":[]}"
8_00000000000000000023,36,0.20777872291128108,1993,"{""type"":""MultiPoint"",""coordinates"":[]}"
8_00000000000000000025,38,0.8170987007118387,1993,"{""type"":""MultiPoint"",""coordinates"":[]}"
8_00000000000000000027,40,1.7510646259082243,1993,"{""type"":""MultiPoint"",""coordinates"":[]}"
8_00000000000000000029,42,0.6534172040173098,1993,"{""type"":""MultiPoint"",""coordinates"":[]}"
8_0000000000000000002b,44,6.572522973360779,1993,"{""type"":""MultiPoint"",""coordinates"":[]}"
8_0000000000000000002d,46,2.2748071834498895,1993,"{""type"":""MultiPoint"",""coordinates"":[]}"
8_0000000000000000002e,47,14.677356449726679,1993,"{""type"":""MultiPoint"",""coordinates"":[]}"
8_00000000000000000030,49,1.3972752231746872,1993,"{""type"":""MultiPoint"",""coordinates"":[]}"
8_00000000000000000032,51,6.589425193915391,1993,"{""type"":""MultiPoint"",""coordinates"":[]}"
8_00000000000000000034,53,0.7023729182210295,1993,"{""type"":""MultiPoint"",""coordinates"":[]}"
8_00000000000000000036,55,9.167389531100163,1993,"{""type"":""MultiPoint"",""coordinates"":[]}"
8_00000000000000000038,57,0.8555485250986127,1993,"{""type"":""MultiPoint"",""coordinates"":[]}"
8_0000000000000000003a,59,9.860016650532174,1993,"{""type"":""MultiPoint"",""coordinates"":[]}"
8_0000000000000000003c,61,10.305895598949997,1993,"{""type"":""MultiPoint"",""coordinates"":[]}"
8_0000000000000000003e,63,1.1353801700439456,1993,"{""type"":""MultiPoint"",""coordinates"":[]}"
8_00000000000000000040,65,3.99194092914199,1993,"{""type"":""MultiPoint"",""coordinates"":[]}"
8_00000000000000000042,67,0.7322079428469185,1993,"{""type"":""MultiPoint"",""coordinates"":[]}"
8_00000000000000000044,69,0.040296783752441404,1993,"{""type"":""MultiPoint"",""coordinates"":[]}"
8_00000000000000000045,70,0.0,1993,"{""type"":""MultiPoint"",""coordinates"":[]}"
8_00000000000000000046,71,0.27474551562500005,1993,"{""type"":""MultiPoint"",""coordinates"":[]}"
8_00000000000000000048,73,3.00639458668333,1993,"{""type"":""MultiPoint"",""coordinates"":[]}"
8_0000000000000000004a,75,5.385814613601221,1993,"{""type"":""MultiPoint"",""coordinates"":[]}"
8_0000000000000000004c,77,5.429830115006491,1993,"{""type"":""MultiPoint"",""coordinates"":[]}"
8_0000000000000000004f,80,7.568496988407114,1993,"{""type"":""MultiPoint"",""coordinates"":[]}"
8_00000000000000000051,82,4.9037712679754435,1993,"{""type"":""MultiPoint"",""coordinates"":[]}"
8_00000000000000000053,84,20.60279137323291,1993,"{""type"":""MultiPoint"",""coordinates"":[]}"
8_00000000000000000055,86,0.009500833557128907,1993,"{""type"":""MultiPoint"",""coordinates"":[]}"
8_00000000000000000057,88,10.974657070921442,1993,"{""type"":""MultiPoint"",""coordinates"":[]}"
8_00000000000000000059,90,1.3436446954920145,1993,"{""type"":""MultiPoint"",""coordinates"":[]}"
8_0000000000000000005b,92,6.882061421274187,1993,"{""type"":""MultiPoint"",""coordinates"":[]}"
8_0000000000000000005d,94,62.53160901279871,1993,"{""type"":""MultiPoint"",""coordinates"":[]}"
8_0000000000000000005f,96,136.11176636845067,1993,"{""type"":""MultiPoint"",""coordinates"":[]}"
8_00000000000000000061,98,87.2452503700273,1993,"{""type"":""MultiPoint"",""coordinates"":[]}"
8_00000000000000000063,100,22.082639296658794,1993,"{""type"":""MultiPoint"",""coordinates"":[]}"
8_00000000000000000065,102,57.34971319877356,1993,"{""type"":""MultiPoint"",""coordinates"":[]}"
8_00000000000000000067,104,16.476123913162798,1993,"{""type"":""MultiPoint"",""coordinates"":[]}"
8_0000000000000000006c,109,1.2367111065673855,1993,"{""type"":""MultiPoint"",""coordinates"":[]}"
8_0000000000000000006d,110,13.144121831233146,1993,"{""type"":""MultiPoint"",""coordinates"":[]}"
8_0000000000000000006e,111,0.0,1993,"{""type"":""MultiPoint"",""coordinates"":[]}"
8_0000000000000000006f,112,0.0,1993,"{""type"":""MultiPoint"",""coordinates"":[]}"
8_00000000000000000070,113,1.044752629648246,1993,"{""type"":""MultiPoint"",""coordinates"":[]}"
8_00000000000000000072,115,21.756464954177652,1993,"{""type"":""MultiPoint"",""coordinates"":[]}"
8_00000000000000000074,117,1.3360001957193979,1993,"{""type"":""MultiPoint"",""coordinates"":[]}"
8_00000000000000000076,119,0.16048735230162367,1993,"{""type"":""MultiPoint"",""coordinates"":[]}"
8_00000000000000000078,121,10.839226283191632,1993,"{""type"":""MultiPoint"",""coordinates"":[]}"
8_00000000000000000079,122,4.690261440719068,1993,"{""type"":""MultiPoint"",""coordinates"":[]}"
8_0000000000000000007a,123,15.7340488270369,1993,"{""type"":""MultiPoint"",""coordinates"":[]}"
8_0000000000000000007b,124,8.058771834274713,1993,"{""type"":""MultiPoint"",""coordinates"":[]}"
8_0000000000000000007d,126,18.97287586495082,1993,"{""type"":""MultiPoint"",""coordinates"":[]}"
8_0000000000000000007f,128,2.6510367682767995,1993,"{""type"":""MultiPoint"",""coordinates"":[]}"
8_00000000000000000081,130,3.7825813668828028,1993,"{""type"":""MultiPoint"",""coordinates"":[]}"
8_00000000000000000083,132,0.3817851957608095,1993,"{""type"":""MultiPoint"",""coordinates"":[]}"
8_00000000000000000085,134,8.671484131099685,1993,"{""type"":""MultiPoint"",""coordinates"":[]}"
8_00000000000000000087,136,0.08065424176025388,1993,"{""type"":""MultiPoint"",""coordinates"":[]}"
8_00000000000000000089,138,0.961365436229272,1993,"{""type"":""MultiPoint"",""coordinates"":[]}"
8_0000000000000000008b,140,2.6229291406850783,1993,"{""type"":""MultiPoint"",""coordinates"":[]}"
8_0000000000000000008c,141,11.959165824683565,1993,"{""type"":""MultiPoint"",""coordinates"":[]}"
8_0000000000000000008d,142,34.1942128291109,1993,"{""type"":""MultiPoint"",""coordinates"":[]}"
8_0000000000000000008e,143,14.798598878413914,1993,"{""type"":""MultiPoint"",""coordinates"":[]}"
8_0000000000000000008f,144,111.3951810868235,1993,"{""type"":""MultiPoint"",""coordinates"":[]}"
9_00000000000000000001,2,4.725640007934573,1994,"{""type"":""MultiPoint"",""coordinates"":[]}"
9_00000000000000000003,4,0.08308157416920382,1994,"{""type"":""MultiPoint"",""coordinates"":[]}"
9_00000000000000000005,6,0.6252289120619856,1994,"{""type"":""MultiPoint"",""coordinates"":[]}"
9_00000000000000000007,8,0.8745923020732774,1994,"{""type"":""MultiPoint"",""coordinates"":[]}"
9_00000000000000000009,10,0.29614320094377017,1994,"{""type"":""MultiPoint"",""coordinates"":[]}"
9_0000000000000000000b,12,0.8065364220104716,1994,"{""type"":""MultiPoint"",""coordinates"":[]}"
9_0000000000000000000d,14,0.7310129619987953,1994,"{""type"":""MultiPoint"",""coordinates"":[]}"
9_0000000000000000000f,16,0.6774256711464072,1994,"{""type"":""MultiPoint"",""coordinates"":[]}"
9_00000000000000000011,18,2.3066065787963854,1994,"{""type"":""MultiPoint"",""coordinates"":[]}"
9_00000000000000000013,20,0.7183988396259401,1994,"{""type"":""MultiPoint"",""coordinates"":[]}"
9_00000000000000000015,22,0.0925040679931639,1994,"{""type"":""MultiPoint"",""coordinates"":[]}"
9_00000000000000000017,24,0.1455363954467773,1994,"{""type"":""MultiPoint"",""coordinates"":[]}"
9_00000000000000000019,26,1.0902681687927265,1994,"{""type"":""MultiPoint"",""coordinates"":[]}"
9_0000000000000000001a,27,0.0,1994,"{""type"":""MultiPoint"",""coordinates"":[]}"
9_0000000000000000001b,28,0.0,1994,"{""type"":""MultiPoint"",""coordinates"":[]}"
9_0000000000000000001c,29,3.0717658635559486,1994,"{""type"":""MultiPoint"",""coordinates"":[]}"
9_00000000000000000020,33,0.013570547485351563,1994,"{""type"":""MultiPoint"",""coordinates"":[]}"
9_00000000000000000022,35,0.0,1994,"{""type"":""MultiPoint"",""coordinates"":[]}"
9_00000000000000000024,37,0.01191409967041016,1994,"{""type"":""MultiPoint"",""coordinates"":[]}"
9_00000000000000000026,39,0.05630545422363281,1994,"{""type"":""MultiPoint"",""coordinates"":[]}"
9_00000000000000000028,41,0.0,1994,"{""type"":""MultiPoint"",""coordinates"":[]}"
9_0000000000000000002a,43,0.014119254302978517,1994,"{""type"":""MultiPoint"",""coordinates"":[]}"
9_0000000000000000002c,45,0.0,1994,"{""type"":""MultiPoint"",""coordinates"":[]}"
9_0000000000000000002f,48,0.09535479443359371,1994,"{""type"":""MultiPoint"",""coordinates"":[]}"
9_00000000000000000031,50,0.3487736107177733,1994,"{""type"":""MultiPoint"",""coordinates"":[]}"
9_00000000000000000033,52,0.0,1994,"{""type"":""MultiPoint"",""coordinates"":[]}"
9_00000000000000000035,54,0.04297878216552734,1994,"{""type"":""MultiPoint"",""coordinates"":[]}"
9_00000000000000000037,56,0.1638153078613282,1994,"{""type"":""MultiPoint"",""coordinates"":[]}"
9_00000000000000000039,58,0.03593626037597657,1994,"{""type"":""MultiPoint"",""coordinates"":[]}"
9_0000000000000000003b,60,0.0,1994,"{""type"":""MultiPoint"",""coordinates"":[]}"
9_0000000000000000003d,62,0.024256817565917972,1994,"{""type"":""MultiPoint"",""coordinates"":[]}"
9_0000000000000000003f,64,0.005764519348144532,1994,"{""type"":""MultiPoint"",""coordinates"":[]}"
9_00000000000000000041,66,0.002877564453125,1994,"{""type"":""MultiPoint"",""coordinates"":[]}"
9_00000000000000000043,68,0.035102075927734365,1994,"{""type"":""MultiPoint"",""coordinates"":[]}"
9_00000000000000000047,72,0.005761097167968751,1994,"{""type"":""MultiPoint"",""coordinates"":[]}"
9_00000000000000000049,74,0.024137759643554683,1994,"{""type"":""MultiPoint"",""coordinates"":[]}"
9_0000000000000000004b,76,0.05137227632625804,1994,"{""type"":""MultiPoint"",""coordinates"":[]}"
9_0000000000000000004d,78,0.5336493383178712,1994,"{""type"":""MultiPoint"",""coordinates"":[]}"
9_0000000000000000004e,79,0.0,1994,"{""type"":""MultiPoint"",""coordinates"":[]}"
9_00000000000000000050,81,1.2169313693847656,1994,"{""type"":""MultiPoint"",""coordinates"":[]}"
9_00000000000000000052,83,0.001604230553002451,1994,"{""type"":""MultiPoint"",""coordinates"":[]}"
9_00000000000000000054,85,0.013097590148925784,1994,"{""type"":""MultiPoint"",""coordinates"":[]}"
9_00000000000000000056,87,0.0,1994,"{""type"":""MultiPoint"",""coordinates"":[]}"
9_00000000000000000058,89,0.20606068112936474,1994,"{""type"":""MultiPoint"",""coordinates"":[]}"
9_0000000000000000005a,91,0.26762831152247907,1994,"{""type"":""MultiPoint"",""coordinates"":[]}"
9_0000000000000000005c,93,0.12338551656805272,1994,"{""type"":""MultiPoint"",""coordinates"":[]}"
9_0000000000000000005e,95,0.8132391297607416,1994,"{""type"":""MultiPoint"",""coordinates"":[]}"
9_00000000000000000060,97,0.16880167944335944,1994,"{""type"":""MultiPoint"",""coordinates"":[]}"
9_00000000000000000062,99,0.0657856099243164,1994,"{""type"":""MultiPoint"",""coordinates"":[]}"
9_00000000000000000064,101,1.3024156645457476,1994,"{""type"":""MultiPoint"",""coordinates"":[]}"
9_00000000000000000066,103,13.769101695346908,1994,"{""type"":""MultiPoint"",""coordinates"":[]}"
9_00000000000000000068,105,0.1444399729614259,1994,"{""type"":""MultiPoint"",""coordinates"":[]}"
9_00000000000000000069,106,0.15853181695556628,1994,"{""type"":""MultiPoint"",""coordinates"":[]}"
9_0000000000000000006a,107,0.005005634704589844,1994,"{""type"":""MultiPoint"",""coordinates"":[]}"
9_0000000000000000006b,108,0.0,1994,"{""type"":""MultiPoint"",""coordinates"":[]}"
9_00000000000000000071,114,0.29585342883779414,1994,"{""type"":""MultiPoint"",""coordinates"":[]}"
9_00000000000000000073,116,0.2596635636503341,1994,"{""type"":""MultiPoint"",""coordinates"":[]}"
9_00000000000000000075,118,1.3240033750141171,1994,"{""type"":""MultiPoint"",""coordinates"":[]}"
9_00000000000000000077,120,0.07463812550862643,1994,"{""type"":""MultiPoint"",""coordinates"":[]}"
9_0000000000000000007c,125,0.042388818664550784,1994,"{""type"":""MultiPoint"",""coordinates"":[]}"
9_0000000000000000007e,127,0.09508828607177741,1994,"{""type"":""MultiPoint"",""coordinates"":[]}"
9_00000000000000000080,129,0.6477570802001953,1994,"{""type"":""MultiPoint"",""coordinates"":[]}"
9_00000000000000000082,131,0.1693993945886948,1994,"{""type"":""MultiPoint"",""coordinates"":[]}"
9_00000000000000000084,133,0.009746011127068015,1994,"{""type"":""MultiPoint"",""coordinates"":[]}"
9_00000000000000000086,135,0.23121729083251913,1994,"{""type"":""MultiPoint"",""coordinates"":[]}"
9_00000000000000000088,137,0.0,1994,"{""type"":""MultiPoint"",""coordinates"":[]}"
9_0000000000000000008a,139,0.0,1994,"{""type"":""MultiPoint"",""coordinates"":[]}"
9_00000000000000000000,1,16.99042273127199,1994,"{""type"":""MultiPoint"",""coordinates"":[]}"
9_00000000000000000002,3,11.507186608363764,1994,"{""type"":""MultiPoint"",""coordinates"":[]}"
9_00000000000000000004,5,6.437248024422651,1994,"{""type"":""MultiPoint"",""coordinates"":[]}"
9_00000000000000000006,7,17.259412336150646,1994,"{""type"":""MultiPoint"",""coordinates"":[]}"
9_00000000000000000008,9,0.6364699838711623,1994,"{""type"":""MultiPoint"",""coordinates"":[]}"
9_0000000000000000000a,11,10.524600643184876,1994,"{""type"":""MultiPoint"",""coordinates"":[]}"
9_0000000000000000000c,13,0.6824121756666004,1994,"{""type"":""MultiPoint"",""coordinates"":[]}"
9_0000000000000000000e,15,4.194080706521406,1994,"{""type"":""MultiPoint"",""coordinates"":[]}"
9_00000000000000000010,17,7.0279252555637655,1994,"{""type"":""MultiPoint"",""coordinates"":[]}"
9_00000000000000000012,19,1.8004329067229676,1994,"{""type"":""MultiPoint"",""coordinates"":[]}"
9_00000000000000000014,21,10.001463307254555,1994,"{""type"":""MultiPoint"",""coordinates"":[]}"
9_00000000000000000016,23,4.063162047366871,1994,"{""type"":""MultiPoint"",""coordinates"":[]}"
9_00000000000000000018,25,4.002372386871814,1994,"{""type"":""MultiPoint"",""coordinates"":[]}"
9_0000000000000000001d,30,0.9805677606506431,1994,"{""type"":""MultiPoint"",""coordinates"":[]}"
9_0000000000000000001e,31,0.0,1994,"{""type"":""MultiPoint"",""coordinates"":[]}"
9_0000000000000000001f,32,1.3546608387023926,1994,"{""type"":""MultiPoint"",""coordinates"":[]}"
9_00000000000000000021,34,2.9742052089412945,1994,"{""type"":""MultiPoint"",""coordinates"":[]}"
9_00000000000000000023,36,0.20777872291128108,1994,"{""type"":""MultiPoint"",""coordinates"":[]}"
9_00000000000000000025,38,0.8185947613502663,1994,"{""type"":""MultiPoint"",""coordinates"":[]}"
9_00000000000000000027,40,1.7640514927600313,1994,"{""type"":""MultiPoint"",""coordinates"":[]}"
9_00000000000000000029,42,0.6629865158764405,1994,"{""type"":""MultiPoint"",""coordinates"":[]}"
9_0000000000000000002b,44,6.6448100389807525,1994,"{""type"":""MultiPoint"",""coordinates"":[]}"
9_0000000000000000002d,46,2.2742995731593623,1994,"{""type"":""MultiPoint"",""coordinates"":[]}"
9_0000000000000000002e,47,14.690853452762164,1994,"{""type"":""MultiPoint"",""coordinates"":[]}"
9_00000000000000000030,49,1.4010406270443159,1994,"{""type"":""MultiPoint"",""coordinates"":[]}"
9_00000000000000000032,51,6.594247429266954,1994,"{""type"":""MultiPoint"",""coordinates"":[]}"
9_00000000000000000034,53,0.7002296693196625,1994,"{""type"":""MultiPoint"",""coordinates"":[]}"
9_00000000000000000036,55,9.165052352511298,1994,"{""type"":""MultiPoint"",""coordinates"":[]}"
9_00000000000000000038,57,0.8589674797315402,1994,"{""type"":""MultiPoint"",""coordinates"":[]}"
9_0000000000000000003a,59,9.86491305793897,1994,"{""type"":""MultiPoint"",""coordinates"":[]}"
9_0000000000000000003c,61,10.293815190197556,1994,"{""type"":""MultiPoint"",""coordinates"":[]}"
9_0000000000000000003e,63,1.1313437969360356,1994,"{""type"":""MultiPoint"",""coordinates"":[]}"
9_00000000000000000040,65,3.985607630680076,1994,"{""type"":""MultiPoint"",""coordinates"":[]}"
9_00000000000000000042,67,0.7310549803835398,1994,"{""type"":""MultiPoint"",""coordinates"":[]}"
9_00000000000000000044,69,0.040296783752441404,1994,"{""type"":""MultiPoint"",""coordinates"":[]}"
9_00000000000000000045,70,0.0,1994,"{""type"":""MultiPoint"",""coordinates"":[]}"
9_00000000000000000046,71,0.2695616359863282,1994,"{""type"":""MultiPoint"",""coordinates"":[]}"
9_00000000000000000048,73,3.009847886732159,1994,"{""type"":""MultiPoint"",""coordinates"":[]}"
9_0000000000000000004a,75,5.392535954380605,1994,"{""type"":""MultiPoint"",""coordinates"":[]}"
9_0000000000000000004c,77,5.416144632706686,1994,"{""type"":""MultiPoint"",""coordinates"":[]}"
9_0000000000000000004f,80,7.564809252933482,1994,"{""type"":""MultiPoint"",""coordinates"":[]}"
9_00000000000000000051,82,4.9056131910101115,1994,"{""type"":""MultiPoint"",""coordinates"":[]}"
9_00000000000000000053,84,20.626318705142083,1994,"{""type"":""MultiPoint"",""coordinates"":[]}"
9_00000000000000000055,86,0.009500833557128907,1994,"{""type"":""MultiPoint"",""coordinates"":[]}"
9_00000000000000000057,88,10.975855451597713,1994,"{""type"":""MultiPoint"",""coordinates"":[]}"
9_00000000000000000059,90,1.3436446954920145,1994,"{""type"":""MultiPoint"",""coordinates"":[]}"
9_0000000000000000005b,92,6.877847392831805,1994,"{""type"":""MultiPoint"",""coordinates"":[]}"
9_0000000000000000005d,94,62.51924906565513,1994,"{""type"":""MultiPoint"",""coordinates"":[]}"
9_0000000000000000005f,96,135.97449202335798,1994,"{""type"":""MultiPoint"",""coordinates"":[]}"
9_00000000000000000061,98,87.23680311581587,1994,"{""type"":""MultiPoint"",""coordinates"":[]}"
9_00000000000000000063,100,22.101007088674898,1994,"{""type"":""MultiPoint"",""coordinates"":[]}"
9_00000000000000000065,102,57.426933646686166,1994,"{""type"":""MultiPoint"",""coordinates"":[]}"
9_00000000000000000067,104,16.49622440187132,1994,"{""type"":""MultiPoint"",""coordinates"":[]}"
9_0000000000000000006c,109,1.2367111065673855,1994,"{""type"":""MultiPoint"",""coordinates"":[]}"
9_0000000000000000006d,110,13.119311752436749,1994,"{""type"":""MultiPoint"",""coordinates"":[]}"
9_0000000000000000006e,111,0.0,1994,"{""type"":""MultiPoint"",""coordinates"":[]}"
9_0000000000000000006f,112,0.0,1994,"{""type"":""MultiPoint"",""coordinates"":[]}"
9_00000000000000000070,113,1.0346900085544957,1994,"{""type"":""MultiPoint"",""coordinates"":[]}"
9_00000000000000000072,115,21.67038074816485,1994,"{""type"":""MultiPoint"",""coordinates"":[]}"
9_00000000000000000074,117,1.326825342325843,1994,"{""type"":""MultiPoint"",""coordinates"":[]}"
9_00000000000000000076,119,0.16048735230162367,1994,"{""type"":""MultiPoint"",""coordinates"":[]}"
9_00000000000000000078,121,10.849670176184071,1994,"{""type"":""MultiPoint"",""coordinates"":[]}"
9_00000000000000000079,122,4.633548710677564,1994,"{""type"":""MultiPoint"",""coordinates"":[]}"
9_0000000000000000007a,123,15.655724471690222,1994,"{""type"":""MultiPoint"",""coordinates"":[]}"
9_0000000000000000007b,124,8.043187973556941,1994,"{""type"":""MultiPoint"",""coordinates"":[]}"
9_0000000000000000007d,126,18.943213827888112,1994,"{""type"":""MultiPoint"",""coordinates"":[]}"
9_0000000000000000007f,128,2.6381160852323653,1994,"{""type"":""MultiPoint"",""coordinates"":[]}"
9_00000000000000000081,130,3.7690454118657124,1994,"{""type"":""MultiPoint"",""coordinates"":[]}"
9_00000000000000000083,132,0.3616053987637392,1994,"{""type"":""MultiPoint"",""coordinates"":[]}"
9_00000000000000000085,134,8.634292329708083,1994,"{""type"":""MultiPoint"",""coordinates"":[]}"
9_00000000000000000087,136,0.08065424176025388,1994,"{""type"":""MultiPoint"",""coordinates"":[]}"
9_00000000000000000089,138,0.9540906428332757,1994,"{""type"":""MultiPoint"",""coordinates"":[]}"
9_0000000000000000008b,140,2.619312045597572,1994,"{""type"":""MultiPoint"",""coordinates"":[]}"
9_0000000000000000008c,141,11.897921854224583,1994,"{""type"":""MultiPoint"",""coordinates"":[]}"
9_0000000000000000008d,142,34.03714430327579,1994,"{""type"":""MultiPoint"",""coordinates"":[]}"
9_0000000000000000008e,143,14.79003456610636,1994,"{""type"":""MultiPoint"",""coordinates"":[]}"
9_0000000000000000008f,144,111.22651836826574,1994,"{""type"":""MultiPoint"",""coordinates"":[]}"
10_00000000000000000001,2,4.717441183837893,1995,"{""type"":""MultiPoint"",""coordinates"":[]}"
10_00000000000000000003,4,0.08024534937672335,1995,"{""type"":""MultiPoint"",""coordinates"":[]}"
10_00000000000000000005,6,0.6208478932590886,1995,"{""type"":""MultiPoint"",""coordinates"":[]}"
10_00000000000000000007,8,0.8729413947246446,1995,"{""type"":""MultiPoint"",""coordinates"":[]}"
10_00000000000000000009,10,0.2955980910194538,1995,"{""type"":""MultiPoint"",""coordinates"":[]}"
10_0000000000000000000b,12,0.8016665598278538,1995,"{""type"":""MultiPoint"",""coordinates"":[]}"
10_0000000000000000000d,14,0.7358411852043618,1995,"{""type"":""MultiPoint"",""coordinates"":[]}"
10_0000000000000000000f,16,0.676365785953536,1995,"{""type"":""MultiPoint"",""coordinates"":[]}"
10_00000000000000000011,18,2.27901314599609,1995,"{""type"":""MultiPoint"",""coordinates"":[]}"
10_00000000000000000013,20,0.7031082629047479,1995,"{""type"":""MultiPoint"",""coordinates"":[]}"
10_00000000000000000015,22,0.09043681115722643,1995,"{""type"":""MultiPoint"",""coordinates"":[]}"
10_00000000000000000017,24,0.15412522952270505,1995,"{""type"":""MultiPoint"",""coordinates"":[]}"
10_00000000000000000019,26,1.0872971951293964,1995,"{""type"":""MultiPoint"",""coordinates"":[]}"
10_0000000000000000001a,27,0.0,1995,"{""type"":""MultiPoint"",""coordinates"":[]}"
10_0000000000000000001b,28,0.0,1995,"{""type"":""MultiPoint"",""coordinates"":[]}"
10_0000000000000000001c,29,3.060457052459758,1995,"{""type"":""MultiPoint"",""coordinates"":[]}"
10_00000000000000000020,33,0.013570547485351563,1995,"{""type"":""MultiPoint"",""coordinates"":[]}"
10_00000000000000000022,35,0.0,1995,"{""type"":""MultiPoint"",""coordinates"":[]}"
10_00000000000000000024,37,0.01191409967041016,1995,"{""type"":""MultiPoint"",""coordinates"":[]}"
10_00000000000000000026,39,0.05630545422363281,1995,"{""type"":""MultiPoint"",""coordinates"":[]}"
10_00000000000000000028,41,0.0,1995,"{""type"":""MultiPoint"",""coordinates"":[]}"
10_0000000000000000002a,43,0.014119254302978517,1995,"{""type"":""MultiPoint"",""coordinates"":[]}"
10_0000000000000000002c,45,0.0,1995,"{""type"":""MultiPoint"",""coordinates"":[]}"
10_0000000000000000002f,48,0.0932171305541992,1995,"{""type"":""MultiPoint"",""coordinates"":[]}"
10_00000000000000000031,50,0.3487736107177733,1995,"{""type"":""MultiPoint"",""coordinates"":[]}"
10_00000000000000000033,52,0.0,1995,"{""type"":""MultiPoint"",""coordinates"":[]}"
10_00000000000000000035,54,0.04297878216552734,1995,"{""type"":""MultiPoint"",""coordinates"":[]}"
10_00000000000000000037,56,0.1615711865234376,1995,"{""type"":""MultiPoint"",""coordinates"":[]}"
10_00000000000000000039,58,0.03593626037597657,1995,"{""type"":""MultiPoint"",""coordinates"":[]}"
10_0000000000000000003b,60,0.0,1995,"{""type"":""MultiPoint"",""coordinates"":[]}"
10_0000000000000000003d,62,0.024256817565917972,1995,"{""type"":""MultiPoint"",""coordinates"":[]}"
10_0000000000000000003f,64,0.005764519348144532,1995,"{""type"":""MultiPoint"",""coordinates"":[]}"
10_00000000000000000041,66,0.002877564453125,1995,"{""type"":""MultiPoint"",""coordinates"":[]}"
10_00000000000000000043,68,0.035102075927734365,1995,"{""type"":""MultiPoint"",""coordinates"":[]}"
10_00000000000000000047,72,0.005761097167968751,1995,"{""type"":""MultiPoint"",""coordinates"":[]}"
10_00000000000000000049,74,0.024137759643554683,1995,"{""type"":""MultiPoint"",""coordinates"":[]}"
10_0000000000000000004b,76,0.05137227632625804,1995,"{""type"":""MultiPoint"",""coordinates"":[]}"
10_0000000000000000004d,78,0.5234511898193364,1995,"{""type"":""MultiPoint"",""coordinates"":[]}"
10_0000000000000000004e,79,0.0,1995,"{""type"":""MultiPoint"",""coordinates"":[]}"
10_00000000000000000050,81,1.21508247454834,1995,"{""type"":""MultiPoint"",""coordinates"":[]}"
10_00000000000000000052,83,0.001604230553002451,1995,"{""type"":""MultiPoint"",""coordinates"":[]}"
10_00000000000000000054,85,0.013097590148925784,1995,"{""type"":""MultiPoint"",""coordinates"":[]}"
10_00000000000000000056,87,0.0,1995,"{""type"":""MultiPoint"",""coordinates"":[]}"
10_00000000000000000058,89,0.20606068112936474,1995,"{""type"":""MultiPoint"",""coordinates"":[]}"
10_0000000000000000005a,91,0.2826296426992369,1995,"{""type"":""MultiPoint"",""coordinates"":[]}"
10_0000000000000000005c,93,0.12398822091375583,1995,"{""type"":""MultiPoint"",""coordinates"":[]}"
10_0000000000000000005e,95,0.8132391297607416,1995,"{""type"":""MultiPoint"",""coordinates"":[]}"
10_00000000000000000060,97,0.1726821656494142,1995,"{""type"":""MultiPoint"",""coordinates"":[]}"
10_00000000000000000062,99,0.06706293426513672,1995,"{""type"":""MultiPoint"",""coordinates"":[]}"
10_00000000000000000064,101,1.3024156527049273,1995,"{""type"":""MultiPoint"",""coordinates"":[]}"
10_00000000000000000066,103,13.717271363498751,1995,"{""type"":""MultiPoint"",""coordinates"":[]}"
10_00000000000000000068,105,0.1444399729614259,1995,"{""type"":""MultiPoint"",""coordinates"":[]}"
10_00000000000000000069,106,0.15477385266113272,1995,"{""type"":""MultiPoint"",""coordinates"":[]}"
10_0000000000000000006a,107,0.005005634704589844,1995,"{""type"":""MultiPoint"",""coordinates"":[]}"
10_0000000000000000006b,108,0.0,1995,"{""type"":""MultiPoint"",""coordinates"":[]}"
10_00000000000000000071,114,0.2929127821092786,1995,"{""type"":""MultiPoint"",""coordinates"":[]}"
10_00000000000000000073,116,0.25851884160443567,1995,"{""type"":""MultiPoint"",""coordinates"":[]}"
10_00000000000000000075,118,1.319980227248003,1995,"{""type"":""MultiPoint"",""coordinates"":[]}"
10_00000000000000000077,120,0.07877749434766598,1995,"{""type"":""MultiPoint"",""coordinates"":[]}"
10_0000000000000000007c,125,0.042388818664550784,1995,"{""type"":""MultiPoint"",""coordinates"":[]}"
10_0000000000000000007e,127,0.09508828607177741,1995,"{""type"":""MultiPoint"",""coordinates"":[]}"
10_00000000000000000080,129,0.6406838199462891,1995,"{""type"":""MultiPoint"",""coordinates"":[]}"
10_00000000000000000082,131,0.1640433605310776,1995,"{""type"":""MultiPoint"",""coordinates"":[]}"
10_00000000000000000084,133,0.009746011127068015,1995,"{""type"":""MultiPoint"",""coordinates"":[]}"
10_00000000000000000086,135,0.23121729083251913,1995,"{""type"":""MultiPoint"",""coordinates"":[]}"
10_00000000000000000088,137,0.0,1995,"{""type"":""MultiPoint"",""coordinates"":[]}"
10_0000000000000000008a,139,0.0,1995,"{""type"":""MultiPoint"",""coordinates"":[]}"
10_00000000000000000000,1,17.015610007280873,1995,"{""type"":""MultiPoint"",""coordinates"":[]}"
10_00000000000000000002,3,11.48903602856137,1995,"{""type"":""MultiPoint"",""coordinates"":[]}"
10_00000000000000000004,5,6.420477616345667,1995,"{""type"":""MultiPoint"",""coordinates"":[]}"
10_00000000000000000006,7,17.207332721099366,1995,"{""type"":""MultiPoint"",""coordinates"":[]}"
10_00000000000000000008,9,0.6348139516445996,1995,"{""type"":""MultiPoint"",""coordinates"":[]}"
10_0000000000000000000a,11,10.438772704158993,1995,"{""type"":""MultiPoint"",""coordinates"":[]}"
10_0000000000000000000c,13,0.6824121756666004,1995,"{""type"":""MultiPoint"",""coordinates"":[]}"
10_0000000000000000000e,15,4.187692866799726,1995,"{""type"":""MultiPoint"",""coordinates"":[]}"
10_00000000000000000010,17,7.0070769055271445,1995,"{""type"":""MultiPoint"",""coordinates"":[]}"
10_00000000000000000012,19,1.8147361695281452,1995,"{""type"":""MultiPoint"",""coordinates"":[]}"
10_00000000000000000014,21,9.951811559573889,1995,"{""type"":""MultiPoint"",""coordinates"":[]}"
10_00000000000000000016,23,4.040633534793628,1995,"{""type"":""MultiPoint"",""coordinates"":[]}"
10_00000000000000000018,25,4.001339649200916,1995,"{""type"":""MultiPoint"",""coordinates"":[]}"
10_0000000000000000001d,30,0.9889267131042564,1995,"{""type"":""MultiPoint"",""coordinates"":[]}"
10_0000000000000000001e,31,0.0,1995,"{""type"":""MultiPoint"",""coordinates"":[]}"
10_0000000000000000001f,32,1.3642558622009275,1995,"{""type"":""MultiPoint"",""coordinates"":[]}"
10_00000000000000000021,34,2.998149063128307,1995,"{""type"":""MultiPoint"",""coordinates"":[]}"
10_00000000000000000023,36,0.21373633179799983,1995,"{""type"":""MultiPoint"",""coordinates"":[]}"
10_00000000000000000025,38,0.829559973905198,1995,"{""type"":""MultiPoint"",""coordinates"":[]}"
10_00000000000000000027,40,1.770553834526389,1995,"{""type"":""MultiPoint"",""coordinates"":[]}"
10_00000000000000000029,42,0.6725352424389405,1995,"{""type"":""MultiPoint"",""coordinates"":[]}"
10_0000000000000000002b,44,6.7024836963551175,1995,"{""type"":""MultiPoint"",""coordinates"":[]}"
10_0000000000000000002d,46,2.3822950063069612,1995,"{""type"":""MultiPoint"",""coordinates"":[]}"
10_0000000000000000002e,47,14.752715313571606,1995,"{""type"":""MultiPoint"",""coordinates"":[]}"
10_00000000000000000030,49,1.4080382100521287,1995,"{""type"":""MultiPoint"",""coordinates"":[]}"
10_00000000000000000032,51,6.612470181647324,1995,"{""type"":""MultiPoint"",""coordinates"":[]}"
10_00000000000000000034,53,0.696469291084799,1995,"{""type"":""MultiPoint"",""coordinates"":[]}"
10_00000000000000000036,55,9.16509184736711,1995,"{""type"":""MultiPoint"",""coordinates"":[]}"
10_00000000000000000038,57,0.8589674797315402,1995,"{""type"":""MultiPoint"",""coordinates"":[]}"
10_0000000000000000003a,59,9.887540366166512,1995,"{""type"":""MultiPoint"",""coordinates"":[]}"
10_0000000000000000003c,61,10.323791733715623,1995,"{""type"":""MultiPoint"",""coordinates"":[]}"
10_0000000000000000003e,63,1.132496932739258,1995,"{""type"":""MultiPoint"",""coordinates"":[]}"
10_00000000000000000040,65,3.9942547594032205,1995,"{""type"":""MultiPoint"",""coordinates"":[]}"
10_00000000000000000042,67,0.7385374614626412,1995,"{""type"":""MultiPoint"",""coordinates"":[]}"
10_00000000000000000044,69,0.040296783752441404,1995,"{""type"":""MultiPoint"",""coordinates"":[]}"
10_00000000000000000045,70,0.0,1995,"{""type"":""MultiPoint"",""coordinates"":[]}"
10_00000000000000000046,71,0.2695616359863282,1995,"{""type"":""MultiPoint"",""coordinates"":[]}"
10_00000000000000000048,73,3.0202572174206352,1995,"{""type"":""MultiPoint"",""coordinates"":[]}"
10_0000000000000000004a,75,5.401381157810781,1995,"{""type"":""MultiPoint"",""coordinates"":[]}"
10_0000000000000000004c,77,5.414948421290957,1995,"{""type"":""MultiPoint"",""coordinates"":[]}"
10_0000000000000000004f,80,7.582944451931309,1995,"{""type"":""MultiPoint"",""coordinates"":[]}"
10_00000000000000000051,82,4.912982337250346,1995,"{""type"":""MultiPoint"",""coordinates"":[]}"
10_00000000000000000053,84,20.63860063388246,1995,"{""type"":""MultiPoint"",""coordinates"":[]}"
10_00000000000000000055,86,0.009500833557128907,1995,"{""type"":""MultiPoint"",""coordinates"":[]}"
10_00000000000000000057,88,10.970490181639216,1995,"{""type"":""MultiPoint"",""coordinates"":[]}"
10_00000000000000000059,90,1.3406340266687722,1995,"{""type"":""MultiPoint"",""coordinates"":[]}"
10_0000000000000000005b,92,6.8706158940525075,1995,"{""type"":""MultiPoint"",""coordinates"":[]}"
10_0000000000000000005d,94,62.49105471787537,1995,"{""type"":""MultiPoint"",""coordinates"":[]}"
10_0000000000000000005f,96,135.90069047722068,1995,"{""type"":""MultiPoint"",""coordinates"":[]}"
10_00000000000000000061,98,87.20760435135061,1995,"{""type"":""MultiPoint"",""coordinates"":[]}"
10_00000000000000000063,100,22.10619400546749,1995,"{""type"":""MultiPoint"",""coordinates"":[]}"
10_00000000000000000065,102,57.48573731502108,1995,"{""type"":""MultiPoint"",""coordinates"":[]}"
10_00000000000000000067,104,16.60371500361692,1995,"{""type"":""MultiPoint"",""coordinates"":[]}"
10_0000000000000000006c,109,1.2367111065673855,1995,"{""type"":""MultiPoint"",""coordinates"":[]}"
10_0000000000000000006d,110,13.205048098994403,1995,"{""type"":""MultiPoint"",""coordinates"":[]}"
10_0000000000000000006e,111,0.0,1995,"{""type"":""MultiPoint"",""coordinates"":[]}"
10_0000000000000000006f,112,0.0,1995,"{""type"":""MultiPoint"",""coordinates"":[]}"
10_00000000000000000070,113,1.0364665580540076,1995,"{""type"":""MultiPoint"",""coordinates"":[]}"
10_00000000000000000072,115,21.617052113934182,1995,"{""type"":""MultiPoint"",""coordinates"":[]}"
10_00000000000000000074,117,1.3210890554606085,1995,"{""type"":""MultiPoint"",""coordinates"":[]}"
10_00000000000000000076,119,0.16040111766333476,1995,"{""type"":""MultiPoint"",""coordinates"":[]}"
10_00000000000000000078,121,10.861087542639156,1995,"{""type"":""MultiPoint"",""coordinates"":[]}"
10_00000000000000000079,122,4.63693686497444,1995,"{""type"":""MultiPoint"",""coordinates"":[]}"
10_0000000000000000007a,123,15.697793262162758,1995,"{""type"":""MultiPoint"",""coordinates"":[]}"
10_0000000000000000007b,124,8.057437613815729,1995,"{""type"":""MultiPoint"",""coordinates"":[]}"
10_0000000000000000007d,126,18.931504339726786,1995,"{""type"":""MultiPoint"",""coordinates"":[]}"
10_0000000000000000007f,128,2.62463421181928,1995,"{""type"":""MultiPoint"",""coordinates"":[]}"
10_00000000000000000081,130,3.767245268066885,1995,"{""type"":""MultiPoint"",""coordinates"":[]}"
10_00000000000000000083,132,0.3604174529629579,1995,"{""type"":""MultiPoint"",""coordinates"":[]}"
10_00000000000000000085,134,8.555486062740309,1995,"{""type"":""MultiPoint"",""coordinates"":[]}"
10_00000000000000000087,136,0.08065424176025388,1995,"{""type"":""MultiPoint"",""coordinates"":[]}"
10_00000000000000000089,138,0.9613666466784905,1995,"{""type"":""MultiPoint"",""coordinates"":[]}"
10_0000000000000000008b,140,2.6229518988690557,1995,"{""type"":""MultiPoint"",""coordinates"":[]}"
10_0000000000000000008c,141,11.839162422889135,1995,"{""type"":""MultiPoint"",""coordinates"":[]}"
10_0000000000000000008d,142,33.91101427764101,1995,"{""type"":""MultiPoint"",""coordinates"":[]}"
10_0000000000000000008e,143,14.788720377110641,1995,"{""type"":""MultiPoint"",""coordinates"":[]}"
10_0000000000000000008f,144,111.0894718446552,1995,"{""type"":""MultiPoint"",""coordinates"":[]}"
11_00000000000000000001,2,4.710390673034671,1996,"{""type"":""MultiPoint"",""coordinates"":[]}"
11_00000000000000000003,4,0.07967804645924288,1996,"{""type"":""MultiPoint"",""coordinates"":[]}"
11_00000000000000000005,6,0.6174520825901433,1996,"{""type"":""MultiPoint"",""coordinates"":[]}"
11_00000000000000000007,8,0.8729413947246446,1996,"{""type"":""MultiPoint"",""coordinates"":[]}"
11_00000000000000000009,10,0.29069269728166064,1996,"{""type"":""MultiPoint"",""coordinates"":[]}"
11_0000000000000000000b,12,0.8097744971447488,1996,"{""type"":""MultiPoint"",""coordinates"":[]}"
11_0000000000000000000d,14,0.7272577212151042,1996,"{""type"":""MultiPoint"",""coordinates"":[]}"
11_0000000000000000000f,16,0.6747752608680869,1996,"{""type"":""MultiPoint"",""coordinates"":[]}"
11_00000000000000000011,18,2.2625894929199206,1996,"{""type"":""MultiPoint"",""coordinates"":[]}"
11_00000000000000000013,20,0.6978403353534784,1996,"{""type"":""MultiPoint"",""coordinates"":[]}"
11_00000000000000000015,22,0.089403196533203,1996,"{""type"":""MultiPoint"",""coordinates"":[]}"
11_00000000000000000017,24,0.15210338821411135,1996,"{""type"":""MultiPoint"",""coordinates"":[]}"
11_00000000000000000019,26,1.0754085657653827,1996,"{""type"":""MultiPoint"",""coordinates"":[]}"
11_0000000000000000001a,27,0.0,1996,"{""type"":""MultiPoint"",""coordinates"":[]}"
11_0000000000000000001b,28,0.0,1996,"{""type"":""MultiPoint"",""coordinates"":[]}"
11_0000000000000000001c,29,3.046319156799359,1996,"{""type"":""MultiPoint"",""coordinates"":[]}"
11_00000000000000000020,33,0.013570547485351563,1996,"{""type"":""MultiPoint"",""coordinates"":[]}"
11_00000000000000000022,35,0.0,1996,"{""type"":""MultiPoint"",""coordinates"":[]}"
11_00000000000000000024,37,0.01191409967041016,1996,"{""type"":""MultiPoint"",""coordinates"":[]}"
11_00000000000000000026,39,0.05630545422363281,1996,"{""type"":""MultiPoint"",""coordinates"":[]}"
11_00000000000000000028,41,0.0,1996,"{""type"":""MultiPoint"",""coordinates"":[]}"
11_0000000000000000002a,43,0.014119254302978517,1996,"{""type"":""MultiPoint"",""coordinates"":[]}"
11_0000000000000000002c,45,0.0,1996,"{""type"":""MultiPoint"",""coordinates"":[]}"
11_0000000000000000002f,48,0.09536135247802731,1996,"{""type"":""MultiPoint"",""coordinates"":[]}"
11_00000000000000000031,50,0.3482351882324217,1996,"{""type"":""MultiPoint"",""coordinates"":[]}"
11_00000000000000000033,52,0.0,1996,"{""type"":""MultiPoint"",""coordinates"":[]}"
11_00000000000000000035,54,0.04297878216552734,1996,"{""type"":""MultiPoint"",""coordinates"":[]}"
11_00000000000000000037,56,0.1615711865234376,1996,"{""type"":""MultiPoint"",""coordinates"":[]}"
11_00000000000000000039,58,0.03593626037597657,1996,"{""type"":""MultiPoint"",""coordinates"":[]}"
11_0000000000000000003b,60,0.0,1996,"{""type"":""MultiPoint"",""coordinates"":[]}"
11_0000000000000000003d,62,0.024256817565917972,1996,"{""type"":""MultiPoint"",""coordinates"":[]}"
11_0000000000000000003f,64,0.005764519348144532,1996,"{""type"":""MultiPoint"",""coordinates"":[]}"
11_00000000000000000041,66,0.002877564453125,1996,"{""type"":""MultiPoint"",""coordinates"":[]}"
11_00000000000000000043,68,0.035102075927734365,1996,"{""type"":""MultiPoint"",""coordinates"":[]}"
11_00000000000000000047,72,0.005761097167968751,1996,"{""type"":""MultiPoint"",""coordinates"":[]}"
11_00000000000000000049,74,0.024137759643554683,1996,"{""type"":""MultiPoint"",""coordinates"":[]}"
11_0000000000000000004b,76,0.05137227632625804,1996,"{""type"":""MultiPoint"",""coordinates"":[]}"
11_0000000000000000004d,78,0.5234511898193364,1996,"{""type"":""MultiPoint"",""coordinates"":[]}"
11_0000000000000000004e,79,0.0,1996,"{""type"":""MultiPoint"",""coordinates"":[]}"
11_00000000000000000050,81,1.1946692017211915,1996,"{""type"":""MultiPoint"",""coordinates"":[]}"
11_00000000000000000052,83,0.001604230553002451,1996,"{""type"":""MultiPoint"",""coordinates"":[]}"
11_00000000000000000054,85,0.013097590148925784,1996,"{""type"":""MultiPoint"",""coordinates"":[]}"
11_00000000000000000056,87,0.0,1996,"{""type"":""MultiPoint"",""coordinates"":[]}"
11_00000000000000000058,89,0.20606068112936474,1996,"{""type"":""MultiPoint"",""coordinates"":[]}"
11_0000000000000000005a,91,0.2850294608144713,1996,"{""type"":""MultiPoint"",""coordinates"":[]}"
11_0000000000000000005c,93,0.12398822091375583,1996,"{""type"":""MultiPoint"",""coordinates"":[]}"
11_0000000000000000005e,95,0.805255941711425,1996,"{""type"":""MultiPoint"",""coordinates"":[]}"
11_00000000000000000060,97,0.1726821656494142,1996,"{""type"":""MultiPoint"",""coordinates"":[]}"
11_00000000000000000062,99,0.07281120104980465,1996,"{""type"":""MultiPoint"",""coordinates"":[]}"
11_00000000000000000064,101,1.3005120904490677,1996,"{""type"":""MultiPoint"",""coordinates"":[]}"
11_00000000000000000066,103,13.71856615756616,1996,"{""type"":""MultiPoint"",""coordinates"":[]}"
11_00000000000000000068,105,0.14128610491943375,1996,"{""type"":""MultiPoint"",""coordinates"":[]}"
11_00000000000000000069,106,0.15289052154541008,1996,"{""type"":""MultiPoint"",""coordinates"":[]}"
11_0000000000000000006a,107,0.005005634704589844,1996,"{""type"":""MultiPoint"",""coordinates"":[]}"
11_0000000000000000006b,108,0.0,1996,"{""type"":""MultiPoint"",""coordinates"":[]}"
11_00000000000000000071,114,0.2929127821092786,1996,"{""type"":""MultiPoint"",""coordinates"":[]}"
11_00000000000000000073,116,0.25851884160443567,1996,"{""type"":""MultiPoint"",""coordinates"":[]}"
11_00000000000000000075,118,1.319980227248003,1996,"{""type"":""MultiPoint"",""coordinates"":[]}"
11_00000000000000000077,120,0.07877749434766598,1996,"{""type"":""MultiPoint"",""coordinates"":[]}"
11_0000000000000000007c,125,0.042388818664550784,1996,"{""type"":""MultiPoint"",""coordinates"":[]}"
11_0000000000000000007e,127,0.09508828607177741,1996,"{""type"":""MultiPoint"",""coordinates"":[]}"
11_00000000000000000080,129,0.6377352490234376,1996,"{""type"":""MultiPoint"",""coordinates"":[]}"
11_00000000000000000082,131,0.15809007934211278,1996,"{""type"":""MultiPoint"",""coordinates"":[]}"
11_00000000000000000084,133,0.009746011127068015,1996,"{""type"":""MultiPoint"",""coordinates"":[]}"
11_00000000000000000086,135,0.23121729083251913,1996,"{""type"":""MultiPoint"",""coordinates"":[]}"
11_00000000000000000088,137,0.0,1996,"{""type"":""MultiPoint"",""coordinates"":[]}"
11_0000000000000000008a,139,0.0,1996,"{""type"":""MultiPoint"",""coordinates"":[]}"
11_00000000000000000000,1,17.050419113518203,1996,"{""type"":""MultiPoint"",""coordinates"":[]}"
11_00000000000000000002,3,11.416395563674538,1996,"{""type"":""MultiPoint"",""coordinates"":[]}"
11_00000000000000000004,5,6.395995243542933,1996,"{""type"":""MultiPoint"",""coordinates"":[]}"
11_00000000000000000006,7,17.141393879241456,1996,"{""type"":""MultiPoint"",""coordinates"":[]}"
11_00000000000000000008,9,0.6271540483853223,1996,"{""type"":""MultiPoint"",""coordinates"":[]}"
11_0000000000000000000a,11,10.326702920284479,1996,"{""type"":""MultiPoint"",""coordinates"":[]}"
11_0000000000000000000c,13,0.6856495357129873,1996,"{""type"":""MultiPoint"",""coordinates"":[]}"
11_0000000000000000000e,15,4.182365615212813,1996,"{""type"":""MultiPoint"",""coordinates"":[]}"
11_00000000000000000010,17,6.982496683969527,1996,"{""type"":""MultiPoint"",""coordinates"":[]}"
11_00000000000000000012,19,1.8052372695037293,1996,"{""type"":""MultiPoint"",""coordinates"":[]}"
11_00000000000000000014,21,9.94191739642692,1996,"{""type"":""MultiPoint"",""coordinates"":[]}"
11_00000000000000000016,23,4.029908470187918,1996,"{""type"":""MultiPoint"",""coordinates"":[]}"
11_00000000000000000018,25,4.002921223297596,1996,"{""type"":""MultiPoint"",""coordinates"":[]}"
11_0000000000000000001d,30,0.9889267131042564,1996,"{""type"":""MultiPoint"",""coordinates"":[]}"
11_0000000000000000001e,31,0.0,1996,"{""type"":""MultiPoint"",""coordinates"":[]}"
11_0000000000000000001f,32,1.3765394996520992,1996,"{""type"":""MultiPoint"",""coordinates"":[]}"
11_00000000000000000021,34,2.9937992673824576,1996,"{""type"":""MultiPoint"",""coordinates"":[]}"
11_00000000000000000023,36,0.21373633179799983,1996,"{""type"":""MultiPoint"",""coordinates"":[]}"
11_00000000000000000025,38,0.838016416104905,1996,"{""type"":""MultiPoint"",""coordinates"":[]}"
11_00000000000000000027,40,1.7853561107768916,1996,"{""type"":""MultiPoint"",""coordinates"":[]}"
11_00000000000000000029,42,0.6725352424389405,1996,"{""type"":""MultiPoint"",""coordinates"":[]}"
11_0000000000000000002b,44,6.736516759007705,1996,"{""type"":""MultiPoint"",""coordinates"":[]}"
11_0000000000000000002d,46,2.3900380894368443,1996,"{""type"":""MultiPoint"",""coordinates"":[]}"
11_0000000000000000002e,47,14.751644478122387,1996,"{""type"":""MultiPoint"",""coordinates"":[]}"
11_00000000000000000030,49,1.4177204040828901,1996,"{""type"":""MultiPoint"",""coordinates"":[]}"
11_00000000000000000032,51,6.650639814276717,1996,"{""type"":""MultiPoint"",""coordinates"":[]}"
11_00000000000000000034,53,0.6948634074788421,1996,"{""type"":""MultiPoint"",""coordinates"":[]}"
11_00000000000000000036,55,9.166694867073568,1996,"{""type"":""MultiPoint"",""coordinates"":[]}"
11_00000000000000000038,57,0.8612213065137668,1996,"{""type"":""MultiPoint"",""coordinates"":[]}"
11_0000000000000000003a,59,9.90579272395459,1996,"{""type"":""MultiPoint"",""coordinates"":[]}"
11_0000000000000000003c,61,10.334181773937795,1996,"{""type"":""MultiPoint"",""coordinates"":[]}"
11_0000000000000000003e,63,1.1278842540893557,1996,"{""type"":""MultiPoint"",""coordinates"":[]}"
11_00000000000000000040,65,4.02192166101455,1996,"{""type"":""MultiPoint"",""coordinates"":[]}"
11_00000000000000000042,67,0.7454471488405708,1996,"{""type"":""MultiPoint"",""coordinates"":[]}"
11_00000000000000000044,69,0.040296783752441404,1996,"{""type"":""MultiPoint"",""coordinates"":[]}"
11_00000000000000000045,70,0.0,1996,"{""type"":""MultiPoint"",""coordinates"":[]}"
11_00000000000000000046,71,0.26841022772216805,1996,"{""type"":""MultiPoint"",""coordinates"":[]}"
11_00000000000000000048,73,3.035822282484112,1996,"{""type"":""MultiPoint"",""coordinates"":[]}"
11_0000000000000000004a,75,5.423306290076119,1996,"{""type"":""MultiPoint"",""coordinates"":[]}"
11_0000000000000000004c,77,5.397089434535584,1996,"{""type"":""MultiPoint"",""coordinates"":[]}"
11_0000000000000000004f,80,7.598281448879552,1996,"{""type"":""MultiPoint"",""coordinates"":[]}"
11_00000000000000000051,82,4.909889760101909,1996,"{""type"":""MultiPoint"",""coordinates"":[]}"
11_00000000000000000053,84,20.677957885571097,1996,"{""type"":""MultiPoint"",""coordinates"":[]}"
11_00000000000000000055,86,0.009500833557128907,1996,"{""type"":""MultiPoint"",""coordinates"":[]}"
11_00000000000000000057,88,10.962040153196833,1996,"{""type"":""MultiPoint"",""coordinates"":[]}"
11_00000000000000000059,90,1.3406340266687722,1996,"{""type"":""MultiPoint"",""coordinates"":[]}"
11_0000000000000000005b,92,6.87242062714577,1996,"{""type"":""MultiPoint"",""coordinates"":[]}"
11_0000000000000000005d,94,62.449139174095016,1996,"{""type"":""MultiPoint"",""coordinates"":[]}"
11_0000000000000000005f,96,135.60678673216043,1996,"{""type"":""MultiPoint"",""coordinates"":[]}"
11_00000000000000000061,98,87.17074512246877,1996,"{""type"":""MultiPoint"",""coordinates"":[]}"
11_00000000000000000063,100,22.11635751832126,1996,"{""type"":""MultiPoint"",""coordinates"":[]}"
11_00000000000000000065,102,57.477529540912144,1996,"{""type"":""MultiPoint"",""coordinates"":[]}"
11_00000000000000000067,104,16.61375039692748,1996,"{""type"":""MultiPoint"",""coordinates"":[]}"
11_0000000000000000006c,109,1.2367111065673855,1996,"{""type"":""MultiPoint"",""coordinates"":[]}"
11_0000000000000000006d,110,13.192934189021264,1996,"{""type"":""MultiPoint"",""coordinates"":[]}"
11_0000000000000000006e,111,0.0,1996,"{""type"":""MultiPoint"",""coordinates"":[]}"
11_0000000000000000006f,112,0.0,1996,"{""type"":""MultiPoint"",""coordinates"":[]}"
11_00000000000000000070,113,1.0287593864231481,1996,"{""type"":""MultiPoint"",""coordinates"":[]}"
11_00000000000000000072,115,21.569905755047458,1996,"{""type"":""MultiPoint"",""coordinates"":[]}"
11_00000000000000000074,117,1.297578443644202,1996,"{""type"":""MultiPoint"",""coordinates"":[]}"
11_00000000000000000076,119,0.16271439097876447,1996,"{""type"":""MultiPoint"",""coordinates"":[]}"
11_00000000000000000078,121,10.887081753271477,1996,"{""type"":""MultiPoint"",""coordinates"":[]}"
11_00000000000000000079,122,4.612253175887525,1996,"{""type"":""MultiPoint"",""coordinates"":[]}"
11_0000000000000000007a,123,15.626355351945472,1996,"{""type"":""MultiPoint"",""coordinates"":[]}"
11_0000000000000000007b,124,8.043056979294246,1996,"{""type"":""MultiPoint"",""coordinates"":[]}"
11_0000000000000000007d,126,18.910491627902474,1996,"{""type"":""MultiPoint"",""coordinates"":[]}"
11_0000000000000000007f,128,2.6182051775175212,1996,"{""type"":""MultiPoint"",""coordinates"":[]}"
11_00000000000000000081,130,3.754934771362783,1996,"{""type"":""MultiPoint"",""coordinates"":[]}"
11_00000000000000000083,132,0.33903722975739137,1996,"{""type"":""MultiPoint"",""coordinates"":[]}"
11_00000000000000000085,134,8.49476849077986,1996,"{""type"":""MultiPoint"",""coordinates"":[]}"
11_00000000000000000087,136,0.08065424176025388,1996,"{""type"":""MultiPoint"",""coordinates"":[]}"
11_00000000000000000089,138,0.9705036806140371,1996,"{""type"":""MultiPoint"",""coordinates"":[]}"
11_0000000000000000008b,140,2.6114266862836057,1996,"{""type"":""MultiPoint"",""coordinates"":[]}"
11_0000000000000000008c,141,11.770212542701149,1996,"{""type"":""MultiPoint"",""coordinates"":[]}"
11_0000000000000000008d,142,33.79232114055606,1996,"{""type"":""MultiPoint"",""coordinates"":[]}"
11_0000000000000000008e,143,14.786294415562791,1996,"{""type"":""MultiPoint"",""coordinates"":[]}"
11_0000000000000000008f,144,110.99226880497064,1996,"{""type"":""MultiPoint"",""coordinates"":[]}"
12_00000000000000000001,2,4.719268165344241,1997,"{""type"":""MultiPoint"",""coordinates"":[]}"
12_00000000000000000003,4,0.07854275971607885,1997,"{""type"":""MultiPoint"",""coordinates"":[]}"
12_00000000000000000005,6,0.6146250163669987,1997,"{""type"":""MultiPoint"",""coordinates"":[]}"
12_00000000000000000007,8,0.871840783152379,1997,"{""type"":""MultiPoint"",""coordinates"":[]}"
12_00000000000000000009,10,0.2885129735267778,1997,"{""type"":""MultiPoint"",""coordinates"":[]}"
12_0000000000000000000b,12,0.8097744971447488,1997,"{""type"":""MultiPoint"",""coordinates"":[]}"
12_0000000000000000000d,14,0.7084800820549482,1997,"{""type"":""MultiPoint"",""coordinates"":[]}"
12_0000000000000000000f,16,0.6795439727821493,1997,"{""type"":""MultiPoint"",""coordinates"":[]}"
12_00000000000000000011,18,2.2615270380859354,1997,"{""type"":""MultiPoint"",""coordinates"":[]}"
12_00000000000000000013,20,0.6946802422138301,1997,"{""type"":""MultiPoint"",""coordinates"":[]}"
12_00000000000000000015,22,0.08629500738525382,1997,"{""type"":""MultiPoint"",""coordinates"":[]}"
12_00000000000000000017,24,0.15058768701171873,1997,"{""type"":""MultiPoint"",""coordinates"":[]}"
12_00000000000000000019,26,1.0764035994873071,1997,"{""type"":""MultiPoint"",""coordinates"":[]}"
12_0000000000000000001a,27,0.0,1997,"{""type"":""MultiPoint"",""coordinates"":[]}"
12_0000000000000000001b,28,0.0,1997,"{""type"":""MultiPoint"",""coordinates"":[]}"
12_0000000000000000001c,29,3.038309312866252,1997,"{""type"":""MultiPoint"",""coordinates"":[]}"
12_00000000000000000020,33,0.013570547485351563,1997,"{""type"":""MultiPoint"",""coordinates"":[]}"
12_00000000000000000022,35,0.0,1997,"{""type"":""MultiPoint"",""coordinates"":[]}"
12_00000000000000000024,37,0.01191409967041016,1997,"{""type"":""MultiPoint"",""coordinates"":[]}"
12_00000000000000000026,39,0.05630545422363281,1997,"{""type"":""MultiPoint"",""coordinates"":[]}"
12_00000000000000000028,41,0.0,1997,"{""type"":""MultiPoint"",""coordinates"":[]}"
12_0000000000000000002a,43,0.014119254302978517,1997,"{""type"":""MultiPoint"",""coordinates"":[]}"
12_0000000000000000002c,45,0.0,1997,"{""type"":""MultiPoint"",""coordinates"":[]}"
12_0000000000000000002f,48,0.09962859075927731,1997,"{""type"":""MultiPoint"",""coordinates"":[]}"
12_00000000000000000031,50,0.3482351882324217,1997,"{""type"":""MultiPoint"",""coordinates"":[]}"
12_00000000000000000033,52,0.0,1997,"{""type"":""MultiPoint"",""coordinates"":[]}"
12_00000000000000000035,54,0.04190418304443359,1997,"{""type"":""MultiPoint"",""coordinates"":[]}"
12_00000000000000000037,56,0.1615711865234376,1997,"{""type"":""MultiPoint"",""coordinates"":[]}"
12_00000000000000000039,58,0.03593626037597657,1997,"{""type"":""MultiPoint"",""coordinates"":[]}"
12_0000000000000000003b,60,0.0,1997,"{""type"":""MultiPoint"",""coordinates"":[]}"
12_0000000000000000003d,62,0.024256817565917972,1997,"{""type"":""MultiPoint"",""coordinates"":[]}"
12_0000000000000000003f,64,0.005764519348144532,1997,"{""type"":""MultiPoint"",""coordinates"":[]}"
12_00000000000000000041,66,0.002877564453125,1997,"{""type"":""MultiPoint"",""coordinates"":[]}"
12_00000000000000000043,68,0.035102075927734365,1997,"{""type"":""MultiPoint"",""coordinates"":[]}"
12_00000000000000000047,72,0.005761097167968751,1997,"{""type"":""MultiPoint"",""coordinates"":[]}"
12_00000000000000000049,74,0.024137759643554683,1997,"{""type"":""MultiPoint"",""coordinates"":[]}"
12_0000000000000000004b,76,0.05137227632625804,1997,"{""type"":""MultiPoint"",""coordinates"":[]}"
12_0000000000000000004d,78,0.5180584224243169,1997,"{""type"":""MultiPoint"",""coordinates"":[]}"
12_0000000000000000004e,79,0.0,1997,"{""type"":""MultiPoint"",""coordinates"":[]}"
12_00000000000000000050,81,1.1959410285644534,1997,"{""type"":""MultiPoint"",""coordinates"":[]}"
12_00000000000000000052,83,0.001604230553002451,1997,"{""type"":""MultiPoint"",""coordinates"":[]}"
12_00000000000000000054,85,0.013097590148925784,1997,"{""type"":""MultiPoint"",""coordinates"":[]}"
12_00000000000000000056,87,0.0,1997,"{""type"":""MultiPoint"",""coordinates"":[]}"
12_00000000000000000058,89,0.20606068112936474,1997,"{""type"":""MultiPoint"",""coordinates"":[]}"
12_0000000000000000005a,91,0.2850294608144713,1997,"{""type"":""MultiPoint"",""coordinates"":[]}"
12_0000000000000000005c,93,0.12157738174139257,1997,"{""type"":""MultiPoint"",""coordinates"":[]}"
12_0000000000000000005e,95,0.7929725188598633,1997,"{""type"":""MultiPoint"",""coordinates"":[]}"
12_00000000000000000060,97,0.17462242761230481,1997,"{""type"":""MultiPoint"",""coordinates"":[]}"
12_00000000000000000062,99,0.07600744512939446,1997,"{""type"":""MultiPoint"",""coordinates"":[]}"
12_00000000000000000064,101,1.2998776513011188,1997,"{""type"":""MultiPoint"",""coordinates"":[]}"
12_00000000000000000066,103,13.757346326206326,1997,"{""type"":""MultiPoint"",""coordinates"":[]}"
12_00000000000000000068,105,0.12686072222900394,1997,"{""type"":""MultiPoint"",""coordinates"":[]}"
12_00000000000000000069,106,0.15978515344238273,1997,"{""type"":""MultiPoint"",""coordinates"":[]}"
12_0000000000000000006a,107,0.005005634704589844,1997,"{""type"":""MultiPoint"",""coordinates"":[]}"
12_0000000000000000006b,108,0.0,1997,"{""type"":""MultiPoint"",""coordinates"":[]}"
12_00000000000000000071,114,0.2964409853563489,1997,"{""type"":""MultiPoint"",""coordinates"":[]}"
12_00000000000000000073,116,0.25851884160443567,1997,"{""type"":""MultiPoint"",""coordinates"":[]}"
12_00000000000000000075,118,1.3176812407978074,1997,"{""type"":""MultiPoint"",""coordinates"":[]}"
12_00000000000000000077,120,0.07877749434766598,1997,"{""type"":""MultiPoint"",""coordinates"":[]}"
12_0000000000000000007c,125,0.042388818664550784,1997,"{""type"":""MultiPoint"",""coordinates"":[]}"
12_0000000000000000007e,127,0.09449768774414069,1997,"{""type"":""MultiPoint"",""coordinates"":[]}"
12_00000000000000000080,129,0.6353806427612305,1997,"{""type"":""MultiPoint"",""coordinates"":[]}"
12_00000000000000000082,131,0.15809007934211278,1997,"{""type"":""MultiPoint"",""coordinates"":[]}"
12_00000000000000000084,133,0.009746011127068015,1997,"{""type"":""MultiPoint"",""coordinates"":[]}"
12_00000000000000000086,135,0.23121729083251913,1997,"{""type"":""MultiPoint"",""coordinates"":[]}"
12_00000000000000000088,137,0.0,1997,"{""type"":""MultiPoint"",""coordinates"":[]}"
12_0000000000000000008a,139,0.0,1997,"{""type"":""MultiPoint"",""coordinates"":[]}"
12_00000000000000000000,1,17.05631903099867,1997,"{""type"":""MultiPoint"",""coordinates"":[]}"
12_00000000000000000002,3,11.405713171218478,1997,"{""type"":""MultiPoint"",""coordinates"":[]}"
12_00000000000000000004,5,6.362882677686002,1997,"{""type"":""MultiPoint"",""coordinates"":[]}"
12_00000000000000000006,7,17.10691333962964,1997,"{""type"":""MultiPoint"",""coordinates"":[]}"
12_00000000000000000008,9,0.6222288300625685,1997,"{""type"":""MultiPoint"",""coordinates"":[]}"
12_0000000000000000000a,11,10.241446905025695,1997,"{""type"":""MultiPoint"",""coordinates"":[]}"
12_0000000000000000000c,13,0.6878075018995111,1997,"{""type"":""MultiPoint"",""coordinates"":[]}"
12_0000000000000000000e,15,4.169246838182377,1997,"{""type"":""MultiPoint"",""coordinates"":[]}"
12_00000000000000000010,17,6.955836240121871,1997,"{""type"":""MultiPoint"",""coordinates"":[]}"
12_00000000000000000012,19,1.8041814584075389,1997,"{""type"":""MultiPoint"",""coordinates"":[]}"
12_00000000000000000014,21,9.916725605838538,1997,"{""type"":""MultiPoint"",""coordinates"":[]}"
12_00000000000000000016,23,4.019175430026785,1997,"{""type"":""MultiPoint"",""coordinates"":[]}"
12_00000000000000000018,25,3.99824536865282,1997,"{""type"":""MultiPoint"",""coordinates"":[]}"
12_0000000000000000001d,30,0.9879989601135338,1997,"{""type"":""MultiPoint"",""coordinates"":[]}"
12_0000000000000000001e,31,0.0,1997,"{""type"":""MultiPoint"",""coordinates"":[]}"
12_0000000000000000001f,32,1.3813769847487503,1997,"{""type"":""MultiPoint"",""coordinates"":[]}"
12_00000000000000000021,34,2.999146693743541,1997,"{""type"":""MultiPoint"",""coordinates"":[]}"
12_00000000000000000023,36,0.21572237012807793,1997,"{""type"":""MultiPoint"",""coordinates"":[]}"
12_00000000000000000025,38,0.8439938786293191,1997,"{""type"":""MultiPoint"",""coordinates"":[]}"
12_00000000000000000027,40,1.7948508622112176,1997,"{""type"":""MultiPoint"",""coordinates"":[]}"
12_00000000000000000029,42,0.6790730799328369,1997,"{""type"":""MultiPoint"",""coordinates"":[]}"
12_0000000000000000002b,44,6.786394971837295,1997,"{""type"":""MultiPoint"",""coordinates"":[]}"
12_0000000000000000002d,46,2.3838403547566673,1997,"{""type"":""MultiPoint"",""coordinates"":[]}"
12_0000000000000000002e,47,14.78597819920608,1997,"{""type"":""MultiPoint"",""coordinates"":[]}"
12_00000000000000000030,49,1.4096522068783002,1997,"{""type"":""MultiPoint"",""coordinates"":[]}"
12_00000000000000000032,51,6.660833064154646,1997,"{""type"":""MultiPoint"",""coordinates"":[]}"
12_00000000000000000034,53,0.6948634074788421,1997,"{""type"":""MultiPoint"",""coordinates"":[]}"
12_00000000000000000036,55,9.176182272469074,1997,"{""type"":""MultiPoint"",""coordinates"":[]}"
12_00000000000000000038,57,0.8583969205274388,1997,"{""type"":""MultiPoint"",""coordinates"":[]}"
12_0000000000000000003a,59,9.892044516396998,1997,"{""type"":""MultiPoint"",""coordinates"":[]}"
12_0000000000000000003c,61,10.350916827099416,1997,"{""type"":""MultiPoint"",""coordinates"":[]}"
12_0000000000000000003e,63,1.1278842540893557,1997,"{""type"":""MultiPoint"",""coordinates"":[]}"
12_00000000000000000040,65,4.021920583805077,1997,"{""type"":""MultiPoint"",""coordinates"":[]}"
12_00000000000000000042,67,0.7477499265505316,1997,"{""type"":""MultiPoint"",""coordinates"":[]}"
12_00000000000000000044,69,0.04720336596679686,1997,"{""type"":""MultiPoint"",""coordinates"":[]}"
12_00000000000000000045,70,0.0,1997,"{""type"":""MultiPoint"",""coordinates"":[]}"
12_00000000000000000046,71,0.2689859592895509,1997,"{""type"":""MultiPoint"",""coordinates"":[]}"
12_00000000000000000048,73,3.0600968457775704,1997,"{""type"":""MultiPoint"",""coordinates"":[]}"
12_0000000000000000004a,75,5.433328149145944,1997,"{""type"":""MultiPoint"",""coordinates"":[]}"
12_0000000000000000004c,77,5.37331380501898,1997,"{""type"":""MultiPoint"",""coordinates"":[]}"
12_0000000000000000004f,80,7.630166528469396,1997,"{""type"":""MultiPoint"",""coordinates"":[]}"
12_00000000000000000051,82,4.937728828346396,1997,"{""type"":""MultiPoint"",""coordinates"":[]}"
12_00000000000000000053,84,20.698138701772702,1997,"{""type"":""MultiPoint"",""coordinates"":[]}"
12_00000000000000000055,86,0.009500833557128907,1997,"{""type"":""MultiPoint"",""coordinates"":[]}"
12_00000000000000000057,88,10.970402730211712,1997,"{""type"":""MultiPoint"",""coordinates"":[]}"
12_00000000000000000059,90,1.3412361461145732,1997,"{""type"":""MultiPoint"",""coordinates"":[]}"
12_0000000000000000005b,92,6.873627393808368,1997,"{""type"":""MultiPoint"",""coordinates"":[]}"
12_0000000000000000005d,94,62.41046569415931,1997,"{""type"":""MultiPoint"",""coordinates"":[]}"
12_0000000000000000005f,96,135.4155625204295,1997,"{""type"":""MultiPoint"",""coordinates"":[]}"
12_00000000000000000061,98,87.17960038522517,1997,"{""type"":""MultiPoint"",""coordinates"":[]}"
12_00000000000000000063,100,22.151676388243644,1997,"{""type"":""MultiPoint"",""coordinates"":[]}"
12_00000000000000000065,102,57.50982286788314,1997,"{""type"":""MultiPoint"",""coordinates"":[]}"
12_00000000000000000067,104,16.611177909927974,1997,"{""type"":""MultiPoint"",""coordinates"":[]}"
12_0000000000000000006c,109,1.2367111065673855,1997,"{""type"":""MultiPoint"",""coordinates"":[]}"
12_0000000000000000006d,110,13.206255654963666,1997,"{""type"":""MultiPoint"",""coordinates"":[]}"
12_0000000000000000006e,111,0.0,1997,"{""type"":""MultiPoint"",""coordinates"":[]}"
12_0000000000000000006f,112,0.0,1997,"{""type"":""MultiPoint"",""coordinates"":[]}"
12_00000000000000000070,113,1.0329186184788122,1997,"{""type"":""MultiPoint"",""coordinates"":[]}"
12_00000000000000000072,115,21.560105083782823,1997,"{""type"":""MultiPoint"",""coordinates"":[]}"
12_00000000000000000074,117,1.278644813944495,1997,"{""type"":""MultiPoint"",""coordinates"":[]}"
12_00000000000000000076,119,0.16271439097876447,1997,"{""type"":""MultiPoint"",""coordinates"":[]}"
12_00000000000000000078,121,10.890642978737024,1997,"{""type"":""MultiPoint"",""coordinates"":[]}"
12_00000000000000000079,122,4.618160103072584,1997,"{""type"":""MultiPoint"",""coordinates"":[]}"
12_0000000000000000007a,123,15.549072517902935,1997,"{""type"":""MultiPoint"",""coordinates"":[]}"
12_0000000000000000007b,124,8.041250224533503,1997,"{""type"":""MultiPoint"",""coordinates"":[]}"
12_0000000000000000007d,126,18.89284917304839,1997,"{""type"":""MultiPoint"",""coordinates"":[]}"
12_0000000000000000007f,128,2.6123385290800214,1997,"{""type"":""MultiPoint"",""coordinates"":[]}"
12_00000000000000000081,130,3.73203471356249,1997,"{""type"":""MultiPoint"",""coordinates"":[]}"
12_00000000000000000083,132,0.34498446486481327,1997,"{""type"":""MultiPoint"",""coordinates"":[]}"
12_00000000000000000085,134,8.427504803707105,1997,"{""type"":""MultiPoint"",""coordinates"":[]}"
12_00000000000000000087,136,0.0824724221191406,1997,"{""type"":""MultiPoint"",""coordinates"":[]}"
12_00000000000000000089,138,0.9680509712634513,1997,"{""type"":""MultiPoint"",""coordinates"":[]}"
12_0000000000000000008b,140,2.601110295048256,1997,"{""type"":""MultiPoint"",""coordinates"":[]}"
12_0000000000000000008c,141,11.834644479773905,1997,"{""type"":""MultiPoint"",""coordinates"":[]}"
12_0000000000000000008d,142,33.673713530875894,1997,"{""type"":""MultiPoint"",""coordinates"":[]}"
12_0000000000000000008e,143,14.781482570042767,1997,"{""type"":""MultiPoint"",""coordinates"":[]}"
12_0000000000000000008f,144,110.8095547593856,1997,"{""type"":""MultiPoint"",""coordinates"":[]}"
13_00000000000000000001,2,4.769267218078614,1998,"{""type"":""MultiPoint"",""coordinates"":[]}"
13_00000000000000000003,4,0.07513885413746559,1998,"{""type"":""MultiPoint"",""coordinates"":[]}"
13_00000000000000000005,6,0.6174546785374088,1998,"{""type"":""MultiPoint"",""coordinates"":[]}"
13_00000000000000000007,8,0.8696397927959337,1998,"{""type"":""MultiPoint"",""coordinates"":[]}"
13_00000000000000000009,10,0.2885129735267778,1998,"{""type"":""MultiPoint"",""coordinates"":[]}"
13_0000000000000000000b,12,0.8124731848278542,1998,"{""type"":""MultiPoint"",""coordinates"":[]}"
13_0000000000000000000d,14,0.7074953672305855,1998,"{""type"":""MultiPoint"",""coordinates"":[]}"
13_0000000000000000000f,16,0.6763640006141803,1998,"{""type"":""MultiPoint"",""coordinates"":[]}"
13_00000000000000000011,18,2.265749045532225,1998,"{""type"":""MultiPoint"",""coordinates"":[]}"
13_00000000000000000013,20,0.6878264208637325,1998,"{""type"":""MultiPoint"",""coordinates"":[]}"
13_00000000000000000015,22,0.08732880120849601,1998,"{""type"":""MultiPoint"",""coordinates"":[]}"
13_00000000000000000017,24,0.1470506359558106,1998,"{""type"":""MultiPoint"",""coordinates"":[]}"
13_00000000000000000019,26,1.066979444152834,1998,"{""type"":""MultiPoint"",""coordinates"":[]}"
13_0000000000000000001a,27,0.0,1998,"{""type"":""MultiPoint"",""coordinates"":[]}"
13_0000000000000000001b,28,0.0,1998,"{""type"":""MultiPoint"",""coordinates"":[]}"
13_0000000000000000001c,29,3.003427157775914,1998,"{""type"":""MultiPoint"",""coordinates"":[]}"
13_00000000000000000020,33,0.013570547485351563,1998,"{""type"":""MultiPoint"",""coordinates"":[]}"
13_00000000000000000022,35,0.0,1998,"{""type"":""MultiPoint"",""coordinates"":[]}"
13_00000000000000000024,37,0.01191409967041016,1998,"{""type"":""MultiPoint"",""coordinates"":[]}"
13_00000000000000000026,39,0.05630545422363281,1998,"{""type"":""MultiPoint"",""coordinates"":[]}"
13_00000000000000000028,41,0.0,1998,"{""type"":""MultiPoint"",""coordinates"":[]}"
13_0000000000000000002a,43,0.014119254302978517,1998,"{""type"":""MultiPoint"",""coordinates"":[]}"
13_0000000000000000002c,45,0.0,1998,"{""type"":""MultiPoint"",""coordinates"":[]}"
13_0000000000000000002f,48,0.09533987664794918,1998,"{""type"":""MultiPoint"",""coordinates"":[]}"
13_00000000000000000031,50,0.3493136900634764,1998,"{""type"":""MultiPoint"",""coordinates"":[]}"
13_00000000000000000033,52,0.0,1998,"{""type"":""MultiPoint"",""coordinates"":[]}"
13_00000000000000000035,54,0.04190418304443359,1998,"{""type"":""MultiPoint"",""coordinates"":[]}"
13_00000000000000000037,56,0.16381528808593757,1998,"{""type"":""MultiPoint"",""coordinates"":[]}"
13_00000000000000000039,58,0.03593626037597657,1998,"{""type"":""MultiPoint"",""coordinates"":[]}"
13_0000000000000000003b,60,0.0,1998,"{""type"":""MultiPoint"",""coordinates"":[]}"
13_0000000000000000003d,62,0.024256817565917972,1998,"{""type"":""MultiPoint"",""coordinates"":[]}"
13_0000000000000000003f,64,0.005764519348144532,1998,"{""type"":""MultiPoint"",""coordinates"":[]}"
13_00000000000000000041,66,0.002877564453125,1998,"{""type"":""MultiPoint"",""coordinates"":[]}"
13_00000000000000000043,68,0.035102075927734365,1998,"{""type"":""MultiPoint"",""coordinates"":[]}"
13_00000000000000000047,72,0.005761097167968751,1998,"{""type"":""MultiPoint"",""coordinates"":[]}"
13_00000000000000000049,74,0.02119407104492187,1998,"{""type"":""MultiPoint"",""coordinates"":[]}"
13_0000000000000000004b,76,0.05137227632625804,1998,"{""type"":""MultiPoint"",""coordinates"":[]}"
13_0000000000000000004d,78,0.5180570424194341,1998,"{""type"":""MultiPoint"",""coordinates"":[]}"
13_0000000000000000004e,79,0.0,1998,"{""type"":""MultiPoint"",""coordinates"":[]}"
13_00000000000000000050,81,1.1761242109985355,1998,"{""type"":""MultiPoint"",""coordinates"":[]}"
13_00000000000000000052,83,0.001604230553002451,1998,"{""type"":""MultiPoint"",""coordinates"":[]}"
13_00000000000000000054,85,0.013097590148925784,1998,"{""type"":""MultiPoint"",""coordinates"":[]}"
13_00000000000000000056,87,0.0,1998,"{""type"":""MultiPoint"",""coordinates"":[]}"
13_00000000000000000058,89,0.20606068112936474,1998,"{""type"":""MultiPoint"",""coordinates"":[]}"
13_0000000000000000005a,91,0.28382958294581895,1998,"{""type"":""MultiPoint"",""coordinates"":[]}"
13_0000000000000000005c,93,0.12157738174139257,1998,"{""type"":""MultiPoint"",""coordinates"":[]}"
13_0000000000000000005e,95,0.7874445368041995,1998,"{""type"":""MultiPoint"",""coordinates"":[]}"
13_00000000000000000060,97,0.17591594714355482,1998,"{""type"":""MultiPoint"",""coordinates"":[]}"
13_00000000000000000062,99,0.086865123840332,1998,"{""type"":""MultiPoint"",""coordinates"":[]}"
13_00000000000000000064,101,1.300509300654146,1998,"{""type"":""MultiPoint"",""coordinates"":[]}"
13_00000000000000000066,103,13.523787947727328,1998,"{""type"":""MultiPoint"",""coordinates"":[]}"
13_00000000000000000068,105,0.12686072222900394,1998,"{""type"":""MultiPoint"",""coordinates"":[]}"
13_00000000000000000069,106,0.15477072863769525,1998,"{""type"":""MultiPoint"",""coordinates"":[]}"
13_0000000000000000006a,107,0.005005634704589844,1998,"{""type"":""MultiPoint"",""coordinates"":[]}"
13_0000000000000000006b,108,0.0,1998,"{""type"":""MultiPoint"",""coordinates"":[]}"
13_00000000000000000071,114,0.29702898273183714,1998,"{""type"":""MultiPoint"",""coordinates"":[]}"
13_00000000000000000073,116,0.25851884160443567,1998,"{""type"":""MultiPoint"",""coordinates"":[]}"
13_00000000000000000075,118,1.3182559978168507,1998,"{""type"":""MultiPoint"",""coordinates"":[]}"
13_00000000000000000077,120,0.07877749434766598,1998,"{""type"":""MultiPoint"",""coordinates"":[]}"
13_0000000000000000007c,125,0.042388818664550784,1998,"{""type"":""MultiPoint"",""coordinates"":[]}"
13_0000000000000000007e,127,0.09449768774414069,1998,"{""type"":""MultiPoint"",""coordinates"":[]}"
13_00000000000000000080,129,0.634203896057129,1998,"{""type"":""MultiPoint"",""coordinates"":[]}"
13_00000000000000000082,131,0.19023836474250355,1998,"{""type"":""MultiPoint"",""coordinates"":[]}"
13_00000000000000000084,133,0.009746011127068015,1998,"{""type"":""MultiPoint"",""coordinates"":[]}"
13_00000000000000000086,135,0.23303267773437464,1998,"{""type"":""MultiPoint"",""coordinates"":[]}"
13_00000000000000000088,137,0.0,1998,"{""type"":""MultiPoint"",""coordinates"":[]}"
13_0000000000000000008a,139,0.0,1998,"{""type"":""MultiPoint"",""coordinates"":[]}"
13_00000000000000000000,1,17.09290364690444,1998,"{""type"":""MultiPoint"",""coordinates"":[]}"
13_00000000000000000002,3,11.350595982642588,1998,"{""type"":""MultiPoint"",""coordinates"":[]}"
13_00000000000000000004,5,6.320035819836877,1998,"{""type"":""MultiPoint"",""coordinates"":[]}"
13_00000000000000000006,7,17.10836124105784,1998,"{""type"":""MultiPoint"",""coordinates"":[]}"
13_00000000000000000008,9,0.6205885179898145,1998,"{""type"":""MultiPoint"",""coordinates"":[]}"
13_0000000000000000000a,11,10.146962891536923,1998,"{""type"":""MultiPoint"",""coordinates"":[]}"
13_0000000000000000000c,13,0.6861886990430657,1998,"{""type"":""MultiPoint"",""coordinates"":[]}"
13_0000000000000000000e,15,4.164340365406929,1998,"{""type"":""MultiPoint"",""coordinates"":[]}"
13_00000000000000000010,17,6.954694710214649,1998,"{""type"":""MultiPoint"",""coordinates"":[]}"
13_00000000000000000012,19,1.7938067265955344,1998,"{""type"":""MultiPoint"",""coordinates"":[]}"
13_00000000000000000014,21,9.88622484222339,1998,"{""type"":""MultiPoint"",""coordinates"":[]}"
13_00000000000000000016,23,3.9786843081395773,1998,"{""type"":""MultiPoint"",""coordinates"":[]}"
13_00000000000000000018,25,3.9842826434330934,1998,"{""type"":""MultiPoint"",""coordinates"":[]}"
13_0000000000000000001d,30,0.9968120103149504,1998,"{""type"":""MultiPoint"",""coordinates"":[]}"
13_0000000000000000001e,31,0.0,1998,"{""type"":""MultiPoint"",""coordinates"":[]}"
13_0000000000000000001f,32,1.3966873855971391,1998,"{""type"":""MultiPoint"",""coordinates"":[]}"
13_00000000000000000021,34,3.019155004443004,1998,"{""type"":""MultiPoint"",""coordinates"":[]}"
13_00000000000000000023,36,0.22018811564199392,1998,"{""type"":""MultiPoint"",""coordinates"":[]}"
13_00000000000000000025,38,0.8534627879310768,1998,"{""type"":""MultiPoint"",""coordinates"":[]}"
13_00000000000000000027,40,1.8183363652629754,1998,"{""type"":""MultiPoint"",""coordinates"":[]}"
13_00000000000000000029,42,0.6820909860912843,1998,"{""type"":""MultiPoint"",""coordinates"":[]}"
13_0000000000000000002b,44,6.8285691077320685,1998,"{""type"":""MultiPoint"",""coordinates"":[]}"
13_0000000000000000002d,46,2.3951687508137964,1998,"{""type"":""MultiPoint"",""coordinates"":[]}"
13_0000000000000000002e,47,14.846942624132843,1998,"{""type"":""MultiPoint"",""coordinates"":[]}"
13_00000000000000000030,49,1.4166305201717573,1998,"{""type"":""MultiPoint"",""coordinates"":[]}"
13_00000000000000000032,51,6.677037668036484,1998,"{""type"":""MultiPoint"",""coordinates"":[]}"
13_00000000000000000034,53,0.6948634074788421,1998,"{""type"":""MultiPoint"",""coordinates"":[]}"
13_00000000000000000036,55,9.189547232124834,1998,"{""type"":""MultiPoint"",""coordinates"":[]}"
13_00000000000000000038,57,0.8595254079541965,1998,"{""type"":""MultiPoint"",""coordinates"":[]}"
13_0000000000000000003a,59,9.889241467813012,1998,"{""type"":""MultiPoint"",""coordinates"":[]}"
13_0000000000000000003c,61,10.352090136608695,1998,"{""type"":""MultiPoint"",""coordinates"":[]}"
13_0000000000000000003e,63,1.1278842540893557,1998,"{""type"":""MultiPoint"",""coordinates"":[]}"
13_00000000000000000040,65,4.023072988101952,1998,"{""type"":""MultiPoint"",""coordinates"":[]}"
13_00000000000000000042,67,0.746595403540278,1998,"{""type"":""MultiPoint"",""coordinates"":[]}"
13_00000000000000000044,69,0.04720336596679686,1998,"{""type"":""MultiPoint"",""coordinates"":[]}"
13_00000000000000000045,70,0.0,1998,"{""type"":""MultiPoint"",""coordinates"":[]}"
13_00000000000000000046,71,0.2689859592895509,1998,"{""type"":""MultiPoint"",""coordinates"":[]}"
13_00000000000000000048,73,3.0681766295910466,1998,"{""type"":""MultiPoint"",""coordinates"":[]}"
13_0000000000000000004a,75,5.428609498877388,1998,"{""type"":""MultiPoint"",""coordinates"":[]}"
13_0000000000000000004c,77,5.363214657680114,1998,"{""type"":""MultiPoint"",""coordinates"":[]}"
13_0000000000000000004f,80,7.629017101162264,1998,"{""type"":""MultiPoint"",""coordinates"":[]}"
13_00000000000000000051,82,4.932201328590537,1998,"{""type"":""MultiPoint"",""coordinates"":[]}"
13_00000000000000000053,84,20.733572618283073,1998,"{""type"":""MultiPoint"",""coordinates"":[]}"
13_00000000000000000055,86,0.009500833557128907,1998,"{""type"":""MultiPoint"",""coordinates"":[]}"
13_00000000000000000057,88,10.960889113756636,1998,"{""type"":""MultiPoint"",""coordinates"":[]}"
13_00000000000000000059,90,1.3400345303919168,1998,"{""type"":""MultiPoint"",""coordinates"":[]}"
13_0000000000000000005b,92,6.868216664438249,1998,"{""type"":""MultiPoint"",""coordinates"":[]}"
13_0000000000000000005d,94,62.15053724538455,1998,"{""type"":""MultiPoint"",""coordinates"":[]}"
13_0000000000000000005f,96,135.12526978186338,1998,"{""type"":""MultiPoint"",""coordinates"":[]}"
13_00000000000000000061,98,87.18522869503958,1998,"{""type"":""MultiPoint"",""coordinates"":[]}"
13_00000000000000000063,100,22.135825699437966,1998,"{""type"":""MultiPoint"",""coordinates"":[]}"
13_00000000000000000065,102,57.6674294132932,1998,"{""type"":""MultiPoint"",""coordinates"":[]}"
13_00000000000000000067,104,16.75715976496948,1998,"{""type"":""MultiPoint"",""coordinates"":[]}"
13_0000000000000000006c,109,1.2329075227661161,1998,"{""type"":""MultiPoint"",""coordinates"":[]}"
13_0000000000000000006d,110,13.405473744868441,1998,"{""type"":""MultiPoint"",""coordinates"":[]}"
13_0000000000000000006e,111,0.0,1998,"{""type"":""MultiPoint"",""coordinates"":[]}"
13_0000000000000000006f,112,0.0,1998,"{""type"":""MultiPoint"",""coordinates"":[]}"
13_00000000000000000070,113,1.0376595636082069,1998,"{""type"":""MultiPoint"",""coordinates"":[]}"
13_00000000000000000072,115,21.54964548740831,1998,"{""type"":""MultiPoint"",""coordinates"":[]}"
13_00000000000000000074,117,1.2763514575602175,1998,"{""type"":""MultiPoint"",""coordinates"":[]}"
13_00000000000000000076,119,0.16330524473853017,1998,"{""type"":""MultiPoint"",""coordinates"":[]}"
13_00000000000000000078,121,10.870386042457723,1998,"{""type"":""MultiPoint"",""coordinates"":[]}"
13_00000000000000000079,122,4.615257082198561,1998,"{""type"":""MultiPoint"",""coordinates"":[]}"
13_0000000000000000007a,123,15.494948215551043,1998,"{""type"":""MultiPoint"",""coordinates"":[]}"
13_0000000000000000007b,124,8.031022597702448,1998,"{""type"":""MultiPoint"",""coordinates"":[]}"
13_0000000000000000007d,126,18.82910170986551,1998,"{""type"":""MultiPoint"",""coordinates"":[]}"
13_0000000000000000007f,128,2.5953545892606855,1998,"{""type"":""MultiPoint"",""coordinates"":[]}"
13_00000000000000000081,130,3.73726068017626,1998,"{""type"":""MultiPoint"",""coordinates"":[]}"
13_00000000000000000083,132,0.33369234480866095,1998,"{""type"":""MultiPoint"",""coordinates"":[]}"
13_00000000000000000085,134,8.367842273006422,1998,"{""type"":""MultiPoint"",""coordinates"":[]}"
13_00000000000000000087,136,0.09035007812499998,1998,"{""type"":""MultiPoint"",""coordinates"":[]}"
13_00000000000000000089,138,0.9686547719836662,1998,"{""type"":""MultiPoint"",""coordinates"":[]}"
13_0000000000000000008b,140,2.6047505485272593,1998,"{""type"":""MultiPoint"",""coordinates"":[]}"
13_0000000000000000008c,141,11.776318053321269,1998,"{""type"":""MultiPoint"",""coordinates"":[]}"
13_0000000000000000008d,142,33.65448384714284,1998,"{""type"":""MultiPoint"",""coordinates"":[]}"
13_0000000000000000008e,143,14.776304841698755,1998,"{""type"":""MultiPoint"",""coordinates"":[]}"
13_0000000000000000008f,144,110.70376177986545,1998,"{""type"":""MultiPoint"",""coordinates"":[]}"
14_00000000000000000001,2,4.752212491333008,1999,"{""type"":""MultiPoint"",""coordinates"":[]}"
14_00000000000000000003,4,0.07343541736988746,1999,"{""type"":""MultiPoint"",""coordinates"":[]}"
14_00000000000000000005,6,0.618020846628229,1999,"{""type"":""MultiPoint"",""coordinates"":[]}"
14_00000000000000000007,8,0.8769402392925163,1999,"{""type"":""MultiPoint"",""coordinates"":[]}"
14_00000000000000000009,10,0.2885129735267778,1999,"{""type"":""MultiPoint"",""coordinates"":[]}"
14_0000000000000000000b,12,0.8108563466320534,1999,"{""type"":""MultiPoint"",""coordinates"":[]}"
14_0000000000000000000d,14,0.7053497097598824,1999,"{""type"":""MultiPoint"",""coordinates"":[]}"
14_0000000000000000000f,16,0.6742444137001179,1999,"{""type"":""MultiPoint"",""coordinates"":[]}"
14_00000000000000000011,18,2.2694461754760686,1999,"{""type"":""MultiPoint"",""coordinates"":[]}"
14_00000000000000000013,20,0.6793970376850215,1999,"{""type"":""MultiPoint"",""coordinates"":[]}"
14_00000000000000000015,22,0.08732880120849601,1999,"{""type"":""MultiPoint"",""coordinates"":[]}"
14_00000000000000000017,24,0.14503029354858407,1999,"{""type"":""MultiPoint"",""coordinates"":[]}"
14_00000000000000000019,26,1.0640043284606955,1999,"{""type"":""MultiPoint"",""coordinates"":[]}"
14_0000000000000000001a,27,0.0,1999,"{""type"":""MultiPoint"",""coordinates"":[]}"
14_0000000000000000001b,28,0.0,1999,"{""type"":""MultiPoint"",""coordinates"":[]}"
14_0000000000000000001c,29,2.9958829844055535,1999,"{""type"":""MultiPoint"",""coordinates"":[]}"
14_00000000000000000020,33,0.013570547485351563,1999,"{""type"":""MultiPoint"",""coordinates"":[]}"
14_00000000000000000022,35,0.0,1999,"{""type"":""MultiPoint"",""coordinates"":[]}"
14_00000000000000000024,37,0.01191409967041016,1999,"{""type"":""MultiPoint"",""coordinates"":[]}"
14_00000000000000000026,39,0.05630545422363281,1999,"{""type"":""MultiPoint"",""coordinates"":[]}"
14_00000000000000000028,41,0.0035160166320800787,1999,"{""type"":""MultiPoint"",""coordinates"":[]}"
14_0000000000000000002a,43,0.014119254302978517,1999,"{""type"":""MultiPoint"",""coordinates"":[]}"
14_0000000000000000002c,45,0.0,1999,"{""type"":""MultiPoint"",""coordinates"":[]}"
14_0000000000000000002f,48,0.09533987664794918,1999,"{""type"":""MultiPoint"",""coordinates"":[]}"
14_00000000000000000031,50,0.335838681030273,1999,"{""type"":""MultiPoint"",""coordinates"":[]}"
14_00000000000000000033,52,0.0,1999,"{""type"":""MultiPoint"",""coordinates"":[]}"
14_00000000000000000035,54,0.04190418304443359,1999,"{""type"":""MultiPoint"",""coordinates"":[]}"
14_00000000000000000037,56,0.16381528808593757,1999,"{""type"":""MultiPoint"",""coordinates"":[]}"
14_00000000000000000039,58,0.03593626037597657,1999,"{""type"":""MultiPoint"",""coordinates"":[]}"
14_0000000000000000003b,60,0.0,1999,"{""type"":""MultiPoint"",""coordinates"":[]}"
14_0000000000000000003d,62,0.024256817565917972,1999,"{""type"":""MultiPoint"",""coordinates"":[]}"
14_0000000000000000003f,64,0.005764519348144532,1999,"{""type"":""MultiPoint"",""coordinates"":[]}"
14_00000000000000000041,66,0.002877564453125,1999,"{""type"":""MultiPoint"",""coordinates"":[]}"
14_00000000000000000043,68,0.035102075927734365,1999,"{""type"":""MultiPoint"",""coordinates"":[]}"
14_00000000000000000047,72,0.005761097167968751,1999,"{""type"":""MultiPoint"",""coordinates"":[]}"
14_00000000000000000049,74,0.02119407104492187,1999,"{""type"":""MultiPoint"",""coordinates"":[]}"
14_0000000000000000004b,76,0.04486497121151194,1999,"{""type"":""MultiPoint"",""coordinates"":[]}"
14_0000000000000000004d,78,0.523455844787598,1999,"{""type"":""MultiPoint"",""coordinates"":[]}"
14_0000000000000000004e,79,0.0,1999,"{""type"":""MultiPoint"",""coordinates"":[]}"
14_00000000000000000050,81,1.167478274230957,1999,"{""type"":""MultiPoint"",""coordinates"":[]}"
14_00000000000000000052,83,0.001604230553002451,1999,"{""type"":""MultiPoint"",""coordinates"":[]}"
14_00000000000000000054,85,0.013097590148925784,1999,"{""type"":""MultiPoint"",""coordinates"":[]}"
14_00000000000000000056,87,0.0,1999,"{""type"":""MultiPoint"",""coordinates"":[]}"
14_00000000000000000058,89,0.20244788040915,1999,"{""type"":""MultiPoint"",""coordinates"":[]}"
14_0000000000000000005a,91,0.28382958294581895,1999,"{""type"":""MultiPoint"",""coordinates"":[]}"
14_0000000000000000005c,93,0.11916630935369729,1999,"{""type"":""MultiPoint"",""coordinates"":[]}"
14_0000000000000000005e,95,0.784990489685059,1999,"{""type"":""MultiPoint"",""coordinates"":[]}"
14_00000000000000000060,97,0.17462237536621106,1999,"{""type"":""MultiPoint"",""coordinates"":[]}"
14_00000000000000000062,99,0.08942175152587888,1999,"{""type"":""MultiPoint"",""coordinates"":[]}"
14_00000000000000000064,101,1.299241919855806,1999,"{""type"":""MultiPoint"",""coordinates"":[]}"
14_00000000000000000066,103,13.523230593967574,1999,"{""type"":""MultiPoint"",""coordinates"":[]}"
14_00000000000000000068,105,0.12686072222900394,1999,"{""type"":""MultiPoint"",""coordinates"":[]}"
14_00000000000000000069,106,0.15038306634521478,1999,"{""type"":""MultiPoint"",""coordinates"":[]}"
14_0000000000000000006a,107,0.005005634704589844,1999,"{""type"":""MultiPoint"",""coordinates"":[]}"
14_0000000000000000006b,108,0.0,1999,"{""type"":""MultiPoint"",""coordinates"":[]}"
14_00000000000000000071,114,0.29702898273183714,1999,"{""type"":""MultiPoint"",""coordinates"":[]}"
14_00000000000000000073,116,0.25701726310388995,1999,"{""type"":""MultiPoint"",""coordinates"":[]}"
14_00000000000000000075,118,1.3182559978168507,1999,"{""type"":""MultiPoint"",""coordinates"":[]}"
14_00000000000000000077,120,0.08155517354688471,1999,"{""type"":""MultiPoint"",""coordinates"":[]}"
14_0000000000000000007c,125,0.042388818664550784,1999,"{""type"":""MultiPoint"",""coordinates"":[]}"
14_0000000000000000007e,127,0.09981369891357426,1999,"{""type"":""MultiPoint"",""coordinates"":[]}"
14_00000000000000000080,129,0.6212522487182616,1999,"{""type"":""MultiPoint"",""coordinates"":[]}"
14_00000000000000000082,131,0.19023836474250355,1999,"{""type"":""MultiPoint"",""coordinates"":[]}"
14_00000000000000000084,133,0.009746011127068015,1999,"{""type"":""MultiPoint"",""coordinates"":[]}"
14_00000000000000000086,135,0.23303267773437464,1999,"{""type"":""MultiPoint"",""coordinates"":[]}"
14_00000000000000000088,137,0.0,1999,"{""type"":""MultiPoint"",""coordinates"":[]}"
14_0000000000000000008a,139,0.0,1999,"{""type"":""MultiPoint"",""coordinates"":[]}"
14_00000000000000000000,1,17.06750128691906,1999,"{""type"":""MultiPoint"",""coordinates"":[]}"
14_00000000000000000002,3,11.343745766251653,1999,"{""type"":""MultiPoint"",""coordinates"":[]}"
14_00000000000000000004,5,6.339904775647426,1999,"{""type"":""MultiPoint"",""coordinates"":[]}"
14_00000000000000000006,7,17.070271137786353,1999,"{""type"":""MultiPoint"",""coordinates"":[]}"
14_00000000000000000008,9,0.6193776617642286,1999,"{""type"":""MultiPoint"",""coordinates"":[]}"
14_0000000000000000000a,11,10.05763418255255,1999,"{""type"":""MultiPoint"",""coordinates"":[]}"
14_0000000000000000000c,13,0.6840303154981436,1999,"{""type"":""MultiPoint"",""coordinates"":[]}"
14_0000000000000000000e,15,4.168112213246285,1999,"{""type"":""MultiPoint"",""coordinates"":[]}"
14_00000000000000000010,17,6.937083161203422,1999,"{""type"":""MultiPoint"",""coordinates"":[]}"
14_00000000000000000012,19,1.784834445101393,1999,"{""type"":""MultiPoint"",""coordinates"":[]}"
14_00000000000000000014,21,9.830774422606689,1999,"{""type"":""MultiPoint"",""coordinates"":[]}"
14_00000000000000000016,23,3.952628813052907,1999,"{""type"":""MultiPoint"",""coordinates"":[]}"
14_00000000000000000018,25,3.977093471527577,1999,"{""type"":""MultiPoint"",""coordinates"":[]}"
14_0000000000000000001d,30,1.0070310568847742,1999,"{""type"":""MultiPoint"",""coordinates"":[]}"
14_0000000000000000001e,31,0.0,1999,"{""type"":""MultiPoint"",""coordinates"":[]}"
14_0000000000000000001f,32,1.4121219141615922,1999,"{""type"":""MultiPoint"",""coordinates"":[]}"
14_00000000000000000021,34,3.029874626025035,1999,"{""type"":""MultiPoint"",""coordinates"":[]}"
14_00000000000000000023,36,0.22018811564199392,1999,"{""type"":""MultiPoint"",""coordinates"":[]}"
14_00000000000000000025,38,0.8624366450477758,1999,"{""type"":""MultiPoint"",""coordinates"":[]}"
14_00000000000000000027,40,1.820331112699499,1999,"{""type"":""MultiPoint"",""coordinates"":[]}"
14_00000000000000000029,42,0.6856071815258546,1999,"{""type"":""MultiPoint"",""coordinates"":[]}"
14_0000000000000000002b,44,6.903568309847595,1999,"{""type"":""MultiPoint"",""coordinates"":[]}"
14_0000000000000000002d,46,2.408072434895828,1999,"{""type"":""MultiPoint"",""coordinates"":[]}"
14_0000000000000000002e,47,14.874116784965269,1999,"{""type"":""MultiPoint"",""coordinates"":[]}"
14_00000000000000000030,49,1.4053354842220502,1999,"{""type"":""MultiPoint"",""coordinates"":[]}"
14_00000000000000000032,51,6.685810935274488,1999,"{""type"":""MultiPoint"",""coordinates"":[]}"
14_00000000000000000034,53,0.6948634074788421,1999,"{""type"":""MultiPoint"",""coordinates"":[]}"
14_00000000000000000036,55,9.169378243277274,1999,"{""type"":""MultiPoint"",""coordinates"":[]}"
14_00000000000000000038,57,0.861775816767673,1999,"{""type"":""MultiPoint"",""coordinates"":[]}"
14_0000000000000000003a,59,9.871191449201598,1999,"{""type"":""MultiPoint"",""coordinates"":[]}"
14_0000000000000000003c,61,10.35265196668682,1999,"{""type"":""MultiPoint"",""coordinates"":[]}"
14_0000000000000000003e,63,1.1278842540893557,1999,"{""type"":""MultiPoint"",""coordinates"":[]}"
14_00000000000000000040,65,4.027106390140526,1999,"{""type"":""MultiPoint"",""coordinates"":[]}"
14_00000000000000000042,67,0.7408429577394966,1999,"{""type"":""MultiPoint"",""coordinates"":[]}"
14_00000000000000000044,69,0.04605241247558592,1999,"{""type"":""MultiPoint"",""coordinates"":[]}"
14_00000000000000000045,70,0.0,1999,"{""type"":""MultiPoint"",""coordinates"":[]}"
14_00000000000000000046,71,0.2678345155639649,1999,"{""type"":""MultiPoint"",""coordinates"":[]}"
14_00000000000000000048,73,3.0815354055309876,1999,"{""type"":""MultiPoint"",""coordinates"":[]}"
14_0000000000000000004a,75,5.43214282205854,1999,"{""type"":""MultiPoint"",""coordinates"":[]}"
14_0000000000000000004c,77,5.356833198033687,1999,"{""type"":""MultiPoint"",""coordinates"":[]}"
14_0000000000000000004f,80,7.630287317592927,1999,"{""type"":""MultiPoint"",""coordinates"":[]}"
14_00000000000000000051,82,4.9392900502606505,1999,"{""type"":""MultiPoint"",""coordinates"":[]}"
14_00000000000000000053,84,20.739955339817236,1999,"{""type"":""MultiPoint"",""coordinates"":[]}"
14_00000000000000000055,86,0.009500833557128907,1999,"{""type"":""MultiPoint"",""coordinates"":[]}"
14_00000000000000000057,88,10.970768880625313,1999,"{""type"":""MultiPoint"",""coordinates"":[]}"
14_00000000000000000059,90,1.3364229593469947,1999,"{""type"":""MultiPoint"",""coordinates"":[]}"
14_0000000000000000005b,92,6.859779610116959,1999,"{""type"":""MultiPoint"",""coordinates"":[]}"
14_0000000000000000005d,94,62.05629426802861,1999,"{""type"":""MultiPoint"",""coordinates"":[]}"
14_0000000000000000005f,96,134.902418103854,1999,"{""type"":""MultiPoint"",""coordinates"":[]}"
14_00000000000000000061,98,87.14257586386498,1999,"{""type"":""MultiPoint"",""coordinates"":[]}"
14_00000000000000000063,100,22.13234085595724,1999,"{""type"":""MultiPoint"",""coordinates"":[]}"
14_00000000000000000065,102,57.72978371865213,1999,"{""type"":""MultiPoint"",""coordinates"":[]}"
14_00000000000000000067,104,16.79108072425904,1999,"{""type"":""MultiPoint"",""coordinates"":[]}"
14_0000000000000000006c,109,1.2322736529541045,1999,"{""type"":""MultiPoint"",""coordinates"":[]}"
14_0000000000000000006d,110,13.418789348628206,1999,"{""type"":""MultiPoint"",""coordinates"":[]}"
14_0000000000000000006e,111,0.0,1999,"{""type"":""MultiPoint"",""coordinates"":[]}"
14_0000000000000000006f,112,0.0,1999,"{""type"":""MultiPoint"",""coordinates"":[]}"
14_00000000000000000070,113,1.0483039583225628,1999,"{""type"":""MultiPoint"",""coordinates"":[]}"
14_00000000000000000072,115,21.47586402998524,1999,"{""type"":""MultiPoint"",""coordinates"":[]}"
14_00000000000000000074,117,1.2717739438883424,1999,"{""type"":""MultiPoint"",""coordinates"":[]}"
14_00000000000000000076,119,0.16457899272437004,1999,"{""type"":""MultiPoint"",""coordinates"":[]}"
14_00000000000000000078,121,10.86202224991622,1999,"{""type"":""MultiPoint"",""coordinates"":[]}"
14_00000000000000000079,122,4.579153048751294,1999,"{""type"":""MultiPoint"",""coordinates"":[]}"
14_0000000000000000007a,123,15.43279889011159,1999,"{""type"":""MultiPoint"",""coordinates"":[]}"
14_0000000000000000007b,124,8.01116172178692,1999,"{""type"":""MultiPoint"",""coordinates"":[]}"
14_0000000000000000007d,126,18.8002554889338,1999,"{""type"":""MultiPoint"",""coordinates"":[]}"
14_0000000000000000007f,128,2.5765968520780684,1999,"{""type"":""MultiPoint"",""coordinates"":[]}"
14_00000000000000000081,130,3.724875681087476,1999,"{""type"":""MultiPoint"",""coordinates"":[]}"
14_00000000000000000083,132,0.33250439272125865,1999,"{""type"":""MultiPoint"",""coordinates"":[]}"
14_00000000000000000085,134,8.295300823177323,1999,"{""type"":""MultiPoint"",""coordinates"":[]}"
14_00000000000000000087,136,0.08852909252929686,1999,"{""type"":""MultiPoint"",""coordinates"":[]}"
14_00000000000000000089,138,0.9710674795031975,1999,"{""type"":""MultiPoint"",""coordinates"":[]}"
14_0000000000000000008b,140,2.6090024130292124,1999,"{""type"":""MultiPoint"",""coordinates"":[]}"
14_0000000000000000008c,141,11.700284858436007,1999,"{""type"":""MultiPoint"",""coordinates"":[]}"
14_0000000000000000008d,142,33.57951016800466,1999,"{""type"":""MultiPoint"",""coordinates"":[]}"
14_0000000000000000008e,143,14.801420060218765,1999,"{""type"":""MultiPoint"",""coordinates"":[]}"
14_0000000000000000008f,144,110.60195200616396,1999,"{""type"":""MultiPoint"",""coordinates"":[]}"
15_00000000000000000001,2,4.740459622619628,2000,"{""type"":""MultiPoint"",""coordinates"":[]}"
15_00000000000000000003,4,0.07343641083912572,2000,"{""type"":""MultiPoint"",""coordinates"":[]}"
15_00000000000000000005,6,0.6123656025900472,2000,"{""type"":""MultiPoint"",""coordinates"":[]}"
15_00000000000000000007,8,0.8703362973979846,2000,"{""type"":""MultiPoint"",""coordinates"":[]}"
15_00000000000000000009,10,0.2881923462289837,2000,"{""type"":""MultiPoint"",""coordinates"":[]}"
15_0000000000000000000b,12,0.8124753860607642,2000,"{""type"":""MultiPoint"",""coordinates"":[]}"
15_0000000000000000000d,14,0.7091051498233593,2000,"{""type"":""MultiPoint"",""coordinates"":[]}"
15_0000000000000000000f,16,0.6742444137001179,2000,"{""type"":""MultiPoint"",""coordinates"":[]}"
15_00000000000000000011,18,2.2493047727661093,2000,"{""type"":""MultiPoint"",""coordinates"":[]}"
15_00000000000000000013,20,0.6767557588153917,2000,"{""type"":""MultiPoint"",""coordinates"":[]}"
15_00000000000000000015,22,0.08732880120849601,2000,"{""type"":""MultiPoint"",""coordinates"":[]}"
15_00000000000000000017,24,0.14149304727172857,2000,"{""type"":""MultiPoint"",""coordinates"":[]}"
15_00000000000000000019,26,1.0932706095275904,2000,"{""type"":""MultiPoint"",""coordinates"":[]}"
15_0000000000000000001a,27,0.0,2000,"{""type"":""MultiPoint"",""coordinates"":[]}"
15_0000000000000000001b,28,0.0,2000,"{""type"":""MultiPoint"",""coordinates"":[]}"
15_0000000000000000001c,29,2.9836192879944283,2000,"{""type"":""MultiPoint"",""coordinates"":[]}"
15_00000000000000000020,33,0.013570547485351563,2000,"{""type"":""MultiPoint"",""coordinates"":[]}"
15_00000000000000000022,35,0.0,2000,"{""type"":""MultiPoint"",""coordinates"":[]}"
15_00000000000000000024,37,0.01191409967041016,2000,"{""type"":""MultiPoint"",""coordinates"":[]}"
15_00000000000000000026,39,0.05630545422363281,2000,"{""type"":""MultiPoint"",""coordinates"":[]}"
15_00000000000000000028,41,0.0035160166320800787,2000,"{""type"":""MultiPoint"",""coordinates"":[]}"
15_0000000000000000002a,43,0.014119254302978517,2000,"{""type"":""MultiPoint"",""coordinates"":[]}"
15_0000000000000000002c,45,0.0,2000,"{""type"":""MultiPoint"",""coordinates"":[]}"
15_0000000000000000002f,48,0.09587639001464843,2000,"{""type"":""MultiPoint"",""coordinates"":[]}"
15_00000000000000000031,50,0.33529957830810503,2000,"{""type"":""MultiPoint"",""coordinates"":[]}"
15_00000000000000000033,52,0.0,2000,"{""type"":""MultiPoint"",""coordinates"":[]}"
15_00000000000000000035,54,0.04082975262451172,2000,"{""type"":""MultiPoint"",""coordinates"":[]}"
15_00000000000000000037,56,0.16381528808593757,2000,"{""type"":""MultiPoint"",""coordinates"":[]}"
15_00000000000000000039,58,0.03593626037597657,2000,"{""type"":""MultiPoint"",""coordinates"":[]}"
15_0000000000000000003b,60,0.0,2000,"{""type"":""MultiPoint"",""coordinates"":[]}"
15_0000000000000000003d,62,0.024256817565917972,2000,"{""type"":""MultiPoint"",""coordinates"":[]}"
15_0000000000000000003f,64,0.005764519348144532,2000,"{""type"":""MultiPoint"",""coordinates"":[]}"
15_00000000000000000041,66,0.002877564453125,2000,"{""type"":""MultiPoint"",""coordinates"":[]}"
15_00000000000000000043,68,0.035102075927734365,2000,"{""type"":""MultiPoint"",""coordinates"":[]}"
15_00000000000000000047,72,0.005761097167968751,2000,"{""type"":""MultiPoint"",""coordinates"":[]}"
15_00000000000000000049,74,0.02119407104492187,2000,"{""type"":""MultiPoint"",""coordinates"":[]}"
15_0000000000000000004b,76,0.04486497121151194,2000,"{""type"":""MultiPoint"",""coordinates"":[]}"
15_0000000000000000004d,78,0.523455844787598,2000,"{""type"":""MultiPoint"",""coordinates"":[]}"
15_0000000000000000004e,79,0.0,2000,"{""type"":""MultiPoint"",""coordinates"":[]}"
15_00000000000000000050,81,1.1600704759521485,2000,"{""type"":""MultiPoint"",""coordinates"":[]}"
15_00000000000000000052,83,0.001604230553002451,2000,"{""type"":""MultiPoint"",""coordinates"":[]}"
15_00000000000000000054,85,0.013097590148925784,2000,"{""type"":""MultiPoint"",""coordinates"":[]}"
15_00000000000000000056,87,0.0,2000,"{""type"":""MultiPoint"",""coordinates"":[]}"
15_00000000000000000058,89,0.20184575162497032,2000,"{""type"":""MultiPoint"",""coordinates"":[]}"
15_0000000000000000005a,91,0.27662830224513535,2000,"{""type"":""MultiPoint"",""coordinates"":[]}"
15_0000000000000000005c,93,0.11916630935369729,2000,"{""type"":""MultiPoint"",""coordinates"":[]}"
15_0000000000000000005e,95,0.7813055241088869,2000,"{""type"":""MultiPoint"",""coordinates"":[]}"
15_00000000000000000060,97,0.1707416802368165,2000,"{""type"":""MultiPoint"",""coordinates"":[]}"
15_00000000000000000062,99,0.09325363629150389,2000,"{""type"":""MultiPoint"",""coordinates"":[]}"
15_00000000000000000064,101,1.2954399110667438,2000,"{""type"":""MultiPoint"",""coordinates"":[]}"
15_00000000000000000066,103,13.430795031162425,2000,"{""type"":""MultiPoint"",""coordinates"":[]}"
15_00000000000000000068,105,0.12686072222900394,2000,"{""type"":""MultiPoint"",""coordinates"":[]}"
15_00000000000000000069,106,0.15163645056152336,2000,"{""type"":""MultiPoint"",""coordinates"":[]}"
15_0000000000000000006a,107,0.004380142150878907,2000,"{""type"":""MultiPoint"",""coordinates"":[]}"
15_0000000000000000006b,108,0.0,2000,"{""type"":""MultiPoint"",""coordinates"":[]}"
15_00000000000000000071,114,0.29702898273183714,2000,"{""type"":""MultiPoint"",""coordinates"":[]}"
15_00000000000000000073,116,0.2535626710449228,2000,"{""type"":""MultiPoint"",""coordinates"":[]}"
15_00000000000000000075,118,1.314808895277788,2000,"{""type"":""MultiPoint"",""coordinates"":[]}"
15_00000000000000000077,120,0.08155517354688471,2000,"{""type"":""MultiPoint"",""coordinates"":[]}"
15_0000000000000000007c,125,0.042388818664550784,2000,"{""type"":""MultiPoint"",""coordinates"":[]}"
15_0000000000000000007e,127,0.09981369891357426,2000,"{""type"":""MultiPoint"",""coordinates"":[]}"
15_00000000000000000080,129,0.6153587388305662,2000,"{""type"":""MultiPoint"",""coordinates"":[]}"
15_00000000000000000082,131,0.18368967181037466,2000,"{""type"":""MultiPoint"",""coordinates"":[]}"
15_00000000000000000084,133,0.009746011127068015,2000,"{""type"":""MultiPoint"",""coordinates"":[]}"
15_00000000000000000086,135,0.23303267773437464,2000,"{""type"":""MultiPoint"",""coordinates"":[]}"
15_00000000000000000088,137,0.0,2000,"{""type"":""MultiPoint"",""coordinates"":[]}"
15_0000000000000000008a,139,0.0,2000,"{""type"":""MultiPoint"",""coordinates"":[]}"
15_00000000000000000000,1,17.08284061467785,2000,"{""type"":""MultiPoint"",""coordinates"":[]}"
15_00000000000000000002,3,11.339937434159372,2000,"{""type"":""MultiPoint"",""coordinates"":[]}"
15_00000000000000000004,5,6.325046706870615,2000,"{""type"":""MultiPoint"",""coordinates"":[]}"
15_00000000000000000006,7,17.031818433745826,2000,"{""type"":""MultiPoint"",""coordinates"":[]}"
15_00000000000000000008,9,0.6120646594874976,2000,"{""type"":""MultiPoint"",""coordinates"":[]}"
15_0000000000000000000a,11,10.003999071895812,2000,"{""type"":""MultiPoint"",""coordinates"":[]}"
15_0000000000000000000c,13,0.6883475199659173,2000,"{""type"":""MultiPoint"",""coordinates"":[]}"
15_0000000000000000000e,15,4.15743453563398,2000,"{""type"":""MultiPoint"",""coordinates"":[]}"
15_00000000000000000010,17,6.941244279794727,2000,"{""type"":""MultiPoint"",""coordinates"":[]}"
15_00000000000000000012,19,1.7499934477259038,2000,"{""type"":""MultiPoint"",""coordinates"":[]}"
15_00000000000000000014,21,9.803667825134504,2000,"{""type"":""MultiPoint"",""coordinates"":[]}"
15_00000000000000000016,23,3.9233544136388447,2000,"{""type"":""MultiPoint"",""coordinates"":[]}"
15_00000000000000000018,25,3.981721680145741,2000,"{""type"":""MultiPoint"",""coordinates"":[]}"
15_0000000000000000001d,30,1.0014583930664152,2000,"{""type"":""MultiPoint"",""coordinates"":[]}"
15_0000000000000000001e,31,0.0,2000,"{""type"":""MultiPoint"",""coordinates"":[]}"
15_0000000000000000001f,32,1.420838124488741,2000,"{""type"":""MultiPoint"",""coordinates"":[]}"
15_00000000000000000021,34,3.0401168066093933,2000,"{""type"":""MultiPoint"",""coordinates"":[]}"
15_00000000000000000023,36,0.22018811564199392,2000,"{""type"":""MultiPoint"",""coordinates"":[]}"
15_00000000000000000025,38,0.8699105823341527,2000,"{""type"":""MultiPoint"",""coordinates"":[]}"
15_00000000000000000027,40,1.8308510930461783,2000,"{""type"":""MultiPoint"",""coordinates"":[]}"
15_00000000000000000029,42,0.6906366264721436,2000,"{""type"":""MultiPoint"",""coordinates"":[]}"
15_0000000000000000002b,44,6.993486071688416,2000,"{""type"":""MultiPoint"",""coordinates"":[]}"
15_0000000000000000002d,46,2.4003220709431914,2000,"{""type"":""MultiPoint"",""coordinates"":[]}"
15_0000000000000000002e,47,14.884114624686948,2000,"{""type"":""MultiPoint"",""coordinates"":[]}"
15_00000000000000000030,49,1.4062946750911907,2000,"{""type"":""MultiPoint"",""coordinates"":[]}"
15_00000000000000000032,51,6.734993776453351,2000,"{""type"":""MultiPoint"",""coordinates"":[]}"
15_00000000000000000034,53,0.6873497345052094,2000,"{""type"":""MultiPoint"",""coordinates"":[]}"
15_00000000000000000036,55,9.17059625542327,2000,"{""type"":""MultiPoint"",""coordinates"":[]}"
15_00000000000000000038,57,0.8600908943433566,2000,"{""type"":""MultiPoint"",""coordinates"":[]}"
15_0000000000000000003a,59,9.875765514692329,2000,"{""type"":""MultiPoint"",""coordinates"":[]}"
15_0000000000000000003c,61,10.376836510693169,2000,"{""type"":""MultiPoint"",""coordinates"":[]}"
15_0000000000000000003e,63,1.1284607527465822,2000,"{""type"":""MultiPoint"",""coordinates"":[]}"
15_00000000000000000040,65,4.027678323245996,2000,"{""type"":""MultiPoint"",""coordinates"":[]}"
15_00000000000000000042,67,0.7471781845461369,2000,"{""type"":""MultiPoint"",""coordinates"":[]}"
15_00000000000000000044,69,0.04605241247558592,2000,"{""type"":""MultiPoint"",""coordinates"":[]}"
15_00000000000000000045,70,0.0,2000,"{""type"":""MultiPoint"",""coordinates"":[]}"
15_00000000000000000046,71,0.27013826080322273,2000,"{""type"":""MultiPoint"",""coordinates"":[]}"
15_00000000000000000048,73,3.080348993299542,2000,"{""type"":""MultiPoint"",""coordinates"":[]}"
15_0000000000000000004a,75,5.44216989340864,2000,"{""type"":""MultiPoint"",""coordinates"":[]}"
15_0000000000000000004c,77,5.351451439061516,2000,"{""type"":""MultiPoint"",""coordinates"":[]}"
15_0000000000000000004f,80,7.650493341945949,2000,"{""type"":""MultiPoint"",""coordinates"":[]}"
15_00000000000000000051,82,4.954423586599304,2000,"{""type"":""MultiPoint"",""coordinates"":[]}"
15_00000000000000000053,84,20.767916975315288,2000,"{""type"":""MultiPoint"",""coordinates"":[]}"
15_00000000000000000055,86,0.009500833557128907,2000,"{""type"":""MultiPoint"",""coordinates"":[]}"
15_00000000000000000057,88,10.966577174692695,2000,"{""type"":""MultiPoint"",""coordinates"":[]}"
15_00000000000000000059,90,1.3382293581507057,2000,"{""type"":""MultiPoint"",""coordinates"":[]}"
15_0000000000000000005b,92,6.854964112314224,2000,"{""type"":""MultiPoint"",""coordinates"":[]}"
15_0000000000000000005d,94,61.93729337117802,2000,"{""type"":""MultiPoint"",""coordinates"":[]}"
15_0000000000000000005f,96,134.72893999604415,2000,"{""type"":""MultiPoint"",""coordinates"":[]}"
15_00000000000000000061,98,87.14522634610371,2000,"{""type"":""MultiPoint"",""coordinates"":[]}"
15_00000000000000000063,100,22.149318240213045,2000,"{""type"":""MultiPoint"",""coordinates"":[]}"
15_00000000000000000065,102,57.76230956746801,2000,"{""type"":""MultiPoint"",""coordinates"":[]}"
15_00000000000000000067,104,16.85638453376831,2000,"{""type"":""MultiPoint"",""coordinates"":[]}"
15_0000000000000000006c,109,1.2322736529541045,2000,"{""type"":""MultiPoint"",""coordinates"":[]}"
15_0000000000000000006d,110,13.45490005883329,2000,"{""type"":""MultiPoint"",""coordinates"":[]}"
15_0000000000000000006e,111,0.0,2000,"{""type"":""MultiPoint"",""coordinates"":[]}"
15_0000000000000000006f,112,0.0,2000,"{""type"":""MultiPoint"",""coordinates"":[]}"
15_00000000000000000070,113,1.0435610257664103,2000,"{""type"":""MultiPoint"",""coordinates"":[]}"
15_00000000000000000072,115,21.48055259110273,2000,"{""type"":""MultiPoint"",""coordinates"":[]}"
15_00000000000000000074,117,1.2695154960458752,2000,"{""type"":""MultiPoint"",""coordinates"":[]}"
15_00000000000000000076,119,0.16342733293433098,2000,"{""type"":""MultiPoint"",""coordinates"":[]}"
15_00000000000000000078,121,10.883698449562218,2000,"{""type"":""MultiPoint"",""coordinates"":[]}"
15_00000000000000000079,122,4.554409535384596,2000,"{""type"":""MultiPoint"",""coordinates"":[]}"
15_0000000000000000007a,123,15.346085920644251,2000,"{""type"":""MultiPoint"",""coordinates"":[]}"
15_0000000000000000007b,124,8.01835155534405,2000,"{""type"":""MultiPoint"",""coordinates"":[]}"
15_0000000000000000007d,126,18.7996136918757,2000,"{""type"":""MultiPoint"",""coordinates"":[]}"
15_0000000000000000007f,128,2.568376177334416,2000,"{""type"":""MultiPoint"",""coordinates"":[]}"
15_00000000000000000081,130,3.733120473201735,2000,"{""type"":""MultiPoint"",""coordinates"":[]}"
15_00000000000000000083,132,0.3293485845511645,2000,"{""type"":""MultiPoint"",""coordinates"":[]}"
15_00000000000000000085,134,8.243882100215897,2000,"{""type"":""MultiPoint"",""coordinates"":[]}"
15_00000000000000000087,136,0.07699774176025388,2000,"{""type"":""MultiPoint"",""coordinates"":[]}"
15_00000000000000000089,138,0.9771903300891348,2000,"{""type"":""MultiPoint"",""coordinates"":[]}"
15_0000000000000000008b,140,2.610821163761635,2000,"{""type"":""MultiPoint"",""coordinates"":[]}"
15_0000000000000000008c,141,11.642541125281713,2000,"{""type"":""MultiPoint"",""coordinates"":[]}"
15_0000000000000000008d,142,33.49564967351026,2000,"{""type"":""MultiPoint"",""coordinates"":[]}"
15_0000000000000000008e,143,14.79993429971976,2000,"{""type"":""MultiPoint"",""coordinates"":[]}"
15_0000000000000000008f,144,110.5044479911806,2000,"{""type"":""MultiPoint"",""coordinates"":[]}"
16_00000000000000000001,2,4.736943043823241,2001,"{""type"":""MultiPoint"",""coordinates"":[]}"
16_00000000000000000003,4,0.07343641083912572,2001,"{""type"":""MultiPoint"",""coordinates"":[]}"
16_00000000000000000005,6,0.6123656025900472,2001,"{""type"":""MultiPoint"",""coordinates"":[]}"
16_00000000000000000007,8,0.8681348681987658,2001,"{""type"":""MultiPoint"",""coordinates"":[]}"
16_00000000000000000009,10,0.28710250772800716,2001,"{""type"":""MultiPoint"",""coordinates"":[]}"
16_0000000000000000000b,12,0.8151778714123264,2001,"{""type"":""MultiPoint"",""coordinates"":[]}"
16_0000000000000000000d,14,0.7128607215396682,2001,"{""type"":""MultiPoint"",""coordinates"":[]}"
16_0000000000000000000f,16,0.6678843978920121,2001,"{""type"":""MultiPoint"",""coordinates"":[]}"
16_00000000000000000011,18,2.2434549759521447,2001,"{""type"":""MultiPoint"",""coordinates"":[]}"
16_00000000000000000013,20,0.6778024856830669,2001,"{""type"":""MultiPoint"",""coordinates"":[]}"
16_00000000000000000015,22,0.08732880120849601,2001,"{""type"":""MultiPoint"",""coordinates"":[]}"
16_00000000000000000017,24,0.14048248565673832,2001,"{""type"":""MultiPoint"",""coordinates"":[]}"
16_00000000000000000019,26,1.1007105634155296,2001,"{""type"":""MultiPoint"",""coordinates"":[]}"
16_0000000000000000001a,27,0.0,2001,"{""type"":""MultiPoint"",""coordinates"":[]}"
16_0000000000000000001b,28,0.0,2001,"{""type"":""MultiPoint"",""coordinates"":[]}"
16_0000000000000000001c,29,2.973247107940722,2001,"{""type"":""MultiPoint"",""coordinates"":[]}"
16_00000000000000000020,33,0.013570547485351563,2001,"{""type"":""MultiPoint"",""coordinates"":[]}"
16_00000000000000000022,35,0.0,2001,"{""type"":""MultiPoint"",""coordinates"":[]}"
16_00000000000000000024,37,0.01191409967041016,2001,"{""type"":""MultiPoint"",""coordinates"":[]}"
16_00000000000000000026,39,0.05630545422363281,2001,"{""type"":""MultiPoint"",""coordinates"":[]}"
16_00000000000000000028,41,0.0035160166320800787,2001,"{""type"":""MultiPoint"",""coordinates"":[]}"
16_0000000000000000002a,43,0.014119254302978517,2001,"{""type"":""MultiPoint"",""coordinates"":[]}"
16_0000000000000000002c,45,0.0,2001,"{""type"":""MultiPoint"",""coordinates"":[]}"
16_0000000000000000002f,48,0.09587639001464843,2001,"{""type"":""MultiPoint"",""coordinates"":[]}"
16_00000000000000000031,50,0.3207425613403318,2001,"{""type"":""MultiPoint"",""coordinates"":[]}"
16_00000000000000000033,52,0.0,2001,"{""type"":""MultiPoint"",""coordinates"":[]}"
16_00000000000000000035,54,0.04082975262451172,2001,"{""type"":""MultiPoint"",""coordinates"":[]}"
16_00000000000000000037,56,0.16325425280761727,2001,"{""type"":""MultiPoint"",""coordinates"":[]}"
16_00000000000000000039,58,0.03593626037597657,2001,"{""type"":""MultiPoint"",""coordinates"":[]}"
16_0000000000000000003b,60,0.0,2001,"{""type"":""MultiPoint"",""coordinates"":[]}"
16_0000000000000000003d,62,0.024256817565917972,2001,"{""type"":""MultiPoint"",""coordinates"":[]}"
16_0000000000000000003f,64,0.005764519348144532,2001,"{""type"":""MultiPoint"",""coordinates"":[]}"
16_00000000000000000041,66,0.002877564453125,2001,"{""type"":""MultiPoint"",""coordinates"":[]}"
16_00000000000000000043,68,0.03740375720214841,2001,"{""type"":""MultiPoint"",""coordinates"":[]}"
16_00000000000000000047,72,0.005761097167968751,2001,"{""type"":""MultiPoint"",""coordinates"":[]}"
16_00000000000000000049,74,0.02119407104492187,2001,"{""type"":""MultiPoint"",""coordinates"":[]}"
16_0000000000000000004b,76,0.04486497121151194,2001,"{""type"":""MultiPoint"",""coordinates"":[]}"
16_0000000000000000004d,78,0.5366525402832034,2001,"{""type"":""MultiPoint"",""coordinates"":[]}"
16_0000000000000000004e,79,0.0,2001,"{""type"":""MultiPoint"",""coordinates"":[]}"
16_00000000000000000050,81,1.1687782484741216,2001,"{""type"":""MultiPoint"",""coordinates"":[]}"
16_00000000000000000052,83,0.001604230553002451,2001,"{""type"":""MultiPoint"",""coordinates"":[]}"
16_00000000000000000054,85,0.013097590148925784,2001,"{""type"":""MultiPoint"",""coordinates"":[]}"
16_00000000000000000056,87,0.0,2001,"{""type"":""MultiPoint"",""coordinates"":[]}"
16_00000000000000000058,89,0.20184575162497032,2001,"{""type"":""MultiPoint"",""coordinates"":[]}"
16_0000000000000000005a,91,0.27662830224513535,2001,"{""type"":""MultiPoint"",""coordinates"":[]}"
16_0000000000000000005c,93,0.11916630935369729,2001,"{""type"":""MultiPoint"",""coordinates"":[]}"
16_0000000000000000005e,95,0.7849898076782229,2001,"{""type"":""MultiPoint"",""coordinates"":[]}"
16_00000000000000000060,97,0.1707416802368165,2001,"{""type"":""MultiPoint"",""coordinates"":[]}"
16_00000000000000000062,99,0.09325363629150389,2001,"{""type"":""MultiPoint"",""coordinates"":[]}"
16_00000000000000000064,101,1.2948089628245563,2001,"{""type"":""MultiPoint"",""coordinates"":[]}"
16_00000000000000000066,103,13.362697552952019,2001,"{""type"":""MultiPoint"",""coordinates"":[]}"
16_00000000000000000068,105,0.12686072222900394,2001,"{""type"":""MultiPoint"",""coordinates"":[]}"
16_00000000000000000069,106,0.15039310888671872,2001,"{""type"":""MultiPoint"",""coordinates"":[]}"
16_0000000000000000006a,107,0.004380142150878907,2001,"{""type"":""MultiPoint"",""coordinates"":[]}"
16_0000000000000000006b,108,0.0,2001,"{""type"":""MultiPoint"",""coordinates"":[]}"
16_00000000000000000071,114,0.29702898273183714,2001,"{""type"":""MultiPoint"",""coordinates"":[]}"
16_00000000000000000073,116,0.25300598722713785,2001,"{""type"":""MultiPoint"",""coordinates"":[]}"
16_00000000000000000075,118,1.3102833746773448,2001,"{""type"":""MultiPoint"",""coordinates"":[]}"
16_00000000000000000077,120,0.07661912207079136,2001,"{""type"":""MultiPoint"",""coordinates"":[]}"
16_0000000000000000007c,125,0.042388818664550784,2001,"{""type"":""MultiPoint"",""coordinates"":[]}"
16_0000000000000000007e,127,0.09981369891357426,2001,"{""type"":""MultiPoint"",""coordinates"":[]}"
16_00000000000000000080,129,0.61418228717041,2001,"{""type"":""MultiPoint"",""coordinates"":[]}"
16_00000000000000000082,131,0.18130858428596058,2001,"{""type"":""MultiPoint"",""coordinates"":[]}"
16_00000000000000000084,133,0.009746011127068015,2001,"{""type"":""MultiPoint"",""coordinates"":[]}"
16_00000000000000000086,135,0.23061299890136677,2001,"{""type"":""MultiPoint"",""coordinates"":[]}"
16_00000000000000000088,137,0.0,2001,"{""type"":""MultiPoint"",""coordinates"":[]}"
16_0000000000000000008a,139,0.0,2001,"{""type"":""MultiPoint"",""coordinates"":[]}"
16_00000000000000000000,1,17.10171696971937,2001,"{""type"":""MultiPoint"",""coordinates"":[]}"
16_00000000000000000002,3,11.342772171704842,2001,"{""type"":""MultiPoint"",""coordinates"":[]}"
16_00000000000000000004,5,6.315900811729013,2001,"{""type"":""MultiPoint"",""coordinates"":[]}"
16_00000000000000000006,7,16.969915441314175,2001,"{""type"":""MultiPoint"",""coordinates"":[]}"
16_00000000000000000008,9,0.6087809446437475,2001,"{""type"":""MultiPoint"",""coordinates"":[]}"
16_0000000000000000000a,11,9.915671384578918,2001,"{""type"":""MultiPoint"",""coordinates"":[]}"
16_0000000000000000000c,13,0.6915672470166985,2001,"{""type"":""MultiPoint"",""coordinates"":[]}"
16_0000000000000000000e,15,4.157436233082711,2001,"{""type"":""MultiPoint"",""coordinates"":[]}"
16_00000000000000000010,17,6.916205006601371,2001,"{""type"":""MultiPoint"",""coordinates"":[]}"
16_00000000000000000012,19,1.73785505765022,2001,"{""type"":""MultiPoint"",""coordinates"":[]}"
16_00000000000000000014,21,9.755724955658545,2001,"{""type"":""MultiPoint"",""coordinates"":[]}"
16_00000000000000000016,23,3.9285174483678498,2001,"{""type"":""MultiPoint"",""coordinates"":[]}"
16_00000000000000000018,25,3.9760019810490603,2001,"{""type"":""MultiPoint"",""coordinates"":[]}"
16_0000000000000000001d,30,0.9903078662719816,2001,"{""type"":""MultiPoint"",""coordinates"":[]}"
16_0000000000000000001e,31,0.0,2001,"{""type"":""MultiPoint"",""coordinates"":[]}"
16_0000000000000000001f,32,1.4300395162428918,2001,"{""type"":""MultiPoint"",""coordinates"":[]}"
16_00000000000000000021,34,3.0425517592461118,2001,"{""type"":""MultiPoint"",""coordinates"":[]}"
16_00000000000000000023,36,0.22018811564199392,2001,"{""type"":""MultiPoint"",""coordinates"":[]}"
16_00000000000000000025,38,0.8719041715675512,2001,"{""type"":""MultiPoint"",""coordinates"":[]}"
16_00000000000000000027,40,1.8453278861369986,2001,"{""type"":""MultiPoint"",""coordinates"":[]}"
16_00000000000000000029,42,0.6906366264721436,2001,"{""type"":""MultiPoint"",""coordinates"":[]}"
16_0000000000000000002b,44,7.020901766146427,2001,"{""type"":""MultiPoint"",""coordinates"":[]}"
16_0000000000000000002d,46,2.4090628702595973,2001,"{""type"":""MultiPoint"",""coordinates"":[]}"
16_0000000000000000002e,47,14.893630336407135,2001,"{""type"":""MultiPoint"",""coordinates"":[]}"
16_00000000000000000030,49,1.4111367316707806,2001,"{""type"":""MultiPoint"",""coordinates"":[]}"
16_00000000000000000032,51,6.748452367456768,2001,"{""type"":""MultiPoint"",""coordinates"":[]}"
16_00000000000000000034,53,0.6873497345052094,2001,"{""type"":""MultiPoint"",""coordinates"":[]}"
16_00000000000000000036,55,9.155264456106865,2001,"{""type"":""MultiPoint"",""coordinates"":[]}"
16_00000000000000000038,57,0.8629132740430636,2001,"{""type"":""MultiPoint"",""coordinates"":[]}"
16_0000000000000000003a,59,9.882576737289218,2001,"{""type"":""MultiPoint"",""coordinates"":[]}"
16_0000000000000000003c,61,10.379150688427544,2001,"{""type"":""MultiPoint"",""coordinates"":[]}"
16_0000000000000000003e,63,1.1284607527465822,2001,"{""type"":""MultiPoint"",""coordinates"":[]}"
16_00000000000000000040,65,4.027101483402246,2001,"{""type"":""MultiPoint"",""coordinates"":[]}"
16_00000000000000000042,67,0.7414206561647892,2001,"{""type"":""MultiPoint"",""coordinates"":[]}"
16_00000000000000000044,69,0.043173851379394515,2001,"{""type"":""MultiPoint"",""coordinates"":[]}"
16_00000000000000000045,70,0.0,2001,"{""type"":""MultiPoint"",""coordinates"":[]}"
16_00000000000000000046,71,0.27129013342285163,2001,"{""type"":""MultiPoint"",""coordinates"":[]}"
16_00000000000000000048,73,3.074577326124249,2001,"{""type"":""MultiPoint"",""coordinates"":[]}"
16_0000000000000000004a,75,5.438633286108836,2001,"{""type"":""MultiPoint"",""coordinates"":[]}"
16_0000000000000000004c,77,5.338909322118157,2001,"{""type"":""MultiPoint"",""coordinates"":[]}"
16_0000000000000000004f,80,7.67688103323013,2001,"{""type"":""MultiPoint"",""coordinates"":[]}"
16_00000000000000000051,82,4.9581107388820165,2001,"{""type"":""MultiPoint"",""coordinates"":[]}"
16_00000000000000000053,84,20.78313881448861,2001,"{""type"":""MultiPoint"",""coordinates"":[]}"
16_00000000000000000055,86,0.009500833557128907,2001,"{""type"":""MultiPoint"",""coordinates"":[]}"
16_00000000000000000057,88,10.95749082789094,2001,"{""type"":""MultiPoint"",""coordinates"":[]}"
16_00000000000000000059,90,1.3394295936853737,2001,"{""type"":""MultiPoint"",""coordinates"":[]}"
16_0000000000000000005b,92,6.848343199167251,2001,"{""type"":""MultiPoint"",""coordinates"":[]}"
16_0000000000000000005d,94,61.827009647641916,2001,"{""type"":""MultiPoint"",""coordinates"":[]}"
16_0000000000000000005f,96,134.533331610694,2001,"{""type"":""MultiPoint"",""coordinates"":[]}"
16_00000000000000000061,98,87.09912112302014,2001,"{""type"":""MultiPoint"",""coordinates"":[]}"
16_00000000000000000063,100,22.177168807574553,2001,"{""type"":""MultiPoint"",""coordinates"":[]}"
16_00000000000000000065,102,57.87524035128147,2001,"{""type"":""MultiPoint"",""coordinates"":[]}"
16_00000000000000000067,104,16.975141193741447,2001,"{""type"":""MultiPoint"",""coordinates"":[]}"
16_0000000000000000006c,109,1.2310057175292999,2001,"{""type"":""MultiPoint"",""coordinates"":[]}"
16_0000000000000000006d,110,13.555735732539354,2001,"{""type"":""MultiPoint"",""coordinates"":[]}"
16_0000000000000000006e,111,0.0,2001,"{""type"":""MultiPoint"",""coordinates"":[]}"
16_0000000000000000006f,112,0.0,2001,"{""type"":""MultiPoint"",""coordinates"":[]}"
16_00000000000000000070,113,1.0358436751194378,2001,"{""type"":""MultiPoint"",""coordinates"":[]}"
16_00000000000000000072,115,21.51939000177718,2001,"{""type"":""MultiPoint"",""coordinates"":[]}"
16_00000000000000000074,117,1.2642690808962314,2001,"{""type"":""MultiPoint"",""coordinates"":[]}"
16_00000000000000000076,119,0.16342733293433098,2001,"{""type"":""MultiPoint"",""coordinates"":[]}"
16_00000000000000000078,121,10.877883715582389,2001,"{""type"":""MultiPoint"",""coordinates"":[]}"
16_00000000000000000079,122,4.5523505314783455,2001,"{""type"":""MultiPoint"",""coordinates"":[]}"
16_0000000000000000007a,123,15.282392777478515,2001,"{""type"":""MultiPoint"",""coordinates"":[]}"
16_0000000000000000007b,124,8.009304386337703,2001,"{""type"":""MultiPoint"",""coordinates"":[]}"
16_0000000000000000007d,126,18.748145101665735,2001,"{""type"":""MultiPoint"",""coordinates"":[]}"
16_0000000000000000007f,128,2.551874441067326,2001,"{""type"":""MultiPoint"",""coordinates"":[]}"
16_00000000000000000081,130,3.703097750606519,2001,"{""type"":""MultiPoint"",""coordinates"":[]}"
16_00000000000000000083,132,0.32103798671180905,2001,"{""type"":""MultiPoint"",""coordinates"":[]}"
16_00000000000000000085,134,8.184170231014237,2001,"{""type"":""MultiPoint"",""coordinates"":[]}"
16_00000000000000000087,136,0.07699774176025388,2001,"{""type"":""MultiPoint"",""coordinates"":[]}"
16_00000000000000000089,138,0.9765762282214593,2001,"{""type"":""MultiPoint"",""coordinates"":[]}"
16_0000000000000000008b,140,2.619930357975502,2001,"{""type"":""MultiPoint"",""coordinates"":[]}"
16_0000000000000000008c,141,11.588952704383278,2001,"{""type"":""MultiPoint"",""coordinates"":[]}"
16_0000000000000000008d,142,33.41652049698846,2001,"{""type"":""MultiPoint"",""coordinates"":[]}"
16_0000000000000000008e,143,14.812743724280285,2001,"{""type"":""MultiPoint"",""coordinates"":[]}"
16_0000000000000000008f,144,110.40123412207299,2001,"{""type"":""MultiPoint"",""coordinates"":[]}"
17_00000000000000000001,2,4.69763096179199,2002,"{""type"":""MultiPoint"",""coordinates"":[]}"
17_00000000000000000003,4,0.07286840107350073,2002,"{""type"":""MultiPoint"",""coordinates"":[]}"
17_00000000000000000005,6,0.6123656025900472,2002,"{""type"":""MultiPoint"",""coordinates"":[]}"
17_00000000000000000007,8,0.8670343630718128,2002,"{""type"":""MultiPoint"",""coordinates"":[]}"
17_00000000000000000009,10,0.28710250772800716,2002,"{""type"":""MultiPoint"",""coordinates"":[]}"
17_0000000000000000000b,12,0.8124851682873263,2002,"{""type"":""MultiPoint"",""coordinates"":[]}"
17_0000000000000000000d,14,0.7058862838565629,2002,"{""type"":""MultiPoint"",""coordinates"":[]}"
17_0000000000000000000f,16,0.6726534906654499,2002,"{""type"":""MultiPoint"",""coordinates"":[]}"
17_00000000000000000011,18,2.230219555786131,2002,"{""type"":""MultiPoint"",""coordinates"":[]}"
17_00000000000000000013,20,0.6688410901142193,2002,"{""type"":""MultiPoint"",""coordinates"":[]}"
17_00000000000000000015,22,0.08629500738525382,2002,"{""type"":""MultiPoint"",""coordinates"":[]}"
17_00000000000000000017,24,0.13947144650268553,2002,"{""type"":""MultiPoint"",""coordinates"":[]}"
17_00000000000000000019,26,1.0793919536743186,2002,"{""type"":""MultiPoint"",""coordinates"":[]}"
17_0000000000000000001a,27,0.0,2002,"{""type"":""MultiPoint"",""coordinates"":[]}"
17_0000000000000000001b,28,0.0,2002,"{""type"":""MultiPoint"",""coordinates"":[]}"
17_0000000000000000001c,29,2.9765531587524867,2002,"{""type"":""MultiPoint"",""coordinates"":[]}"
17_00000000000000000020,33,0.013570547485351563,2002,"{""type"":""MultiPoint"",""coordinates"":[]}"
17_00000000000000000022,35,0.0,2002,"{""type"":""MultiPoint"",""coordinates"":[]}"
17_00000000000000000024,37,0.01191409967041016,2002,"{""type"":""MultiPoint"",""coordinates"":[]}"
17_00000000000000000026,39,0.05431225775146484,2002,"{""type"":""MultiPoint"",""coordinates"":[]}"
17_00000000000000000028,41,0.0035160166320800787,2002,"{""type"":""MultiPoint"",""coordinates"":[]}"
17_0000000000000000002a,43,0.01613598953247071,2002,"{""type"":""MultiPoint"",""coordinates"":[]}"
17_0000000000000000002c,45,0.0,2002,"{""type"":""MultiPoint"",""coordinates"":[]}"
17_0000000000000000002f,48,0.09587639001464843,2002,"{""type"":""MultiPoint"",""coordinates"":[]}"
17_00000000000000000031,50,0.3185861571655271,2002,"{""type"":""MultiPoint"",""coordinates"":[]}"
17_00000000000000000033,52,0.0,2002,"{""type"":""MultiPoint"",""coordinates"":[]}"
17_00000000000000000035,54,0.03760646136474608,2002,"{""type"":""MultiPoint"",""coordinates"":[]}"
17_00000000000000000037,56,0.16325425280761727,2002,"{""type"":""MultiPoint"",""coordinates"":[]}"
17_00000000000000000039,58,0.03593626037597657,2002,"{""type"":""MultiPoint"",""coordinates"":[]}"
17_0000000000000000003b,60,0.0,2002,"{""type"":""MultiPoint"",""coordinates"":[]}"
17_0000000000000000003d,62,0.02887586767578125,2002,"{""type"":""MultiPoint"",""coordinates"":[]}"
17_0000000000000000003f,64,0.005764519348144532,2002,"{""type"":""MultiPoint"",""coordinates"":[]}"
17_00000000000000000041,66,0.002877564453125,2002,"{""type"":""MultiPoint"",""coordinates"":[]}"
17_00000000000000000043,68,0.03740375720214841,2002,"{""type"":""MultiPoint"",""coordinates"":[]}"
17_00000000000000000047,72,0.005761097167968751,2002,"{""type"":""MultiPoint"",""coordinates"":[]}"
17_00000000000000000049,74,0.02119407104492187,2002,"{""type"":""MultiPoint"",""coordinates"":[]}"
17_0000000000000000004b,76,0.03954006429012524,2002,"{""type"":""MultiPoint"",""coordinates"":[]}"
17_0000000000000000004d,78,0.5366525402832034,2002,"{""type"":""MultiPoint"",""coordinates"":[]}"
17_0000000000000000004e,79,0.0,2002,"{""type"":""MultiPoint"",""coordinates"":[]}"
17_00000000000000000050,81,1.1551895493774418,2002,"{""type"":""MultiPoint"",""coordinates"":[]}"
17_00000000000000000052,83,0.001604230553002451,2002,"{""type"":""MultiPoint"",""coordinates"":[]}"
17_00000000000000000054,85,0.013097590148925784,2002,"{""type"":""MultiPoint"",""coordinates"":[]}"
17_00000000000000000056,87,0.005334881652832031,2002,"{""type"":""MultiPoint"",""coordinates"":[]}"
17_00000000000000000058,89,0.20184575162497032,2002,"{""type"":""MultiPoint"",""coordinates"":[]}"
17_0000000000000000005a,91,0.27752746215676605,2002,"{""type"":""MultiPoint"",""coordinates"":[]}"
17_0000000000000000005c,93,0.11735790719305275,2002,"{""type"":""MultiPoint"",""coordinates"":[]}"
17_0000000000000000005e,95,0.7849900767211916,2002,"{""type"":""MultiPoint"",""coordinates"":[]}"
17_00000000000000000060,97,0.1707416802368165,2002,"{""type"":""MultiPoint"",""coordinates"":[]}"
17_00000000000000000062,99,0.10028440875244136,2002,"{""type"":""MultiPoint"",""coordinates"":[]}"
17_00000000000000000064,101,1.2954454547068806,2002,"{""type"":""MultiPoint"",""coordinates"":[]}"
17_00000000000000000066,103,13.352096149082392,2002,"{""type"":""MultiPoint"",""coordinates"":[]}"
17_00000000000000000068,105,0.1274908860473633,2002,"{""type"":""MultiPoint"",""coordinates"":[]}"
17_00000000000000000069,106,0.15039310888671872,2002,"{""type"":""MultiPoint"",""coordinates"":[]}"
17_0000000000000000006a,107,0.004380142150878907,2002,"{""type"":""MultiPoint"",""coordinates"":[]}"
17_0000000000000000006b,108,0.0,2002,"{""type"":""MultiPoint"",""coordinates"":[]}"
17_00000000000000000071,114,0.29702898273183714,2002,"{""type"":""MultiPoint"",""coordinates"":[]}"
17_00000000000000000073,116,0.24155810587948154,2002,"{""type"":""MultiPoint"",""coordinates"":[]}"
17_00000000000000000075,118,1.3102833746773448,2002,"{""type"":""MultiPoint"",""coordinates"":[]}"
17_00000000000000000077,120,0.08009133593797885,2002,"{""type"":""MultiPoint"",""coordinates"":[]}"
17_0000000000000000007c,125,0.042388818664550784,2002,"{""type"":""MultiPoint"",""coordinates"":[]}"
17_0000000000000000007e,127,0.10099488604736333,2002,"{""type"":""MultiPoint"",""coordinates"":[]}"
17_00000000000000000080,129,0.6041777744750976,2002,"{""type"":""MultiPoint"",""coordinates"":[]}"
17_00000000000000000082,131,0.18130858428596058,2002,"{""type"":""MultiPoint"",""coordinates"":[]}"
17_00000000000000000084,133,0.009746011127068015,2002,"{""type"":""MultiPoint"",""coordinates"":[]}"
17_00000000000000000086,135,0.22758821264648402,2002,"{""type"":""MultiPoint"",""coordinates"":[]}"
17_00000000000000000088,137,0.0,2002,"{""type"":""MultiPoint"",""coordinates"":[]}"
17_0000000000000000008a,139,0.0,2002,"{""type"":""MultiPoint"",""coordinates"":[]}"
17_00000000000000000000,1,17.07921141891753,2002,"{""type"":""MultiPoint"",""coordinates"":[]}"
17_00000000000000000002,3,11.351920271131105,2002,"{""type"":""MultiPoint"",""coordinates"":[]}"
17_00000000000000000004,5,6.256902119468274,2002,"{""type"":""MultiPoint"",""coordinates"":[]}"
17_00000000000000000006,7,16.896138581440592,2002,"{""type"":""MultiPoint"",""coordinates"":[]}"
17_00000000000000000008,9,0.6022017032497046,2002,"{""type"":""MultiPoint"",""coordinates"":[]}"
17_0000000000000000000a,11,9.844040159359192,2002,"{""type"":""MultiPoint"",""coordinates"":[]}"
17_0000000000000000000c,13,0.6894088096387687,2002,"{""type"":""MultiPoint"",""coordinates"":[]}"
17_0000000000000000000e,15,4.152618072987495,2002,"{""type"":""MultiPoint"",""coordinates"":[]}"
17_00000000000000000010,17,6.887367777414359,2002,"{""type"":""MultiPoint"",""coordinates"":[]}"
17_00000000000000000012,19,1.722018922091137,2002,"{""type"":""MultiPoint"",""coordinates"":[]}"
17_00000000000000000014,21,9.71921999301206,2002,"{""type"":""MultiPoint"",""coordinates"":[]}"
17_00000000000000000016,23,3.8963030292699488,2002,"{""type"":""MultiPoint"",""coordinates"":[]}"
17_00000000000000000018,25,3.9629962337346063,2002,"{""type"":""MultiPoint"",""coordinates"":[]}"
17_0000000000000000001d,30,0.9847286735839936,2002,"{""type"":""MultiPoint"",""coordinates"":[]}"
17_0000000000000000001e,31,0.0,2002,"{""type"":""MultiPoint"",""coordinates"":[]}"
17_0000000000000000001f,32,1.4347364753493372,2002,"{""type"":""MultiPoint"",""coordinates"":[]}"
17_00000000000000000021,34,3.0533988214714536,2002,"{""type"":""MultiPoint"",""coordinates"":[]}"
17_00000000000000000023,36,0.22018811564199392,2002,"{""type"":""MultiPoint"",""coordinates"":[]}"
17_00000000000000000025,38,0.8744006745582739,2002,"{""type"":""MultiPoint"",""coordinates"":[]}"
17_00000000000000000027,40,1.8483187932414906,2002,"{""type"":""MultiPoint"",""coordinates"":[]}"
17_00000000000000000029,42,0.6991791186901611,2002,"{""type"":""MultiPoint"",""coordinates"":[]}"
17_0000000000000000002b,44,7.045804555734188,2002,"{""type"":""MultiPoint"",""coordinates"":[]}"
17_0000000000000000002d,46,2.4189872859602333,2002,"{""type"":""MultiPoint"",""coordinates"":[]}"
17_0000000000000000002e,47,14.916032631817291,2002,"{""type"":""MultiPoint"",""coordinates"":[]}"
17_00000000000000000030,49,1.3998393274349406,2002,"{""type"":""MultiPoint"",""coordinates"":[]}"
17_00000000000000000032,51,6.75761621962962,2002,"{""type"":""MultiPoint"",""coordinates"":[]}"
17_00000000000000000034,53,0.6894922534261078,2002,"{""type"":""MultiPoint"",""coordinates"":[]}"
17_00000000000000000036,55,9.139972366822485,2002,"{""type"":""MultiPoint"",""coordinates"":[]}"
17_00000000000000000038,57,0.861785224970798,2002,"{""type"":""MultiPoint"",""coordinates"":[]}"
17_0000000000000000003a,59,9.891163892544704,2002,"{""type"":""MultiPoint"",""coordinates"":[]}"
17_0000000000000000003c,61,10.37801287720928,2002,"{""type"":""MultiPoint"",""coordinates"":[]}"
17_0000000000000000003e,63,1.1273076169433596,2002,"{""type"":""MultiPoint"",""coordinates"":[]}"
17_00000000000000000040,65,4.034594491641992,2002,"{""type"":""MultiPoint"",""coordinates"":[]}"
17_00000000000000000042,67,0.726842135079178,2002,"{""type"":""MultiPoint"",""coordinates"":[]}"
17_00000000000000000044,69,0.04565431673990885,2002,"{""type"":""MultiPoint"",""coordinates"":[]}"
17_00000000000000000045,70,0.0,2002,"{""type"":""MultiPoint"",""coordinates"":[]}"
17_00000000000000000046,71,0.27013688806152353,2002,"{""type"":""MultiPoint"",""coordinates"":[]}"
17_00000000000000000048,73,3.074577749708233,2002,"{""type"":""MultiPoint"",""coordinates"":[]}"
17_0000000000000000004a,75,5.444534021338329,2002,"{""type"":""MultiPoint"",""coordinates"":[]}"
17_0000000000000000004c,77,5.316882025914545,2002,"{""type"":""MultiPoint"",""coordinates"":[]}"
17_0000000000000000004f,80,7.675028474514309,2002,"{""type"":""MultiPoint"",""coordinates"":[]}"
17_00000000000000000051,82,4.9820558427028185,2002,"{""type"":""MultiPoint"",""coordinates"":[]}"
17_00000000000000000053,84,20.792358431615064,2002,"{""type"":""MultiPoint"",""coordinates"":[]}"
17_00000000000000000055,86,0.009500833557128907,2002,"{""type"":""MultiPoint"",""coordinates"":[]}"
17_00000000000000000057,88,10.924980392868482,2002,"{""type"":""MultiPoint"",""coordinates"":[]}"
17_00000000000000000059,90,1.338529398129212,2002,"{""type"":""MultiPoint"",""coordinates"":[]}"
17_0000000000000000005b,92,6.842131864265195,2002,"{""type"":""MultiPoint"",""coordinates"":[]}"
17_0000000000000000005d,94,61.78926726171661,2002,"{""type"":""MultiPoint"",""coordinates"":[]}"
17_0000000000000000005f,96,134.23524903195872,2002,"{""type"":""MultiPoint"",""coordinates"":[]}"
17_00000000000000000061,98,87.01969580624758,2002,"{""type"":""MultiPoint"",""coordinates"":[]}"
17_00000000000000000063,100,22.181745776317367,2002,"{""type"":""MultiPoint"",""coordinates"":[]}"
17_00000000000000000065,102,57.915818646308026,2002,"{""type"":""MultiPoint"",""coordinates"":[]}"
17_00000000000000000067,104,16.971379401932367,2002,"{""type"":""MultiPoint"",""coordinates"":[]}"
17_0000000000000000006c,109,1.2310057175292999,2002,"{""type"":""MultiPoint"",""coordinates"":[]}"
17_0000000000000000006d,110,13.575407480403122,2002,"{""type"":""MultiPoint"",""coordinates"":[]}"
17_0000000000000000006e,111,0.0,2002,"{""type"":""MultiPoint"",""coordinates"":[]}"
17_0000000000000000006f,112,0.0,2002,"{""type"":""MultiPoint"",""coordinates"":[]}"
17_00000000000000000070,113,1.0370258936863324,2002,"{""type"":""MultiPoint"",""coordinates"":[]}"
17_00000000000000000072,115,21.43057622906995,2002,"{""type"":""MultiPoint"",""coordinates"":[]}"
17_00000000000000000074,117,1.2608270868776768,2002,"{""type"":""MultiPoint"",""coordinates"":[]}"
17_00000000000000000076,119,0.16515110045142084,2002,"{""type"":""MultiPoint"",""coordinates"":[]}"
17_00000000000000000078,121,10.850159895758173,2002,"{""type"":""MultiPoint"",""coordinates"":[]}"
17_00000000000000000079,122,4.523866003829421,2002,"{""type"":""MultiPoint"",""coordinates"":[]}"
17_0000000000000000007a,123,15.20905567945605,2002,"{""type"":""MultiPoint"",""coordinates"":[]}"
17_0000000000000000007b,124,7.9845931195530335,2002,"{""type"":""MultiPoint"",""coordinates"":[]}"
17_0000000000000000007d,126,18.74546672734574,2002,"{""type"":""MultiPoint"",""coordinates"":[]}"
17_0000000000000000007f,128,2.5225270927396886,2002,"{""type"":""MultiPoint"",""coordinates"":[]}"
17_00000000000000000081,130,3.706600545284253,2002,"{""type"":""MultiPoint"",""coordinates"":[]}"
17_00000000000000000083,132,0.31688440120155514,2002,"{""type"":""MultiPoint"",""coordinates"":[]}"
17_00000000000000000085,134,8.144129981685625,2002,"{""type"":""MultiPoint"",""coordinates"":[]}"
17_00000000000000000087,136,0.07699774176025388,2002,"{""type"":""MultiPoint"",""coordinates"":[]}"
17_00000000000000000089,138,0.982006181346459,2002,"{""type"":""MultiPoint"",""coordinates"":[]}"
17_0000000000000000008b,140,2.6065909938397596,2002,"{""type"":""MultiPoint"",""coordinates"":[]}"
17_0000000000000000008c,141,11.538380831214333,2002,"{""type"":""MultiPoint"",""coordinates"":[]}"
17_0000000000000000008d,142,33.31595672038358,2002,"{""type"":""MultiPoint"",""coordinates"":[]}"
17_0000000000000000008e,143,14.801026029310052,2002,"{""type"":""MultiPoint"",""coordinates"":[]}"
17_0000000000000000008f,144,110.343695847264,2002,"{""type"":""MultiPoint"",""coordinates"":[]}"
18_00000000000000000001,2,4.707678567321775,2003,"{""type"":""MultiPoint"",""coordinates"":[]}"
18_00000000000000000003,4,0.07684149580006323,2003,"{""type"":""MultiPoint"",""coordinates"":[]}"
18_00000000000000000005,6,0.608961588108918,2003,"{""type"":""MultiPoint"",""coordinates"":[]}"
18_00000000000000000007,8,0.8670343630718128,2003,"{""type"":""MultiPoint"",""coordinates"":[]}"
18_00000000000000000009,10,0.27456916770115186,2003,"{""type"":""MultiPoint"",""coordinates"":[]}"
18_0000000000000000000b,12,0.8022239447765845,2003,"{""type"":""MultiPoint"",""coordinates"":[]}"
18_0000000000000000000d,14,0.7144679815494337,2003,"{""type"":""MultiPoint"",""coordinates"":[]}"
18_0000000000000000000f,16,0.6705337642250201,2003,"{""type"":""MultiPoint"",""coordinates"":[]}"
18_00000000000000000011,18,2.2190978132934545,2003,"{""type"":""MultiPoint"",""coordinates"":[]}"
18_00000000000000000013,20,0.6345805127216422,2003,"{""type"":""MultiPoint"",""coordinates"":[]}"
18_00000000000000000015,22,0.08371073480224599,2003,"{""type"":""MultiPoint"",""coordinates"":[]}"
18_00000000000000000017,24,0.12886119635009768,2003,"{""type"":""MultiPoint"",""coordinates"":[]}"
18_00000000000000000019,26,1.064027097869875,2003,"{""type"":""MultiPoint"",""coordinates"":[]}"
18_0000000000000000001a,27,0.0,2003,"{""type"":""MultiPoint"",""coordinates"":[]}"
18_0000000000000000001b,28,0.0,2003,"{""type"":""MultiPoint"",""coordinates"":[]}"
18_0000000000000000001c,29,2.971830563324023,2003,"{""type"":""MultiPoint"",""coordinates"":[]}"
18_00000000000000000020,33,0.013570547485351563,2003,"{""type"":""MultiPoint"",""coordinates"":[]}"
18_00000000000000000022,35,0.0,2003,"{""type"":""MultiPoint"",""coordinates"":[]}"
18_00000000000000000024,37,0.01191409967041016,2003,"{""type"":""MultiPoint"",""coordinates"":[]}"
18_00000000000000000026,39,0.05431225775146484,2003,"{""type"":""MultiPoint"",""coordinates"":[]}"
18_00000000000000000028,41,0.0035160166320800787,2003,"{""type"":""MultiPoint"",""coordinates"":[]}"
18_0000000000000000002a,43,0.01613598953247071,2003,"{""type"":""MultiPoint"",""coordinates"":[]}"
18_0000000000000000002c,45,0.0,2003,"{""type"":""MultiPoint"",""coordinates"":[]}"
18_0000000000000000002f,48,0.09694829827880858,2003,"{""type"":""MultiPoint"",""coordinates"":[]}"
18_00000000000000000031,50,0.31750801562499975,2003,"{""type"":""MultiPoint"",""coordinates"":[]}"
18_00000000000000000033,52,0.0,2003,"{""type"":""MultiPoint"",""coordinates"":[]}"
18_00000000000000000035,54,0.03760646136474608,2003,"{""type"":""MultiPoint"",""coordinates"":[]}"
18_00000000000000000037,56,0.16885893249511727,2003,"{""type"":""MultiPoint"",""coordinates"":[]}"
18_00000000000000000039,58,0.03593626037597657,2003,"{""type"":""MultiPoint"",""coordinates"":[]}"
18_0000000000000000003b,60,0.0,2003,"{""type"":""MultiPoint"",""coordinates"":[]}"
18_0000000000000000003d,62,0.02887586767578125,2003,"{""type"":""MultiPoint"",""coordinates"":[]}"
18_0000000000000000003f,64,0.005764519348144532,2003,"{""type"":""MultiPoint"",""coordinates"":[]}"
18_00000000000000000041,66,0.002877564453125,2003,"{""type"":""MultiPoint"",""coordinates"":[]}"
18_00000000000000000043,68,0.03740375720214841,2003,"{""type"":""MultiPoint"",""coordinates"":[]}"
18_00000000000000000047,72,0.005761097167968751,2003,"{""type"":""MultiPoint"",""coordinates"":[]}"
18_00000000000000000049,74,0.02119407104492187,2003,"{""type"":""MultiPoint"",""coordinates"":[]}"
18_0000000000000000004b,76,0.03954006429012524,2003,"{""type"":""MultiPoint"",""coordinates"":[]}"
18_0000000000000000004d,78,0.5366525402832034,2003,"{""type"":""MultiPoint"",""coordinates"":[]}"
18_0000000000000000004e,79,0.0,2003,"{""type"":""MultiPoint"",""coordinates"":[]}"
18_00000000000000000050,81,1.1496237680664065,2003,"{""type"":""MultiPoint"",""coordinates"":[]}"
18_00000000000000000052,83,0.001604230553002451,2003,"{""type"":""MultiPoint"",""coordinates"":[]}"
18_00000000000000000054,85,0.013097590148925784,2003,"{""type"":""MultiPoint"",""coordinates"":[]}"
18_00000000000000000056,87,0.005334881652832031,2003,"{""type"":""MultiPoint"",""coordinates"":[]}"
18_00000000000000000058,89,0.20184575162497032,2003,"{""type"":""MultiPoint"",""coordinates"":[]}"
18_0000000000000000005a,91,0.27752746215676605,2003,"{""type"":""MultiPoint"",""coordinates"":[]}"
18_0000000000000000005c,93,0.11916595486150977,2003,"{""type"":""MultiPoint"",""coordinates"":[]}"
18_0000000000000000005e,95,0.7763894421997064,2003,"{""type"":""MultiPoint"",""coordinates"":[]}"
18_00000000000000000060,97,0.1707416802368165,2003,"{""type"":""MultiPoint"",""coordinates"":[]}"
18_00000000000000000062,99,0.0868721813354492,2003,"{""type"":""MultiPoint"",""coordinates"":[]}"
18_00000000000000000064,101,1.2764344330394004,2003,"{""type"":""MultiPoint"",""coordinates"":[]}"
18_00000000000000000066,103,13.21030070187777,2003,"{""type"":""MultiPoint"",""coordinates"":[]}"
18_00000000000000000068,105,0.1274908860473633,2003,"{""type"":""MultiPoint"",""coordinates"":[]}"
18_00000000000000000069,106,0.15039310888671872,2003,"{""type"":""MultiPoint"",""coordinates"":[]}"
18_0000000000000000006a,107,0.011268039916992188,2003,"{""type"":""MultiPoint"",""coordinates"":[]}"
18_0000000000000000006b,108,0.0,2003,"{""type"":""MultiPoint"",""coordinates"":[]}"
18_00000000000000000071,114,0.2946765045824231,2003,"{""type"":""MultiPoint"",""coordinates"":[]}"
18_00000000000000000073,116,0.24155810587948154,2003,"{""type"":""MultiPoint"",""coordinates"":[]}"
18_00000000000000000075,118,1.3091340058418954,2003,"{""type"":""MultiPoint"",""coordinates"":[]}"
18_00000000000000000077,120,0.08298480572557647,2003,"{""type"":""MultiPoint"",""coordinates"":[]}"
18_0000000000000000007c,125,0.042388818664550784,2003,"{""type"":""MultiPoint"",""coordinates"":[]}"
18_0000000000000000007e,127,0.09981369891357426,2003,"{""type"":""MultiPoint"",""coordinates"":[]}"
18_00000000000000000080,129,0.6041777744750976,2003,"{""type"":""MultiPoint"",""coordinates"":[]}"
18_00000000000000000082,131,0.17468118749281947,2003,"{""type"":""MultiPoint"",""coordinates"":[]}"
18_00000000000000000084,133,0.009746011127068015,2003,"{""type"":""MultiPoint"",""coordinates"":[]}"
18_00000000000000000086,135,0.22758821264648402,2003,"{""type"":""MultiPoint"",""coordinates"":[]}"
18_00000000000000000088,137,0.0,2003,"{""type"":""MultiPoint"",""coordinates"":[]}"
18_0000000000000000008a,139,0.0,2003,"{""type"":""MultiPoint"",""coordinates"":[]}"
18_00000000000000000000,1,17.096911970064994,2003,"{""type"":""MultiPoint"",""coordinates"":[]}"
18_00000000000000000002,3,11.342643925974421,2003,"{""type"":""MultiPoint"",""coordinates"":[]}"
18_00000000000000000004,5,6.25584187552655,2003,"{""type"":""MultiPoint"",""coordinates"":[]}"
18_00000000000000000006,7,16.821551515888846,2003,"{""type"":""MultiPoint"",""coordinates"":[]}"
18_00000000000000000008,9,0.6054809136989233,2003,"{""type"":""MultiPoint"",""coordinates"":[]}"
18_0000000000000000000a,11,9.766306319881652,2003,"{""type"":""MultiPoint"",""coordinates"":[]}"
18_0000000000000000000c,13,0.6894088096387687,2003,"{""type"":""MultiPoint"",""coordinates"":[]}"
18_0000000000000000000e,15,4.14675751720136,2003,"{""type"":""MultiPoint"",""coordinates"":[]}"
18_00000000000000000010,17,6.860735750619925,2003,"{""type"":""MultiPoint"",""coordinates"":[]}"
18_00000000000000000012,19,1.7177989348474845,2003,"{""type"":""MultiPoint"",""coordinates"":[]}"
18_00000000000000000014,21,9.678592435498995,2003,"{""type"":""MultiPoint"",""coordinates"":[]}"
18_00000000000000000016,23,3.8707653600804948,2003,"{""type"":""MultiPoint"",""coordinates"":[]}"
18_00000000000000000018,25,3.9532321207890497,2003,"{""type"":""MultiPoint"",""coordinates"":[]}"
18_0000000000000000001d,30,0.98937227581788,2003,"{""type"":""MultiPoint"",""coordinates"":[]}"
18_0000000000000000001e,31,0.0,2003,"{""type"":""MultiPoint"",""coordinates"":[]}"
18_0000000000000000001f,32,1.440375003608615,2003,"{""type"":""MultiPoint"",""coordinates"":[]}"
18_00000000000000000021,34,3.0664631872225927,2003,"{""type"":""MultiPoint"",""coordinates"":[]}"
18_00000000000000000023,36,0.22217399222890793,2003,"{""type"":""MultiPoint"",""coordinates"":[]}"
18_00000000000000000025,38,0.8793826617103734,2003,"{""type"":""MultiPoint"",""coordinates"":[]}"
18_00000000000000000027,40,1.8567849401225942,2003,"{""type"":""MultiPoint"",""coordinates"":[]}"
18_00000000000000000029,42,0.6966652634960692,2003,"{""type"":""MultiPoint"",""coordinates"":[]}"
18_0000000000000000002b,44,7.079945870400936,2003,"{""type"":""MultiPoint"",""coordinates"":[]}"
18_0000000000000000002d,46,2.432914148631132,2003,"{""type"":""MultiPoint"",""coordinates"":[]}"
18_0000000000000000002e,47,14.907061575940203,2003,"{""type"":""MultiPoint"",""coordinates"":[]}"
18_00000000000000000030,49,1.4046867912410934,2003,"{""type"":""MultiPoint"",""coordinates"":[]}"
18_00000000000000000032,51,6.7748403722175095,2003,"{""type"":""MultiPoint"",""coordinates"":[]}"
18_00000000000000000034,53,0.6894922534261078,2003,"{""type"":""MultiPoint"",""coordinates"":[]}"
18_00000000000000000036,55,9.10926809735227,2003,"{""type"":""MultiPoint"",""coordinates"":[]}"
18_00000000000000000038,57,0.8640425466260714,2003,"{""type"":""MultiPoint"",""coordinates"":[]}"
18_0000000000000000003a,59,9.883446098282723,2003,"{""type"":""MultiPoint"",""coordinates"":[]}"
18_0000000000000000003c,61,10.366488423657032,2003,"{""type"":""MultiPoint"",""coordinates"":[]}"
18_0000000000000000003e,63,1.1273076169433596,2003,"{""type"":""MultiPoint"",""coordinates"":[]}"
18_00000000000000000040,65,4.042079030643457,2003,"{""type"":""MultiPoint"",""coordinates"":[]}"
18_00000000000000000042,67,0.7291462025840608,2003,"{""type"":""MultiPoint"",""coordinates"":[]}"
18_00000000000000000044,69,0.04680557668863932,2003,"{""type"":""MultiPoint"",""coordinates"":[]}"
18_00000000000000000045,70,0.0,2003,"{""type"":""MultiPoint"",""coordinates"":[]}"
18_00000000000000000046,71,0.27013688806152353,2003,"{""type"":""MultiPoint"",""coordinates"":[]}"
18_00000000000000000048,73,3.069977788587628,2003,"{""type"":""MultiPoint"",""coordinates"":[]}"
18_0000000000000000004a,75,5.453964469336375,2003,"{""type"":""MultiPoint"",""coordinates"":[]}"
18_0000000000000000004c,77,5.307944746434564,2003,"{""type"":""MultiPoint"",""coordinates"":[]}"
18_0000000000000000004f,80,7.715458651211086,2003,"{""type"":""MultiPoint"",""coordinates"":[]}"
18_00000000000000000051,82,4.999241120717952,2003,"{""type"":""MultiPoint"",""coordinates"":[]}"
18_00000000000000000053,84,20.81888504909961,2003,"{""type"":""MultiPoint"",""coordinates"":[]}"
18_00000000000000000055,86,0.009500833557128907,2003,"{""type"":""MultiPoint"",""coordinates"":[]}"
18_00000000000000000057,88,10.916234243083665,2003,"{""type"":""MultiPoint"",""coordinates"":[]}"
18_00000000000000000059,90,1.3379289083220833,2003,"{""type"":""MultiPoint"",""coordinates"":[]}"
18_0000000000000000005b,92,6.837922161811582,2003,"{""type"":""MultiPoint"",""coordinates"":[]}"
18_0000000000000000005d,94,61.85681216349347,2003,"{""type"":""MultiPoint"",""coordinates"":[]}"
18_0000000000000000005f,96,134.03851722215813,2003,"{""type"":""MultiPoint"",""coordinates"":[]}"
18_00000000000000000061,98,86.96191741537845,2003,"{""type"":""MultiPoint"",""coordinates"":[]}"
18_00000000000000000063,100,22.236708274112924,2003,"{""type"":""MultiPoint"",""coordinates"":[]}"
18_00000000000000000065,102,58.03319339802374,2003,"{""type"":""MultiPoint"",""coordinates"":[]}"
18_00000000000000000067,104,16.952518974259014,2003,"{""type"":""MultiPoint"",""coordinates"":[]}"
18_0000000000000000006c,109,1.2310057175292999,2003,"{""type"":""MultiPoint"",""coordinates"":[]}"
18_0000000000000000006d,110,13.574244925898725,2003,"{""type"":""MultiPoint"",""coordinates"":[]}"
18_0000000000000000006e,111,0.0,2003,"{""type"":""MultiPoint"",""coordinates"":[]}"
18_0000000000000000006f,112,0.0,2003,"{""type"":""MultiPoint"",""coordinates"":[]}"
18_00000000000000000070,113,1.040584689218559,2003,"{""type"":""MultiPoint"",""coordinates"":[]}"
18_00000000000000000072,115,21.385600789686478,2003,"{""type"":""MultiPoint"",""coordinates"":[]}"
18_00000000000000000074,117,1.2843424176271896,2003,"{""type"":""MultiPoint"",""coordinates"":[]}"
18_00000000000000000076,119,0.1616811486691942,2003,"{""type"":""MultiPoint"",""coordinates"":[]}"
18_00000000000000000078,121,10.87475541798574,2003,"{""type"":""MultiPoint"",""coordinates"":[]}"
18_00000000000000000079,122,4.473308479598464,2003,"{""type"":""MultiPoint"",""coordinates"":[]}"
18_0000000000000000007a,123,15.106172854138189,2003,"{""type"":""MultiPoint"",""coordinates"":[]}"
18_0000000000000000007b,124,7.991692966782037,2003,"{""type"":""MultiPoint"",""coordinates"":[]}"
18_0000000000000000007d,126,18.731740933986366,2003,"{""type"":""MultiPoint"",""coordinates"":[]}"
18_0000000000000000007f,128,2.5031475820585363,2003,"{""type"":""MultiPoint"",""coordinates"":[]}"
18_00000000000000000081,130,3.6895533796348388,2003,"{""type"":""MultiPoint"",""coordinates"":[]}"
18_00000000000000000083,132,0.3133856410733095,2003,"{""type"":""MultiPoint"",""coordinates"":[]}"
18_00000000000000000085,134,8.067900412576353,2003,"{""type"":""MultiPoint"",""coordinates"":[]}"
18_00000000000000000087,136,0.07699774176025388,2003,"{""type"":""MultiPoint"",""coordinates"":[]}"
18_00000000000000000089,138,0.9723291354480216,2003,"{""type"":""MultiPoint"",""coordinates"":[]}"
18_0000000000000000008b,140,2.6071960257611466,2003,"{""type"":""MultiPoint"",""coordinates"":[]}"
18_0000000000000000008c,141,11.475360726233859,2003,"{""type"":""MultiPoint"",""coordinates"":[]}"
18_0000000000000000008d,142,33.19519743683891,2003,"{""type"":""MultiPoint"",""coordinates"":[]}"
18_0000000000000000008e,143,14.777418292862698,2003,"{""type"":""MultiPoint"",""coordinates"":[]}"
18_0000000000000000008f,144,110.265456617902,2003,"{""type"":""MultiPoint"",""coordinates"":[]}"
19_00000000000000000001,2,4.664322893066406,2004,"{""type"":""MultiPoint"",""coordinates"":[]}"
19_00000000000000000003,4,0.06889784418873506,2004,"{""type"":""MultiPoint"",""coordinates"":[]}"
19_00000000000000000005,6,0.6044336631211247,2004,"{""type"":""MultiPoint"",""coordinates"":[]}"
19_00000000000000000007,8,0.8549262129863637,2004,"{""type"":""MultiPoint"",""coordinates"":[]}"
19_00000000000000000009,10,0.27238959116306594,2004,"{""type"":""MultiPoint"",""coordinates"":[]}"
19_0000000000000000000b,12,0.8070921983166233,2004,"{""type"":""MultiPoint"",""coordinates"":[]}"
19_0000000000000000000d,14,0.7179132257609067,2004,"{""type"":""MultiPoint"",""coordinates"":[]}"
19_0000000000000000000f,16,0.672653650455489,2004,"{""type"":""MultiPoint"",""coordinates"":[]}"
19_00000000000000000011,18,2.2196341304931626,2004,"{""type"":""MultiPoint"",""coordinates"":[]}"
19_00000000000000000013,20,0.6356349153095326,2004,"{""type"":""MultiPoint"",""coordinates"":[]}"
19_00000000000000000015,22,0.08164297479248034,2004,"{""type"":""MultiPoint"",""coordinates"":[]}"
19_00000000000000000017,24,0.12380781304931653,2004,"{""type"":""MultiPoint"",""coordinates"":[]}"
19_00000000000000000019,26,1.0610636784667988,2004,"{""type"":""MultiPoint"",""coordinates"":[]}"
19_0000000000000000001a,27,0.0,2004,"{""type"":""MultiPoint"",""coordinates"":[]}"
19_0000000000000000001b,28,0.0,2004,"{""type"":""MultiPoint"",""coordinates"":[]}"
19_0000000000000000001c,29,2.965236053863573,2004,"{""type"":""MultiPoint"",""coordinates"":[]}"
19_00000000000000000020,33,0.013570547485351563,2004,"{""type"":""MultiPoint"",""coordinates"":[]}"
19_00000000000000000022,35,0.0,2004,"{""type"":""MultiPoint"",""coordinates"":[]}"
19_00000000000000000024,37,0.01191409967041016,2004,"{""type"":""MultiPoint"",""coordinates"":[]}"
19_00000000000000000026,39,0.05431225775146484,2004,"{""type"":""MultiPoint"",""coordinates"":[]}"
19_00000000000000000028,41,0.0035160166320800787,2004,"{""type"":""MultiPoint"",""coordinates"":[]}"
19_0000000000000000002a,43,0.01260437197875977,2004,"{""type"":""MultiPoint"",""coordinates"":[]}"
19_0000000000000000002c,45,0.0,2004,"{""type"":""MultiPoint"",""coordinates"":[]}"
19_0000000000000000002f,48,0.09802033831787108,2004,"{""type"":""MultiPoint"",""coordinates"":[]}"
19_00000000000000000031,50,0.31589030346679664,2004,"{""type"":""MultiPoint"",""coordinates"":[]}"
19_00000000000000000033,52,0.0,2004,"{""type"":""MultiPoint"",""coordinates"":[]}"
19_00000000000000000035,54,0.03115987884521483,2004,"{""type"":""MultiPoint"",""coordinates"":[]}"
19_00000000000000000037,56,0.16773693420410166,2004,"{""type"":""MultiPoint"",""coordinates"":[]}"
19_00000000000000000039,58,0.03593626037597657,2004,"{""type"":""MultiPoint"",""coordinates"":[]}"
19_0000000000000000003b,60,0.0,2004,"{""type"":""MultiPoint"",""coordinates"":[]}"
19_0000000000000000003d,62,0.02887586767578125,2004,"{""type"":""MultiPoint"",""coordinates"":[]}"
19_0000000000000000003f,64,0.005764519348144532,2004,"{""type"":""MultiPoint"",""coordinates"":[]}"
19_00000000000000000041,66,0.002877564453125,2004,"{""type"":""MultiPoint"",""coordinates"":[]}"
19_00000000000000000043,68,0.03395091601562499,2004,"{""type"":""MultiPoint"",""coordinates"":[]}"
19_00000000000000000047,72,0.005761097167968751,2004,"{""type"":""MultiPoint"",""coordinates"":[]}"
19_00000000000000000049,74,0.02237154077148437,2004,"{""type"":""MultiPoint"",""coordinates"":[]}"
19_0000000000000000004b,76,0.03954006429012524,2004,"{""type"":""MultiPoint"",""coordinates"":[]}"
19_0000000000000000004d,78,0.5420507119140628,2004,"{""type"":""MultiPoint"",""coordinates"":[]}"
19_0000000000000000004e,79,0.0,2004,"{""type"":""MultiPoint"",""coordinates"":[]}"
19_00000000000000000050,81,1.1527178939208989,2004,"{""type"":""MultiPoint"",""coordinates"":[]}"
19_00000000000000000052,83,0.001604230553002451,2004,"{""type"":""MultiPoint"",""coordinates"":[]}"
19_00000000000000000054,85,0.013097590148925784,2004,"{""type"":""MultiPoint"",""coordinates"":[]}"
19_00000000000000000056,87,0.005334881652832031,2004,"{""type"":""MultiPoint"",""coordinates"":[]}"
19_00000000000000000058,89,0.20184575162497032,2004,"{""type"":""MultiPoint"",""coordinates"":[]}"
19_0000000000000000005a,91,0.27752746215676605,2004,"{""type"":""MultiPoint"",""coordinates"":[]}"
19_0000000000000000005c,93,0.11615175198065039,2004,"{""type"":""MultiPoint"",""coordinates"":[]}"
19_0000000000000000005e,95,0.775160295654296,2004,"{""type"":""MultiPoint"",""coordinates"":[]}"
19_00000000000000000060,97,0.16880145019531254,2004,"{""type"":""MultiPoint"",""coordinates"":[]}"
19_00000000000000000062,99,0.08750994824218748,2004,"{""type"":""MultiPoint"",""coordinates"":[]}"
19_00000000000000000064,101,1.2732655376536581,2004,"{""type"":""MultiPoint"",""coordinates"":[]}"
19_00000000000000000066,103,13.113489594761122,2004,"{""type"":""MultiPoint"",""coordinates"":[]}"
19_00000000000000000068,105,0.12623055841064454,2004,"{""type"":""MultiPoint"",""coordinates"":[]}"
19_00000000000000000069,106,0.15039310888671872,2004,"{""type"":""MultiPoint"",""coordinates"":[]}"
19_0000000000000000006a,107,0.011268039916992188,2004,"{""type"":""MultiPoint"",""coordinates"":[]}"
19_0000000000000000006b,108,0.0,2004,"{""type"":""MultiPoint"",""coordinates"":[]}"
19_00000000000000000071,114,0.29702880511953245,2004,"{""type"":""MultiPoint"",""coordinates"":[]}"
19_00000000000000000073,116,0.2449924761797745,2004,"{""type"":""MultiPoint"",""coordinates"":[]}"
19_00000000000000000075,118,1.3085592875191414,2004,"{""type"":""MultiPoint"",""coordinates"":[]}"
19_00000000000000000077,120,0.07661925689745151,2004,"{""type"":""MultiPoint"",""coordinates"":[]}"
19_0000000000000000007c,125,0.042388818664550784,2004,"{""type"":""MultiPoint"",""coordinates"":[]}"
19_0000000000000000007e,127,0.09981369891357426,2004,"{""type"":""MultiPoint"",""coordinates"":[]}"
19_00000000000000000080,129,0.6029986602172851,2004,"{""type"":""MultiPoint"",""coordinates"":[]}"
19_00000000000000000082,131,0.17229982347914757,2004,"{""type"":""MultiPoint"",""coordinates"":[]}"
19_00000000000000000084,133,0.009746011127068015,2004,"{""type"":""MultiPoint"",""coordinates"":[]}"
19_00000000000000000086,135,0.22758821264648402,2004,"{""type"":""MultiPoint"",""coordinates"":[]}"
19_00000000000000000088,137,0.0,2004,"{""type"":""MultiPoint"",""coordinates"":[]}"
19_0000000000000000008a,139,0.0,2004,"{""type"":""MultiPoint"",""coordinates"":[]}"
19_00000000000000000000,1,17.093960495394583,2004,"{""type"":""MultiPoint"",""coordinates"":[]}"
19_00000000000000000002,3,11.332165013010554,2004,"{""type"":""MultiPoint"",""coordinates"":[]}"
19_00000000000000000004,5,6.233556623307982,2004,"{""type"":""MultiPoint"",""coordinates"":[]}"
19_00000000000000000006,7,16.740566726292343,2004,"{""type"":""MultiPoint"",""coordinates"":[]}"
19_00000000000000000008,9,0.6049357937648413,2004,"{""type"":""MultiPoint"",""coordinates"":[]}"
19_0000000000000000000a,11,9.708869565120908,2004,"{""type"":""MultiPoint"",""coordinates"":[]}"
19_0000000000000000000c,13,0.6850927795484367,2004,"{""type"":""MultiPoint"",""coordinates"":[]}"
19_0000000000000000000e,15,4.1294901791266705,2004,"{""type"":""MultiPoint"",""coordinates"":[]}"
19_00000000000000000010,17,6.829220949472464,2004,"{""type"":""MultiPoint"",""coordinates"":[]}"
19_00000000000000000012,19,1.7040787113977776,2004,"{""type"":""MultiPoint"",""coordinates"":[]}"
19_00000000000000000014,21,9.679144109388155,2004,"{""type"":""MultiPoint"",""coordinates"":[]}"
19_00000000000000000016,23,3.870310151828542,2004,"{""type"":""MultiPoint"",""coordinates"":[]}"
19_00000000000000000018,25,3.94397542761278,2004,"{""type"":""MultiPoint"",""coordinates"":[]}"
19_0000000000000000001d,30,0.9800868648681739,2004,"{""type"":""MultiPoint"",""coordinates"":[]}"
19_0000000000000000001e,31,0.0,2004,"{""type"":""MultiPoint"",""coordinates"":[]}"
19_0000000000000000001f,32,1.4571118538893766,2004,"{""type"":""MultiPoint"",""coordinates"":[]}"
19_00000000000000000021,34,3.0850782670565766,2004,"{""type"":""MultiPoint"",""coordinates"":[]}"
19_00000000000000000023,36,0.22366352097646647,2004,"{""type"":""MultiPoint"",""coordinates"":[]}"
19_00000000000000000025,38,0.8803791300941625,2004,"{""type"":""MultiPoint"",""coordinates"":[]}"
19_00000000000000000027,40,1.875272158750524,2004,"{""type"":""MultiPoint"",""coordinates"":[]}"
19_00000000000000000029,42,0.699690614204077,2004,"{""type"":""MultiPoint"",""coordinates"":[]}"
19_0000000000000000002b,44,7.122346161050348,2004,"{""type"":""MultiPoint"",""coordinates"":[]}"
19_0000000000000000002d,46,2.4404160801843924,2004,"{""type"":""MultiPoint"",""coordinates"":[]}"
19_0000000000000000002e,47,14.916447296826437,2004,"{""type"":""MultiPoint"",""coordinates"":[]}"
19_00000000000000000030,49,1.4019929231380663,2004,"{""type"":""MultiPoint"",""coordinates"":[]}"
19_00000000000000000032,51,6.78778102681956,2004,"{""type"":""MultiPoint"",""coordinates"":[]}"
19_00000000000000000034,53,0.6894922534261078,2004,"{""type"":""MultiPoint"",""coordinates"":[]}"
19_00000000000000000036,55,9.112447826128076,2004,"{""type"":""MultiPoint"",""coordinates"":[]}"
19_00000000000000000038,57,0.8640437012281222,2004,"{""type"":""MultiPoint"",""coordinates"":[]}"
19_0000000000000000003a,59,9.890379815253134,2004,"{""type"":""MultiPoint"",""coordinates"":[]}"
19_0000000000000000003c,61,10.361316181408496,2004,"{""type"":""MultiPoint"",""coordinates"":[]}"
19_0000000000000000003e,63,1.1261543684082034,2004,"{""type"":""MultiPoint"",""coordinates"":[]}"
19_00000000000000000040,65,4.034016538639063,2004,"{""type"":""MultiPoint"",""coordinates"":[]}"
19_00000000000000000042,67,0.720505547554764,2004,"{""type"":""MultiPoint"",""coordinates"":[]}"
19_00000000000000000044,69,0.0456546037882487,2004,"{""type"":""MultiPoint"",""coordinates"":[]}"
19_00000000000000000045,70,0.0,2004,"{""type"":""MultiPoint"",""coordinates"":[]}"
19_00000000000000000046,71,0.2724395755615235,2004,"{""type"":""MultiPoint"",""coordinates"":[]}"
19_00000000000000000048,73,3.0821081069470035,2004,"{""type"":""MultiPoint"",""coordinates"":[]}"
19_0000000000000000004a,75,5.456914777197705,2004,"{""type"":""MultiPoint"",""coordinates"":[]}"
19_0000000000000000004c,77,5.295438045995111,2004,"{""type"":""MultiPoint"",""coordinates"":[]}"
19_0000000000000000004f,80,7.7228097229992,2004,"{""type"":""MultiPoint"",""coordinates"":[]}"
19_00000000000000000051,82,5.028050536755119,2004,"{""type"":""MultiPoint"",""coordinates"":[]}"
19_00000000000000000053,84,20.81054999080122,2004,"{""type"":""MultiPoint"",""coordinates"":[]}"
19_00000000000000000055,86,0.009500833557128907,2004,"{""type"":""MultiPoint"",""coordinates"":[]}"
19_00000000000000000057,88,10.904875358014538,2004,"{""type"":""MultiPoint"",""coordinates"":[]}"
19_00000000000000000059,90,1.3343245412566538,2004,"{""type"":""MultiPoint"",""coordinates"":[]}"
19_0000000000000000005b,92,6.8324982935254495,2004,"{""type"":""MultiPoint"",""coordinates"":[]}"
19_0000000000000000005d,94,61.73080804841706,2004,"{""type"":""MultiPoint"",""coordinates"":[]}"
19_0000000000000000005f,96,133.7937213322654,2004,"{""type"":""MultiPoint"",""coordinates"":[]}"
19_00000000000000000061,98,86.92411976205817,2004,"{""type"":""MultiPoint"",""coordinates"":[]}"
19_00000000000000000063,100,22.250076595088913,2004,"{""type"":""MultiPoint"",""coordinates"":[]}"
19_00000000000000000065,102,57.959132508600604,2004,"{""type"":""MultiPoint"",""coordinates"":[]}"
19_00000000000000000067,104,16.944973985611536,2004,"{""type"":""MultiPoint"",""coordinates"":[]}"
19_0000000000000000006c,109,1.2341747107543977,2004,"{""type"":""MultiPoint"",""coordinates"":[]}"
19_0000000000000000006d,110,13.572368058711229,2004,"{""type"":""MultiPoint"",""coordinates"":[]}"
19_0000000000000000006e,111,0.0,2004,"{""type"":""MultiPoint"",""coordinates"":[]}"
19_0000000000000000006f,112,0.0,2004,"{""type"":""MultiPoint"",""coordinates"":[]}"
19_00000000000000000070,113,1.0399947941379923,2004,"{""type"":""MultiPoint"",""coordinates"":[]}"
19_00000000000000000072,115,21.251493981458935,2004,"{""type"":""MultiPoint"",""coordinates"":[]}"
19_00000000000000000074,117,1.2722829259279709,2004,"{""type"":""MultiPoint"",""coordinates"":[]}"
19_00000000000000000076,119,0.1616811486691942,2004,"{""type"":""MultiPoint"",""coordinates"":[]}"
19_00000000000000000078,121,10.927006675958369,2004,"{""type"":""MultiPoint"",""coordinates"":[]}"
19_00000000000000000079,122,4.44037507920784,2004,"{""type"":""MultiPoint"",""coordinates"":[]}"
19_0000000000000000007a,123,15.01106527963604,2004,"{""type"":""MultiPoint"",""coordinates"":[]}"
19_0000000000000000007b,124,7.993474818954888,2004,"{""type"":""MultiPoint"",""coordinates"":[]}"
19_0000000000000000007d,126,18.693455511439982,2004,"{""type"":""MultiPoint"",""coordinates"":[]}"
19_0000000000000000007f,128,2.477910628079044,2004,"{""type"":""MultiPoint"",""coordinates"":[]}"
19_00000000000000000081,130,3.6737442966880614,2004,"{""type"":""MultiPoint"",""coordinates"":[]}"
19_00000000000000000083,132,0.3133856410733095,2004,"{""type"":""MultiPoint"",""coordinates"":[]}"
19_00000000000000000085,134,8.004468375528013,2004,"{""type"":""MultiPoint"",""coordinates"":[]}"
19_00000000000000000087,136,0.07699774176025388,2004,"{""type"":""MultiPoint"",""coordinates"":[]}"
19_00000000000000000089,138,0.9638548840442128,2004,"{""type"":""MultiPoint"",""coordinates"":[]}"
19_0000000000000000008b,140,2.5993158223920054,2004,"{""type"":""MultiPoint"",""coordinates"":[]}"
19_0000000000000000008c,141,11.432495103614226,2004,"{""type"":""MultiPoint"",""coordinates"":[]}"
19_0000000000000000008d,142,33.10868882679254,2004,"{""type"":""MultiPoint"",""coordinates"":[]}"
19_0000000000000000008e,143,14.775997689786525,2004,"{""type"":""MultiPoint"",""coordinates"":[]}"
19_0000000000000000008f,144,110.20072238663676,2004,"{""type"":""MultiPoint"",""coordinates"":[]}"
20_00000000000000000001,2,4.618482630615233,2005,"{""type"":""MultiPoint"",""coordinates"":[]}"
20_00000000000000000003,4,0.069465342601821,2005,"{""type"":""MultiPoint"",""coordinates"":[]}"
20_00000000000000000005,6,0.6010403393470938,2005,"{""type"":""MultiPoint"",""coordinates"":[]}"
20_00000000000000000007,8,0.8538254251445667,2005,"{""type"":""MultiPoint"",""coordinates"":[]}"
20_00000000000000000009,10,0.24350795120945223,2005,"{""type"":""MultiPoint"",""coordinates"":[]}"
20_0000000000000000000b,12,0.8119514018078344,2005,"{""type"":""MultiPoint"",""coordinates"":[]}"
20_0000000000000000000d,14,0.7168397133097347,2005,"{""type"":""MultiPoint"",""coordinates"":[]}"
20_0000000000000000000f,16,0.6758327656898641,2005,"{""type"":""MultiPoint"",""coordinates"":[]}"
20_00000000000000000011,18,2.213269399108883,2005,"{""type"":""MultiPoint"",""coordinates"":[]}"
20_00000000000000000013,20,0.6356353109394157,2005,"{""type"":""MultiPoint"",""coordinates"":[]}"
20_00000000000000000015,22,0.07595880645751943,2005,"{""type"":""MultiPoint"",""coordinates"":[]}"
20_00000000000000000017,24,0.1172396105957032,2005,"{""type"":""MultiPoint"",""coordinates"":[]}"
20_00000000000000000019,26,1.0422157377929702,2005,"{""type"":""MultiPoint"",""coordinates"":[]}"
20_0000000000000000001a,27,0.0,2005,"{""type"":""MultiPoint"",""coordinates"":[]}"
20_0000000000000000001b,28,0.0,2005,"{""type"":""MultiPoint"",""coordinates"":[]}"
20_0000000000000000001c,29,2.96617442309575,2005,"{""type"":""MultiPoint"",""coordinates"":[]}"
20_00000000000000000020,33,0.013570547485351563,2005,"{""type"":""MultiPoint"",""coordinates"":[]}"
20_00000000000000000022,35,0.0,2005,"{""type"":""MultiPoint"",""coordinates"":[]}"
20_00000000000000000024,37,0.01191409967041016,2005,"{""type"":""MultiPoint"",""coordinates"":[]}"
20_00000000000000000026,39,0.05431225775146484,2005,"{""type"":""MultiPoint"",""coordinates"":[]}"
20_00000000000000000028,41,0.0035160166320800787,2005,"{""type"":""MultiPoint"",""coordinates"":[]}"
20_0000000000000000002a,43,0.01260437197875977,2005,"{""type"":""MultiPoint"",""coordinates"":[]}"
20_0000000000000000002c,45,0.0,2005,"{""type"":""MultiPoint"",""coordinates"":[]}"
20_0000000000000000002f,48,0.09802033831787108,2005,"{""type"":""MultiPoint"",""coordinates"":[]}"
20_00000000000000000031,50,0.3115791931762689,2005,"{""type"":""MultiPoint"",""coordinates"":[]}"
20_00000000000000000033,52,0.0,2005,"{""type"":""MultiPoint"",""coordinates"":[]}"
20_00000000000000000035,54,0.03115987884521483,2005,"{""type"":""MultiPoint"",""coordinates"":[]}"
20_00000000000000000037,56,0.16773693420410166,2005,"{""type"":""MultiPoint"",""coordinates"":[]}"
20_00000000000000000039,58,0.03593626037597657,2005,"{""type"":""MultiPoint"",""coordinates"":[]}"
20_0000000000000000003b,60,0.0,2005,"{""type"":""MultiPoint"",""coordinates"":[]}"
20_0000000000000000003d,62,0.02887586767578125,2005,"{""type"":""MultiPoint"",""coordinates"":[]}"
20_0000000000000000003f,64,0.005764519348144532,2005,"{""type"":""MultiPoint"",""coordinates"":[]}"
20_00000000000000000041,66,0.002877564453125,2005,"{""type"":""MultiPoint"",""coordinates"":[]}"
20_00000000000000000043,68,0.03395091601562499,2005,"{""type"":""MultiPoint"",""coordinates"":[]}"
20_00000000000000000047,72,0.005761097167968751,2005,"{""type"":""MultiPoint"",""coordinates"":[]}"
20_00000000000000000049,74,0.02237154077148437,2005,"{""type"":""MultiPoint"",""coordinates"":[]}"
20_0000000000000000004b,76,0.03954006429012524,2005,"{""type"":""MultiPoint"",""coordinates"":[]}"
20_0000000000000000004d,78,0.5420507119140628,2005,"{""type"":""MultiPoint"",""coordinates"":[]}"
20_0000000000000000004e,79,0.0,2005,"{""type"":""MultiPoint"",""coordinates"":[]}"
20_00000000000000000050,81,1.153361010803223,2005,"{""type"":""MultiPoint"",""coordinates"":[]}"
20_00000000000000000052,83,0.001604230553002451,2005,"{""type"":""MultiPoint"",""coordinates"":[]}"
20_00000000000000000054,85,0.013097590148925784,2005,"{""type"":""MultiPoint"",""coordinates"":[]}"
20_00000000000000000056,87,0.005334881652832031,2005,"{""type"":""MultiPoint"",""coordinates"":[]}"
20_00000000000000000058,89,0.20304996250143514,2005,"{""type"":""MultiPoint"",""coordinates"":[]}"
20_0000000000000000005a,91,0.27752746215676605,2005,"{""type"":""MultiPoint"",""coordinates"":[]}"
20_0000000000000000005c,93,0.11615175198065039,2005,"{""type"":""MultiPoint"",""coordinates"":[]}"
20_0000000000000000005e,95,0.7702407268066392,2005,"{""type"":""MultiPoint"",""coordinates"":[]}"
20_00000000000000000060,97,0.16815469622802737,2005,"{""type"":""MultiPoint"",""coordinates"":[]}"
20_00000000000000000062,99,0.08942742999267579,2005,"{""type"":""MultiPoint"",""coordinates"":[]}"
20_00000000000000000064,101,1.2662921550242636,2005,"{""type"":""MultiPoint"",""coordinates"":[]}"
20_00000000000000000066,103,13.14791516525673,2005,"{""type"":""MultiPoint"",""coordinates"":[]}"
20_00000000000000000068,105,0.11419905090332033,2005,"{""type"":""MultiPoint"",""coordinates"":[]}"
20_00000000000000000069,106,0.15102193780517573,2005,"{""type"":""MultiPoint"",""coordinates"":[]}"
20_0000000000000000006a,107,0.009389522583007813,2005,"{""type"":""MultiPoint"",""coordinates"":[]}"
20_0000000000000000006b,108,0.0,2005,"{""type"":""MultiPoint"",""coordinates"":[]}"
20_00000000000000000071,114,0.29702880511953245,2005,"{""type"":""MultiPoint"",""coordinates"":[]}"
20_00000000000000000073,116,0.2449924761797745,2005,"{""type"":""MultiPoint"",""coordinates"":[]}"
20_00000000000000000075,118,1.3056857247139653,2005,"{""type"":""MultiPoint"",""coordinates"":[]}"
20_00000000000000000077,120,0.07893390545702185,2005,"{""type"":""MultiPoint"",""coordinates"":[]}"
20_0000000000000000007c,125,0.042388818664550784,2005,"{""type"":""MultiPoint"",""coordinates"":[]}"
20_0000000000000000007e,127,0.09981369891357426,2005,"{""type"":""MultiPoint"",""coordinates"":[]}"
20_00000000000000000080,129,0.6029986602172851,2005,"{""type"":""MultiPoint"",""coordinates"":[]}"
20_00000000000000000082,131,0.17229982347914757,2005,"{""type"":""MultiPoint"",""coordinates"":[]}"
20_00000000000000000084,133,0.009746011127068015,2005,"{""type"":""MultiPoint"",""coordinates"":[]}"
20_00000000000000000086,135,0.21729735522460886,2005,"{""type"":""MultiPoint"",""coordinates"":[]}"
20_00000000000000000088,137,0.0,2005,"{""type"":""MultiPoint"",""coordinates"":[]}"
20_0000000000000000008a,139,0.0,2005,"{""type"":""MultiPoint"",""coordinates"":[]}"
20_00000000000000000000,1,17.077724131404835,2005,"{""type"":""MultiPoint"",""coordinates"":[]}"
20_00000000000000000002,3,11.305003646814697,2005,"{""type"":""MultiPoint"",""coordinates"":[]}"
20_00000000000000000004,5,6.21422447381541,2005,"{""type"":""MultiPoint"",""coordinates"":[]}"
20_00000000000000000006,7,16.752459949569243,2005,"{""type"":""MultiPoint"",""coordinates"":[]}"
20_00000000000000000008,9,0.6060369062526343,2005,"{""type"":""MultiPoint"",""coordinates"":[]}"
20_0000000000000000000a,11,9.634214029415343,2005,"{""type"":""MultiPoint"",""coordinates"":[]}"
20_0000000000000000000c,13,0.6753895284498035,2005,"{""type"":""MultiPoint"",""coordinates"":[]}"
20_0000000000000000000e,15,4.112460032459191,2005,"{""type"":""MultiPoint"",""coordinates"":[]}"
20_00000000000000000010,17,6.805767436044729,2005,"{""type"":""MultiPoint"",""coordinates"":[]}"
20_00000000000000000012,19,1.695105107393871,2005,"{""type"":""MultiPoint"",""coordinates"":[]}"
20_00000000000000000014,21,9.660563727674287,2005,"{""type"":""MultiPoint"",""coordinates"":[]}"
20_00000000000000000016,23,3.8719214159581803,2005,"{""type"":""MultiPoint"",""coordinates"":[]}"
20_00000000000000000018,25,3.922494540894032,2005,"{""type"":""MultiPoint"",""coordinates"":[]}"
20_0000000000000000001d,30,0.9745115327148534,2005,"{""type"":""MultiPoint"",""coordinates"":[]}"
20_0000000000000000001e,31,0.0,2005,"{""type"":""MultiPoint"",""coordinates"":[]}"
20_0000000000000000001f,32,1.5091053183974337,2005,"{""type"":""MultiPoint"",""coordinates"":[]}"
20_00000000000000000021,34,3.0953949335910007,2005,"{""type"":""MultiPoint"",""coordinates"":[]}"
20_00000000000000000023,36,0.22366352097646647,2005,"{""type"":""MultiPoint"",""coordinates"":[]}"
20_00000000000000000025,38,0.8843606392189183,2005,"{""type"":""MultiPoint"",""coordinates"":[]}"
20_00000000000000000027,40,1.8911017540071349,2005,"{""type"":""MultiPoint"",""coordinates"":[]}"
20_00000000000000000029,42,0.6936579872509521,2005,"{""type"":""MultiPoint"",""coordinates"":[]}"
20_0000000000000000002b,44,7.150981739480527,2005,"{""type"":""MultiPoint"",""coordinates"":[]}"
20_0000000000000000002d,46,2.457940019942693,2005,"{""type"":""MultiPoint"",""coordinates"":[]}"
20_0000000000000000002e,47,14.952426188681473,2005,"{""type"":""MultiPoint"",""coordinates"":[]}"
20_00000000000000000030,49,1.408445204571172,2005,"{""type"":""MultiPoint"",""coordinates"":[]}"
20_00000000000000000032,51,6.7946652571662405,2005,"{""type"":""MultiPoint"",""coordinates"":[]}"
20_00000000000000000034,53,0.6894922534261078,2005,"{""type"":""MultiPoint"",""coordinates"":[]}"
20_00000000000000000036,55,9.103767807268213,2005,"{""type"":""MultiPoint"",""coordinates"":[]}"
20_00000000000000000038,57,0.8685602247876927,2005,"{""type"":""MultiPoint"",""coordinates"":[]}"
20_0000000000000000003a,59,9.888345285848553,2005,"{""type"":""MultiPoint"",""coordinates"":[]}"
20_0000000000000000003c,61,10.37004394518138,2005,"{""type"":""MultiPoint"",""coordinates"":[]}"
20_0000000000000000003e,63,1.1296141076049806,2005,"{""type"":""MultiPoint"",""coordinates"":[]}"
20_00000000000000000040,65,4.028259490848535,2005,"{""type"":""MultiPoint"",""coordinates"":[]}"
20_00000000000000000042,67,0.7251122417075961,2005,"{""type"":""MultiPoint"",""coordinates"":[]}"
20_00000000000000000044,69,0.0456546037882487,2005,"{""type"":""MultiPoint"",""coordinates"":[]}"
20_00000000000000000045,70,0.0,2005,"{""type"":""MultiPoint"",""coordinates"":[]}"
20_00000000000000000046,71,0.27646975445556643,2005,"{""type"":""MultiPoint"",""coordinates"":[]}"
20_00000000000000000048,73,3.082705878370343,2005,"{""type"":""MultiPoint"",""coordinates"":[]}"
20_0000000000000000004a,75,5.463993284705033,2005,"{""type"":""MultiPoint"",""coordinates"":[]}"
20_0000000000000000004c,77,5.254396861485834,2005,"{""type"":""MultiPoint"",""coordinates"":[]}"
20_0000000000000000004f,80,7.720340537574394,2005,"{""type"":""MultiPoint"",""coordinates"":[]}"
20_00000000000000000051,82,5.040330740124259,2005,"{""type"":""MultiPoint"",""coordinates"":[]}"
20_00000000000000000053,84,20.80906687034607,2005,"{""type"":""MultiPoint"",""coordinates"":[]}"
20_00000000000000000055,86,0.009500833557128907,2005,"{""type"":""MultiPoint"",""coordinates"":[]}"
20_00000000000000000057,88,10.907810144818738,2005,"{""type"":""MultiPoint"",""coordinates"":[]}"
20_00000000000000000059,90,1.3331236729705211,2005,"{""type"":""MultiPoint"",""coordinates"":[]}"
20_0000000000000000005b,92,6.834905949226133,2005,"{""type"":""MultiPoint"",""coordinates"":[]}"
20_0000000000000000005d,94,61.706827166915495,2005,"{""type"":""MultiPoint"",""coordinates"":[]}"
20_0000000000000000005f,96,133.60815984166476,2005,"{""type"":""MultiPoint"",""coordinates"":[]}"
20_00000000000000000061,98,86.91983587112797,2005,"{""type"":""MultiPoint"",""coordinates"":[]}"
20_00000000000000000063,100,22.288981902567023,2005,"{""type"":""MultiPoint"",""coordinates"":[]}"
20_00000000000000000065,102,57.941980840651986,2005,"{""type"":""MultiPoint"",""coordinates"":[]}"
20_00000000000000000067,104,16.90915035804805,2005,"{""type"":""MultiPoint"",""coordinates"":[]}"
20_0000000000000000006c,109,1.2341747107543977,2005,"{""type"":""MultiPoint"",""coordinates"":[]}"
20_0000000000000000006d,110,13.592648675044243,2005,"{""type"":""MultiPoint"",""coordinates"":[]}"
20_0000000000000000006e,111,0.0,2005,"{""type"":""MultiPoint"",""coordinates"":[]}"
20_0000000000000000006f,112,0.0,2005,"{""type"":""MultiPoint"",""coordinates"":[]}"
20_00000000000000000070,113,1.0394057005100628,2005,"{""type"":""MultiPoint"",""coordinates"":[]}"
20_00000000000000000072,115,21.229510076457405,2005,"{""type"":""MultiPoint"",""coordinates"":[]}"
20_00000000000000000074,117,1.2831653206423266,2005,"{""type"":""MultiPoint"",""coordinates"":[]}"
20_00000000000000000076,119,0.1616811486691942,2005,"{""type"":""MultiPoint"",""coordinates"":[]}"
20_00000000000000000078,121,10.922388121762738,2005,"{""type"":""MultiPoint"",""coordinates"":[]}"
20_00000000000000000079,122,4.4486691189417265,2005,"{""type"":""MultiPoint"",""coordinates"":[]}"
20_0000000000000000007a,123,14.910687634433405,2005,"{""type"":""MultiPoint"",""coordinates"":[]}"
20_0000000000000000007b,124,7.991554443222464,2005,"{""type"":""MultiPoint"",""coordinates"":[]}"
20_0000000000000000007d,126,18.68318375450806,2005,"{""type"":""MultiPoint"",""coordinates"":[]}"
20_0000000000000000007f,128,2.4468457318388106,2005,"{""type"":""MultiPoint"",""coordinates"":[]}"
20_00000000000000000081,130,3.6484880451011485,2005,"{""type"":""MultiPoint"",""coordinates"":[]}"
20_00000000000000000083,132,0.3133856410733095,2005,"{""type"":""MultiPoint"",""coordinates"":[]}"
20_00000000000000000085,134,7.945887956704773,2005,"{""type"":""MultiPoint"",""coordinates"":[]}"
20_00000000000000000087,136,0.07699774176025388,2005,"{""type"":""MultiPoint"",""coordinates"":[]}"
20_00000000000000000089,138,0.9620072180285879,2005,"{""type"":""MultiPoint"",""coordinates"":[]}"
20_0000000000000000008b,140,2.5762525236249156,2005,"{""type"":""MultiPoint"",""coordinates"":[]}"
20_0000000000000000008c,141,11.365363860083955,2005,"{""type"":""MultiPoint"",""coordinates"":[]}"
20_0000000000000000008d,142,33.092310430674374,2005,"{""type"":""MultiPoint"",""coordinates"":[]}"
20_0000000000000000008e,143,14.761470475960737,2005,"{""type"":""MultiPoint"",""coordinates"":[]}"
20_0000000000000000008f,144,109.96372106954192,2005,"{""type"":""MultiPoint"",""coordinates"":[]}"
21_00000000000000000001,2,4.6191179707641625,2006,"{""type"":""MultiPoint"",""coordinates"":[]}"
21_00000000000000000003,4,0.06492595167164521,2006,"{""type"":""MultiPoint"",""coordinates"":[]}"
21_00000000000000000005,6,0.6112175776283442,2006,"{""type"":""MultiPoint"",""coordinates"":[]}"
21_00000000000000000007,8,0.8560268145488636,2006,"{""type"":""MultiPoint"",""coordinates"":[]}"
21_00000000000000000009,10,0.24187361484470618,2006,"{""type"":""MultiPoint"",""coordinates"":[]}"
21_0000000000000000000b,12,0.8092460531750219,2006,"{""type"":""MultiPoint"",""coordinates"":[]}"
21_0000000000000000000d,14,0.7125481993937193,2006,"{""type"":""MultiPoint"",""coordinates"":[]}"
21_0000000000000000000f,16,0.6667428149359004,2006,"{""type"":""MultiPoint"",""coordinates"":[]}"
21_00000000000000000011,18,2.207433705688472,2006,"{""type"":""MultiPoint"",""coordinates"":[]}"
21_00000000000000000013,20,0.6314137578388297,2006,"{""type"":""MultiPoint"",""coordinates"":[]}"
21_00000000000000000015,22,0.07389154962158193,2006,"{""type"":""MultiPoint"",""coordinates"":[]}"
21_00000000000000000017,24,0.1162291570434571,2006,"{""type"":""MultiPoint"",""coordinates"":[]}"
21_00000000000000000019,26,1.0526372466125506,2006,"{""type"":""MultiPoint"",""coordinates"":[]}"
21_0000000000000000001a,27,0.0,2006,"{""type"":""MultiPoint"",""coordinates"":[]}"
21_0000000000000000001b,28,0.0,2006,"{""type"":""MultiPoint"",""coordinates"":[]}"
21_0000000000000000001c,29,2.919508991882366,2006,"{""type"":""MultiPoint"",""coordinates"":[]}"
21_00000000000000000020,33,0.01163172119140625,2006,"{""type"":""MultiPoint"",""coordinates"":[]}"
21_00000000000000000022,35,0.0,2006,"{""type"":""MultiPoint"",""coordinates"":[]}"
21_00000000000000000024,37,0.01191409967041016,2006,"{""type"":""MultiPoint"",""coordinates"":[]}"
21_00000000000000000026,39,0.05431225775146484,2006,"{""type"":""MultiPoint"",""coordinates"":[]}"
21_00000000000000000028,41,0.013659947668935737,2006,"{""type"":""MultiPoint"",""coordinates"":[]}"
21_0000000000000000002a,43,0.014622977447509771,2006,"{""type"":""MultiPoint"",""coordinates"":[]}"
21_0000000000000000002c,45,0.0,2006,"{""type"":""MultiPoint"",""coordinates"":[]}"
21_0000000000000000002f,48,0.09802033831787108,2006,"{""type"":""MultiPoint"",""coordinates"":[]}"
21_00000000000000000031,50,0.3115791931762689,2006,"{""type"":""MultiPoint"",""coordinates"":[]}"
21_00000000000000000033,52,0.0,2006,"{""type"":""MultiPoint"",""coordinates"":[]}"
21_00000000000000000035,54,0.03115987884521483,2006,"{""type"":""MultiPoint"",""coordinates"":[]}"
21_00000000000000000037,56,0.1621268936157227,2006,"{""type"":""MultiPoint"",""coordinates"":[]}"
21_00000000000000000039,58,0.03593626037597657,2006,"{""type"":""MultiPoint"",""coordinates"":[]}"
21_0000000000000000003b,60,0.0,2006,"{""type"":""MultiPoint"",""coordinates"":[]}"
21_0000000000000000003d,62,0.02887586767578125,2006,"{""type"":""MultiPoint"",""coordinates"":[]}"
21_0000000000000000003f,64,0.005764519348144532,2006,"{""type"":""MultiPoint"",""coordinates"":[]}"
21_00000000000000000041,66,0.002877564453125,2006,"{""type"":""MultiPoint"",""coordinates"":[]}"
21_00000000000000000043,68,0.03395091601562499,2006,"{""type"":""MultiPoint"",""coordinates"":[]}"
21_00000000000000000047,72,0.005761097167968751,2006,"{""type"":""MultiPoint"",""coordinates"":[]}"
21_00000000000000000049,74,0.02237154077148437,2006,"{""type"":""MultiPoint"",""coordinates"":[]}"
21_0000000000000000004b,76,0.03954006429012524,2006,"{""type"":""MultiPoint"",""coordinates"":[]}"
21_0000000000000000004d,78,0.5408515398559574,2006,"{""type"":""MultiPoint"",""coordinates"":[]}"
21_0000000000000000004e,79,0.0,2006,"{""type"":""MultiPoint"",""coordinates"":[]}"
21_00000000000000000050,81,1.145331491271973,2006,"{""type"":""MultiPoint"",""coordinates"":[]}"
21_00000000000000000052,83,0.001604230553002451,2006,"{""type"":""MultiPoint"",""coordinates"":[]}"
21_00000000000000000054,85,0.013097590148925784,2006,"{""type"":""MultiPoint"",""coordinates"":[]}"
21_00000000000000000056,87,0.005334881652832031,2006,"{""type"":""MultiPoint"",""coordinates"":[]}"
21_00000000000000000058,89,0.20184562711325157,2006,"{""type"":""MultiPoint"",""coordinates"":[]}"
21_0000000000000000005a,91,0.27752746215676605,2006,"{""type"":""MultiPoint"",""coordinates"":[]}"
21_0000000000000000005c,93,0.11735715444647069,2006,"{""type"":""MultiPoint"",""coordinates"":[]}"
21_0000000000000000005e,95,0.7782230983886711,2006,"{""type"":""MultiPoint"",""coordinates"":[]}"
21_00000000000000000060,97,0.16815469622802737,2006,"{""type"":""MultiPoint"",""coordinates"":[]}"
21_00000000000000000062,99,0.08942924719238284,2006,"{""type"":""MultiPoint"",""coordinates"":[]}"
21_00000000000000000064,101,1.2574146690013144,2006,"{""type"":""MultiPoint"",""coordinates"":[]}"
21_00000000000000000066,103,13.076696008945708,2006,"{""type"":""MultiPoint"",""coordinates"":[]}"
21_00000000000000000068,105,0.11166462158203126,2006,"{""type"":""MultiPoint"",""coordinates"":[]}"
21_00000000000000000069,106,0.15414989648437494,2006,"{""type"":""MultiPoint"",""coordinates"":[]}"
21_0000000000000000006a,107,0.009389522583007813,2006,"{""type"":""MultiPoint"",""coordinates"":[]}"
21_0000000000000000006b,108,0.0,2006,"{""type"":""MultiPoint"",""coordinates"":[]}"
21_00000000000000000071,114,0.29702880511953245,2006,"{""type"":""MultiPoint"",""coordinates"":[]}"
21_00000000000000000073,116,0.24613725334041903,2006,"{""type"":""MultiPoint"",""coordinates"":[]}"
21_00000000000000000075,118,1.3033873097969728,2006,"{""type"":""MultiPoint"",""coordinates"":[]}"
21_00000000000000000077,120,0.07893390545702185,2006,"{""type"":""MultiPoint"",""coordinates"":[]}"
21_0000000000000000007c,125,0.042388818664550784,2006,"{""type"":""MultiPoint"",""coordinates"":[]}"
21_0000000000000000007e,127,0.09922310058593754,2006,"{""type"":""MultiPoint"",""coordinates"":[]}"
21_00000000000000000080,129,0.5982847937622069,2006,"{""type"":""MultiPoint"",""coordinates"":[]}"
21_00000000000000000082,131,0.170518353325339,2006,"{""type"":""MultiPoint"",""coordinates"":[]}"
21_00000000000000000084,133,0.010935671649528952,2006,"{""type"":""MultiPoint"",""coordinates"":[]}"
21_00000000000000000086,135,0.21729735522460886,2006,"{""type"":""MultiPoint"",""coordinates"":[]}"
21_00000000000000000088,137,0.0,2006,"{""type"":""MultiPoint"",""coordinates"":[]}"
21_0000000000000000008a,139,0.0,2006,"{""type"":""MultiPoint"",""coordinates"":[]}"
21_00000000000000000000,1,17.060025744869208,2006,"{""type"":""MultiPoint"",""coordinates"":[]}"
21_00000000000000000002,3,11.312377773645515,2006,"{""type"":""MultiPoint"",""coordinates"":[]}"
21_00000000000000000004,5,6.184597892394513,2006,"{""type"":""MultiPoint"",""coordinates"":[]}"
21_00000000000000000006,7,16.699786702793823,2006,"{""type"":""MultiPoint"",""coordinates"":[]}"
21_00000000000000000008,9,0.6033005261867163,2006,"{""type"":""MultiPoint"",""coordinates"":[]}"
21_0000000000000000000a,11,9.597820720821595,2006,"{""type"":""MultiPoint"",""coordinates"":[]}"
21_0000000000000000000c,13,0.6764569055249988,2006,"{""type"":""MultiPoint"",""coordinates"":[]}"
21_0000000000000000000e,15,4.08958693326629,2006,"{""type"":""MultiPoint"",""coordinates"":[]}"
21_00000000000000000010,17,6.774261926095998,2006,"{""type"":""MultiPoint"",""coordinates"":[]}"
21_00000000000000000012,19,1.6776888636804916,2006,"{""type"":""MultiPoint"",""coordinates"":[]}"
21_00000000000000000014,21,9.612893414380828,2006,"{""type"":""MultiPoint"",""coordinates"":[]}"
21_00000000000000000016,23,3.8519939313390403,2006,"{""type"":""MultiPoint"",""coordinates"":[]}"
21_00000000000000000018,25,3.9109813967810516,2006,"{""type"":""MultiPoint"",""coordinates"":[]}"
21_0000000000000000001d,30,0.9740466297912693,2006,"{""type"":""MultiPoint"",""coordinates"":[]}"
21_0000000000000000001e,31,0.0,2006,"{""type"":""MultiPoint"",""coordinates"":[]}"
21_0000000000000000001f,32,1.5331757951125216,2006,"{""type"":""MultiPoint"",""coordinates"":[]}"
21_00000000000000000021,34,3.0955226346713234,2006,"{""type"":""MultiPoint"",""coordinates"":[]}"
21_00000000000000000023,36,0.22862275175039226,2006,"{""type"":""MultiPoint"",""coordinates"":[]}"
21_00000000000000000025,38,0.8943129089943087,2006,"{""type"":""MultiPoint"",""coordinates"":[]}"
21_00000000000000000027,40,1.8984903645492235,2006,"{""type"":""MultiPoint"",""coordinates"":[]}"
21_00000000000000000029,42,0.6946668609692136,2006,"{""type"":""MultiPoint"",""coordinates"":[]}"
21_0000000000000000002b,44,7.178381336587461,2006,"{""type"":""MultiPoint"",""coordinates"":[]}"
21_0000000000000000002d,46,2.4538140848230645,2006,"{""type"":""MultiPoint"",""coordinates"":[]}"
21_0000000000000000002e,47,14.973540583916423,2006,"{""type"":""MultiPoint"",""coordinates"":[]}"
21_00000000000000000030,49,1.399847614666387,2006,"{""type"":""MultiPoint"",""coordinates"":[]}"
21_00000000000000000032,51,6.802144750818585,2006,"{""type"":""MultiPoint"",""coordinates"":[]}"
21_00000000000000000034,53,0.6894922534261076,2006,"{""type"":""MultiPoint"",""coordinates"":[]}"
21_00000000000000000036,55,9.082490425005027,2006,"{""type"":""MultiPoint"",""coordinates"":[]}"
21_00000000000000000038,57,0.866301057307224,2006,"{""type"":""MultiPoint"",""coordinates"":[]}"
21_0000000000000000003a,59,9.904146139852461,2006,"{""type"":""MultiPoint"",""coordinates"":[]}"
21_0000000000000000003c,61,10.363138696157941,2006,"{""type"":""MultiPoint"",""coordinates"":[]}"
21_0000000000000000003e,63,1.1296141076049806,2006,"{""type"":""MultiPoint"",""coordinates"":[]}"
21_00000000000000000040,65,4.0219235322914075,2006,"{""type"":""MultiPoint"",""coordinates"":[]}"
21_00000000000000000042,67,0.7189589752565869,2006,"{""type"":""MultiPoint"",""coordinates"":[]}"
21_00000000000000000044,69,0.04374980871582031,2006,"{""type"":""MultiPoint"",""coordinates"":[]}"
21_00000000000000000045,70,0.0,2006,"{""type"":""MultiPoint"",""coordinates"":[]}"
21_00000000000000000046,71,0.27646975445556643,2006,"{""type"":""MultiPoint"",""coordinates"":[]}"
21_00000000000000000048,73,3.0815995508556946,2006,"{""type"":""MultiPoint"",""coordinates"":[]}"
21_0000000000000000004a,75,5.468028480776526,2006,"{""type"":""MultiPoint"",""coordinates"":[]}"
21_0000000000000000004c,77,5.230549333379504,2006,"{""type"":""MultiPoint"",""coordinates"":[]}"
21_0000000000000000004f,80,7.751687233741391,2006,"{""type"":""MultiPoint"",""coordinates"":[]}"
21_00000000000000000051,82,5.0477042707028685,2006,"{""type"":""MultiPoint"",""coordinates"":[]}"
21_00000000000000000053,84,20.82950886486846,2006,"{""type"":""MultiPoint"",""coordinates"":[]}"
21_00000000000000000055,86,0.009500833557128907,2006,"{""type"":""MultiPoint"",""coordinates"":[]}"
21_00000000000000000057,88,10.893892785094522,2006,"{""type"":""MultiPoint"",""coordinates"":[]}"
21_00000000000000000059,90,1.3307157119109507,2006,"{""type"":""MultiPoint"",""coordinates"":[]}"
21_0000000000000000005b,92,6.837907820136778,2006,"{""type"":""MultiPoint"",""coordinates"":[]}"
21_0000000000000000005d,94,61.569290522099884,2006,"{""type"":""MultiPoint"",""coordinates"":[]}"
21_0000000000000000005f,96,133.2606153448252,2006,"{""type"":""MultiPoint"",""coordinates"":[]}"
21_00000000000000000061,98,86.90155183060062,2006,"{""type"":""MultiPoint"",""coordinates"":[]}"
21_00000000000000000063,100,22.32898675712024,2006,"{""type"":""MultiPoint"",""coordinates"":[]}"
21_00000000000000000065,102,57.86633121019021,2006,"{""type"":""MultiPoint"",""coordinates"":[]}"
21_00000000000000000067,104,16.92431935011347,2006,"{""type"":""MultiPoint"",""coordinates"":[]}"
21_0000000000000000006c,109,1.230371233703617,2006,"{""type"":""MultiPoint"",""coordinates"":[]}"
21_0000000000000000006d,110,13.598344979670712,2006,"{""type"":""MultiPoint"",""coordinates"":[]}"
21_0000000000000000006e,111,0.0,2006,"{""type"":""MultiPoint"",""coordinates"":[]}"
21_0000000000000000006f,112,0.0,2006,"{""type"":""MultiPoint"",""coordinates"":[]}"
21_00000000000000000070,113,1.03703709986309,2006,"{""type"":""MultiPoint"",""coordinates"":[]}"
21_00000000000000000072,115,21.17542087172516,2006,"{""type"":""MultiPoint"",""coordinates"":[]}"
21_00000000000000000074,117,1.2682654504030682,2006,"{""type"":""MultiPoint"",""coordinates"":[]}"
21_00000000000000000076,119,0.1588002624387254,2006,"{""type"":""MultiPoint"",""coordinates"":[]}"
21_00000000000000000078,121,10.918624144650925,2006,"{""type"":""MultiPoint"",""coordinates"":[]}"
21_00000000000000000079,122,4.46315351707405,2006,"{""type"":""MultiPoint"",""coordinates"":[]}"
21_0000000000000000007a,123,14.857807875353528,2006,"{""type"":""MultiPoint"",""coordinates"":[]}"
21_0000000000000000007b,124,7.969225097763481,2006,"{""type"":""MultiPoint"",""coordinates"":[]}"
21_0000000000000000007d,126,18.66738722740845,2006,"{""type"":""MultiPoint"",""coordinates"":[]}"
21_0000000000000000007f,128,2.436388125393497,2006,"{""type"":""MultiPoint"",""coordinates"":[]}"
21_00000000000000000081,130,3.623236077327711,2006,"{""type"":""MultiPoint"",""coordinates"":[]}"
21_00000000000000000083,132,0.3110135547695986,2006,"{""type"":""MultiPoint"",""coordinates"":[]}"
21_00000000000000000085,134,7.879660604348812,2006,"{""type"":""MultiPoint"",""coordinates"":[]}"
21_00000000000000000087,136,0.07699774176025388,2006,"{""type"":""MultiPoint"",""coordinates"":[]}"
21_00000000000000000089,138,0.9565576494250724,2006,"{""type"":""MultiPoint"",""coordinates"":[]}"
21_0000000000000000008b,140,2.572616090336342,2006,"{""type"":""MultiPoint"",""coordinates"":[]}"
21_0000000000000000008c,141,11.3178988171152,2006,"{""type"":""MultiPoint"",""coordinates"":[]}"
21_0000000000000000008d,142,32.97084489161186,2006,"{""type"":""MultiPoint"",""coordinates"":[]}"
21_0000000000000000008e,143,14.75593070820287,2006,"{""type"":""MultiPoint"",""coordinates"":[]}"
21_0000000000000000008f,144,109.74751622508805,2006,"{""type"":""MultiPoint"",""coordinates"":[]}"
22_00000000000000000001,2,4.577332163635258,2007,"{""type"":""MultiPoint"",""coordinates"":[]}"
22_00000000000000000003,4,0.06379095484547333,2007,"{""type"":""MultiPoint"",""coordinates"":[]}"
22_00000000000000000005,6,0.6198046406405612,2007,"{""type"":""MultiPoint"",""coordinates"":[]}"
22_00000000000000000007,8,0.8593299225200551,2007,"{""type"":""MultiPoint"",""coordinates"":[]}"
22_00000000000000000009,10,0.23587796091404228,2007,"{""type"":""MultiPoint"",""coordinates"":[]}"
22_0000000000000000000b,12,0.8319292234631082,2007,"{""type"":""MultiPoint"",""coordinates"":[]}"
22_0000000000000000000d,14,0.7061107979654966,2007,"{""type"":""MultiPoint"",""coordinates"":[]}"
22_0000000000000000000f,16,0.6826390813543576,2007,"{""type"":""MultiPoint"",""coordinates"":[]}"
22_00000000000000000011,18,2.198412663269039,2007,"{""type"":""MultiPoint"",""coordinates"":[]}"
22_00000000000000000013,20,0.6192874773212508,2007,"{""type"":""MultiPoint"",""coordinates"":[]}"
22_00000000000000000015,22,0.06562558721923822,2007,"{""type"":""MultiPoint"",""coordinates"":[]}"
22_00000000000000000017,24,0.1162291570434571,2007,"{""type"":""MultiPoint"",""coordinates"":[]}"
22_00000000000000000019,26,1.0288705650939958,2007,"{""type"":""MultiPoint"",""coordinates"":[]}"
22_0000000000000000001a,27,0.0,2007,"{""type"":""MultiPoint"",""coordinates"":[]}"
22_0000000000000000001b,28,0.0,2007,"{""type"":""MultiPoint"",""coordinates"":[]}"
22_0000000000000000001c,29,2.9166819960937898,2007,"{""type"":""MultiPoint"",""coordinates"":[]}"
22_00000000000000000020,33,0.01163172119140625,2007,"{""type"":""MultiPoint"",""coordinates"":[]}"
22_00000000000000000022,35,0.0,2007,"{""type"":""MultiPoint"",""coordinates"":[]}"
22_00000000000000000024,37,0.01191409967041016,2007,"{""type"":""MultiPoint"",""coordinates"":[]}"
22_00000000000000000026,39,0.05431225775146484,2007,"{""type"":""MultiPoint"",""coordinates"":[]}"
22_00000000000000000028,41,0.013659947668935737,2007,"{""type"":""MultiPoint"",""coordinates"":[]}"
22_0000000000000000002a,43,0.014622977447509771,2007,"{""type"":""MultiPoint"",""coordinates"":[]}"
22_0000000000000000002c,45,0.0,2007,"{""type"":""MultiPoint"",""coordinates"":[]}"
22_0000000000000000002f,48,0.09802033831787108,2007,"{""type"":""MultiPoint"",""coordinates"":[]}"
22_00000000000000000031,50,0.3105012974243158,2007,"{""type"":""MultiPoint"",""coordinates"":[]}"
22_00000000000000000033,52,0.0,2007,"{""type"":""MultiPoint"",""coordinates"":[]}"
22_00000000000000000035,54,0.03115987884521483,2007,"{""type"":""MultiPoint"",""coordinates"":[]}"
22_00000000000000000037,56,0.1604436499023438,2007,"{""type"":""MultiPoint"",""coordinates"":[]}"
22_00000000000000000039,58,0.03986688183593749,2007,"{""type"":""MultiPoint"",""coordinates"":[]}"
22_0000000000000000003b,60,0.0,2007,"{""type"":""MultiPoint"",""coordinates"":[]}"
22_0000000000000000003d,62,0.024256817565917972,2007,"{""type"":""MultiPoint"",""coordinates"":[]}"
22_0000000000000000003f,64,0.005764519348144532,2007,"{""type"":""MultiPoint"",""coordinates"":[]}"
22_00000000000000000041,66,0.002877564453125,2007,"{""type"":""MultiPoint"",""coordinates"":[]}"
22_00000000000000000043,68,0.03395091601562499,2007,"{""type"":""MultiPoint"",""coordinates"":[]}"
22_00000000000000000047,72,0.005761097167968751,2007,"{""type"":""MultiPoint"",""coordinates"":[]}"
22_00000000000000000049,74,0.02237154077148437,2007,"{""type"":""MultiPoint"",""coordinates"":[]}"
22_0000000000000000004b,76,0.03954006429012524,2007,"{""type"":""MultiPoint"",""coordinates"":[]}"
22_0000000000000000004d,78,0.5420511585083012,2007,"{""type"":""MultiPoint"",""coordinates"":[]}"
22_0000000000000000004e,79,0.0,2007,"{""type"":""MultiPoint"",""coordinates"":[]}"
22_00000000000000000050,81,1.1353950515747075,2007,"{""type"":""MultiPoint"",""coordinates"":[]}"
22_00000000000000000052,83,0.001604230553002451,2007,"{""type"":""MultiPoint"",""coordinates"":[]}"
22_00000000000000000054,85,0.013097590148925784,2007,"{""type"":""MultiPoint"",""coordinates"":[]}"
22_00000000000000000056,87,0.005334881652832031,2007,"{""type"":""MultiPoint"",""coordinates"":[]}"
22_00000000000000000058,89,0.20184562711325157,2007,"{""type"":""MultiPoint"",""coordinates"":[]}"
22_0000000000000000005a,91,0.2751269698471957,2007,"{""type"":""MultiPoint"",""coordinates"":[]}"
22_0000000000000000005c,93,0.11735715444647069,2007,"{""type"":""MultiPoint"",""coordinates"":[]}"
22_0000000000000000005e,95,0.77515870715332,2007,"{""type"":""MultiPoint"",""coordinates"":[]}"
22_00000000000000000060,97,0.16815469622802737,2007,"{""type"":""MultiPoint"",""coordinates"":[]}"
22_00000000000000000062,99,0.089429264831543,2007,"{""type"":""MultiPoint"",""coordinates"":[]}"
22_00000000000000000064,101,1.2593213203074671,2007,"{""type"":""MultiPoint"",""coordinates"":[]}"
22_00000000000000000066,103,13.045481486912013,2007,"{""type"":""MultiPoint"",""coordinates"":[]}"
22_00000000000000000068,105,0.1021964542236328,2007,"{""type"":""MultiPoint"",""coordinates"":[]}"
22_00000000000000000069,106,0.1579015249633788,2007,"{""type"":""MultiPoint"",""coordinates"":[]}"
22_0000000000000000006a,107,0.006887543395996092,2007,"{""type"":""MultiPoint"",""coordinates"":[]}"
22_0000000000000000006b,108,0.0,2007,"{""type"":""MultiPoint"",""coordinates"":[]}"
22_00000000000000000071,114,0.29702880511953245,2007,"{""type"":""MultiPoint"",""coordinates"":[]}"
22_00000000000000000073,116,0.24613725334041903,2007,"{""type"":""MultiPoint"",""coordinates"":[]}"
22_00000000000000000075,118,1.3010883879830075,2007,"{""type"":""MultiPoint"",""coordinates"":[]}"
22_00000000000000000077,120,0.07893390545702185,2007,"{""type"":""MultiPoint"",""coordinates"":[]}"
22_0000000000000000007c,125,0.042388818664550784,2007,"{""type"":""MultiPoint"",""coordinates"":[]}"
22_0000000000000000007e,127,0.09981373370361332,2007,"{""type"":""MultiPoint"",""coordinates"":[]}"
22_00000000000000000080,129,0.5900335195312498,2007,"{""type"":""MultiPoint"",""coordinates"":[]}"
22_00000000000000000082,131,0.170518353325339,2007,"{""type"":""MultiPoint"",""coordinates"":[]}"
22_00000000000000000084,133,0.010935671649528952,2007,"{""type"":""MultiPoint"",""coordinates"":[]}"
22_00000000000000000086,135,0.21608731433105416,2007,"{""type"":""MultiPoint"",""coordinates"":[]}"
22_00000000000000000088,137,0.0,2007,"{""type"":""MultiPoint"",""coordinates"":[]}"
22_0000000000000000008a,139,0.0,2007,"{""type"":""MultiPoint"",""coordinates"":[]}"
22_00000000000000000000,1,17.070039877745124,2007,"{""type"":""MultiPoint"",""coordinates"":[]}"
22_00000000000000000002,3,11.298064022938947,2007,"{""type"":""MultiPoint"",""coordinates"":[]}"
22_00000000000000000004,5,6.185183082904861,2007,"{""type"":""MultiPoint"",""coordinates"":[]}"
22_00000000000000000006,7,16.678883437596067,2007,"{""type"":""MultiPoint"",""coordinates"":[]}"
22_00000000000000000008,9,0.5934307825954075,2007,"{""type"":""MultiPoint"",""coordinates"":[]}"
22_0000000000000000000a,11,9.54452651263068,2007,"{""type"":""MultiPoint"",""coordinates"":[]}"
22_0000000000000000000c,13,0.6753777608106434,2007,"{""type"":""MultiPoint"",""coordinates"":[]}"
22_0000000000000000000e,15,4.089036946388849,2007,"{""type"":""MultiPoint"",""coordinates"":[]}"
22_00000000000000000010,17,6.755117837228811,2007,"{""type"":""MultiPoint"",""coordinates"":[]}"
22_00000000000000000012,19,1.675572387179027,2007,"{""type"":""MultiPoint"",""coordinates"":[]}"
22_00000000000000000014,21,9.611305962171357,2007,"{""type"":""MultiPoint"",""coordinates"":[]}"
22_00000000000000000016,23,3.8328886816941217,2007,"{""type"":""MultiPoint"",""coordinates"":[]}"
22_00000000000000000018,25,3.9012844071875468,2007,"{""type"":""MultiPoint"",""coordinates"":[]}"
22_0000000000000000001d,30,0.965683689178477,2007,"{""type"":""MultiPoint"",""coordinates"":[]}"
22_0000000000000000001e,31,0.0,2007,"{""type"":""MultiPoint"",""coordinates"":[]}"
22_0000000000000000001f,32,1.5558058254775122,2007,"{""type"":""MultiPoint"",""coordinates"":[]}"
22_00000000000000000021,34,3.097977454678648,2007,"{""type"":""MultiPoint"",""coordinates"":[]}"
22_00000000000000000023,36,0.22862275175039226,2007,"{""type"":""MultiPoint"",""coordinates"":[]}"
22_00000000000000000025,38,0.9052691578651583,2007,"{""type"":""MultiPoint"",""coordinates"":[]}"
22_00000000000000000027,40,1.9059860288253465,2007,"{""type"":""MultiPoint"",""coordinates"":[]}"
22_00000000000000000029,42,0.698690900001196,2007,"{""type"":""MultiPoint"",""coordinates"":[]}"
22_0000000000000000002b,44,7.210446278481991,2007,"{""type"":""MultiPoint"",""coordinates"":[]}"
22_0000000000000000002d,46,2.4816830636438656,2007,"{""type"":""MultiPoint"",""coordinates"":[]}"
22_0000000000000000002e,47,15.017095296379798,2007,"{""type"":""MultiPoint"",""coordinates"":[]}"
22_00000000000000000030,49,1.3966132557186335,2007,"{""type"":""MultiPoint"",""coordinates"":[]}"
22_00000000000000000032,51,6.788902349955477,2007,"{""type"":""MultiPoint"",""coordinates"":[]}"
22_00000000000000000034,53,0.6825302155843109,2007,"{""type"":""MultiPoint"",""coordinates"":[]}"
22_00000000000000000036,55,9.079875637468405,2007,"{""type"":""MultiPoint"",""coordinates"":[]}"
22_00000000000000000038,57,0.8629171750440404,2007,"{""type"":""MultiPoint"",""coordinates"":[]}"
22_0000000000000000003a,59,9.928458252702873,2007,"{""type"":""MultiPoint"",""coordinates"":[]}"
22_0000000000000000003c,61,10.380437400930889,2007,"{""type"":""MultiPoint"",""coordinates"":[]}"
22_0000000000000000003e,63,1.1307671821899414,2007,"{""type"":""MultiPoint"",""coordinates"":[]}"
22_00000000000000000040,65,4.01789229925918,2007,"{""type"":""MultiPoint"",""coordinates"":[]}"
22_00000000000000000042,67,0.7195331041628368,2007,"{""type"":""MultiPoint"",""coordinates"":[]}"
22_00000000000000000044,69,0.04374980871582031,2007,"{""type"":""MultiPoint"",""coordinates"":[]}"
22_00000000000000000045,70,0.0,2007,"{""type"":""MultiPoint"",""coordinates"":[]}"
22_00000000000000000046,71,0.27646975445556643,2007,"{""type"":""MultiPoint"",""coordinates"":[]}"
22_00000000000000000048,73,3.0802664109631173,2007,"{""type"":""MultiPoint"",""coordinates"":[]}"
22_0000000000000000004a,75,5.463900344423984,2007,"{""type"":""MultiPoint"",""coordinates"":[]}"
22_0000000000000000004c,77,5.227574117925401,2007,"{""type"":""MultiPoint"",""coordinates"":[]}"
22_0000000000000000004f,80,7.768944678260434,2007,"{""type"":""MultiPoint"",""coordinates"":[]}"
22_00000000000000000051,82,5.051436369426157,2007,"{""type"":""MultiPoint"",""coordinates"":[]}"
22_00000000000000000053,84,20.826556066317504,2007,"{""type"":""MultiPoint"",""coordinates"":[]}"
22_00000000000000000055,86,0.009500833557128907,2007,"{""type"":""MultiPoint"",""coordinates"":[]}"
22_00000000000000000057,88,10.87490653381279,2007,"{""type"":""MultiPoint"",""coordinates"":[]}"
22_00000000000000000059,90,1.3271111234710091,2007,"{""type"":""MultiPoint"",""coordinates"":[]}"
22_0000000000000000005b,92,6.836697074470273,2007,"{""type"":""MultiPoint"",""coordinates"":[]}"
22_0000000000000000005d,94,61.48086118646754,2007,"{""type"":""MultiPoint"",""coordinates"":[]}"
22_0000000000000000005f,96,133.05903914476778,2007,"{""type"":""MultiPoint"",""coordinates"":[]}"
22_00000000000000000061,98,86.86823642482835,2007,"{""type"":""MultiPoint"",""coordinates"":[]}"
22_00000000000000000063,100,22.327093136697883,2007,"{""type"":""MultiPoint"",""coordinates"":[]}"
22_00000000000000000065,102,57.84395203115827,2007,"{""type"":""MultiPoint"",""coordinates"":[]}"
22_00000000000000000067,104,16.915516499588577,2007,"{""type"":""MultiPoint"",""coordinates"":[]}"
22_0000000000000000006c,109,1.230371233703617,2007,"{""type"":""MultiPoint"",""coordinates"":[]}"
22_0000000000000000006d,110,13.610406212214656,2007,"{""type"":""MultiPoint"",""coordinates"":[]}"
22_0000000000000000006e,111,0.0,2007,"{""type"":""MultiPoint"",""coordinates"":[]}"
22_0000000000000000006f,112,0.0,2007,"{""type"":""MultiPoint"",""coordinates"":[]}"
22_00000000000000000070,113,1.040592164621391,2007,"{""type"":""MultiPoint"",""coordinates"":[]}"
22_00000000000000000072,115,21.142149798796996,2007,"{""type"":""MultiPoint"",""coordinates"":[]}"
22_00000000000000000074,117,1.2602299606569745,2007,"{""type"":""MultiPoint"",""coordinates"":[]}"
22_00000000000000000076,119,0.1588002624387254,2007,"{""type"":""MultiPoint"",""coordinates"":[]}"
22_00000000000000000078,121,10.923891138120165,2007,"{""type"":""MultiPoint"",""coordinates"":[]}"
22_00000000000000000079,122,4.440017618148268,2007,"{""type"":""MultiPoint"",""coordinates"":[]}"
22_0000000000000000007a,123,14.731890600390148,2007,"{""type"":""MultiPoint"",""coordinates"":[]}"
22_0000000000000000007b,124,7.989004625839652,2007,"{""type"":""MultiPoint"",""coordinates"":[]}"
22_0000000000000000007d,126,18.62857955688915,2007,"{""type"":""MultiPoint"",""coordinates"":[]}"
22_0000000000000000007f,128,2.425816032497989,2007,"{""type"":""MultiPoint"",""coordinates"":[]}"
22_00000000000000000081,130,3.6344753746909912,2007,"{""type"":""MultiPoint"",""coordinates"":[]}"
22_00000000000000000083,132,0.30804561263092667,2007,"{""type"":""MultiPoint"",""coordinates"":[]}"
22_00000000000000000085,134,7.811811168618833,2007,"{""type"":""MultiPoint"",""coordinates"":[]}"
22_00000000000000000087,136,0.07699774176025388,2007,"{""type"":""MultiPoint"",""coordinates"":[]}"
22_00000000000000000089,138,0.9444340534167718,2007,"{""type"":""MultiPoint"",""coordinates"":[]}"
22_0000000000000000008b,140,2.556838054508705,2007,"{""type"":""MultiPoint"",""coordinates"":[]}"
22_0000000000000000008c,141,11.286709024573698,2007,"{""type"":""MultiPoint"",""coordinates"":[]}"
22_0000000000000000008d,142,32.89787275116997,2007,"{""type"":""MultiPoint"",""coordinates"":[]}"
22_0000000000000000008e,143,14.769390631054424,2007,"{""type"":""MultiPoint"",""coordinates"":[]}"
22_0000000000000000008f,144,109.5737572772121,2007,"{""type"":""MultiPoint"",""coordinates"":[]}"
23_00000000000000000001,2,4.585527982299808,2008,"{""type"":""MultiPoint"",""coordinates"":[]}"
23_00000000000000000003,4,0.062089326305434275,2008,"{""type"":""MultiPoint"",""coordinates"":[]}"
23_00000000000000000005,6,0.6147170841830415,2008,"{""type"":""MultiPoint"",""coordinates"":[]}"
23_00000000000000000007,8,0.8609812620586293,2008,"{""type"":""MultiPoint"",""coordinates"":[]}"
23_00000000000000000009,10,0.24241642331638596,2008,"{""type"":""MultiPoint"",""coordinates"":[]}"
23_0000000000000000000b,12,0.8319286446056865,2008,"{""type"":""MultiPoint"",""coordinates"":[]}"
23_0000000000000000000d,14,0.702355145255536,2008,"{""type"":""MultiPoint"",""coordinates"":[]}"
23_0000000000000000000f,16,0.679459534235217,2008,"{""type"":""MultiPoint"",""coordinates"":[]}"
23_00000000000000000011,18,2.190994079406735,2008,"{""type"":""MultiPoint"",""coordinates"":[]}"
23_00000000000000000013,20,0.6314082618671497,2008,"{""type"":""MultiPoint"",""coordinates"":[]}"
23_00000000000000000015,22,0.060456555847167956,2008,"{""type"":""MultiPoint"",""coordinates"":[]}"
23_00000000000000000017,24,0.11825039178466804,2008,"{""type"":""MultiPoint"",""coordinates"":[]}"
23_00000000000000000019,26,1.0253983772583029,2008,"{""type"":""MultiPoint"",""coordinates"":[]}"
23_0000000000000000001a,27,0.0,2008,"{""type"":""MultiPoint"",""coordinates"":[]}"
23_0000000000000000001b,28,0.0,2008,"{""type"":""MultiPoint"",""coordinates"":[]}"
23_0000000000000000001c,29,2.9053734861755727,2008,"{""type"":""MultiPoint"",""coordinates"":[]}"
23_00000000000000000020,33,0.01163172119140625,2008,"{""type"":""MultiPoint"",""coordinates"":[]}"
23_00000000000000000022,35,0.0,2008,"{""type"":""MultiPoint"",""coordinates"":[]}"
23_00000000000000000024,37,0.01191409967041016,2008,"{""type"":""MultiPoint"",""coordinates"":[]}"
23_00000000000000000026,39,0.05431225775146484,2008,"{""type"":""MultiPoint"",""coordinates"":[]}"
23_00000000000000000028,41,0.013659947668935737,2008,"{""type"":""MultiPoint"",""coordinates"":[]}"
23_0000000000000000002a,43,0.014622977447509771,2008,"{""type"":""MultiPoint"",""coordinates"":[]}"
23_0000000000000000002c,45,0.0,2008,"{""type"":""MultiPoint"",""coordinates"":[]}"
23_0000000000000000002f,48,0.09802033831787108,2008,"{""type"":""MultiPoint"",""coordinates"":[]}"
23_00000000000000000031,50,0.30834500091552675,2008,"{""type"":""MultiPoint"",""coordinates"":[]}"
23_00000000000000000033,52,0.0,2008,"{""type"":""MultiPoint"",""coordinates"":[]}"
23_00000000000000000035,54,0.03115987884521483,2008,"{""type"":""MultiPoint"",""coordinates"":[]}"
23_00000000000000000037,56,0.15202835101318368,2008,"{""type"":""MultiPoint"",""coordinates"":[]}"
23_00000000000000000039,58,0.04437302911376952,2008,"{""type"":""MultiPoint"",""coordinates"":[]}"
23_0000000000000000003b,60,0.0,2008,"{""type"":""MultiPoint"",""coordinates"":[]}"
23_0000000000000000003d,62,0.024256817565917972,2008,"{""type"":""MultiPoint"",""coordinates"":[]}"
23_0000000000000000003f,64,0.005764519348144532,2008,"{""type"":""MultiPoint"",""coordinates"":[]}"
23_00000000000000000041,66,0.002877564453125,2008,"{""type"":""MultiPoint"",""coordinates"":[]}"
23_00000000000000000043,68,0.03395091601562499,2008,"{""type"":""MultiPoint"",""coordinates"":[]}"
23_00000000000000000047,72,0.005761097167968751,2008,"{""type"":""MultiPoint"",""coordinates"":[]}"
23_00000000000000000049,74,0.02237154077148437,2008,"{""type"":""MultiPoint"",""coordinates"":[]}"
23_0000000000000000004b,76,0.03599064314754711,2008,"{""type"":""MultiPoint"",""coordinates"":[]}"
23_0000000000000000004d,78,0.5378492558593753,2008,"{""type"":""MultiPoint"",""coordinates"":[]}"
23_0000000000000000004e,79,0.0,2008,"{""type"":""MultiPoint"",""coordinates"":[]}"
23_00000000000000000050,81,1.1521349846801763,2008,"{""type"":""MultiPoint"",""coordinates"":[]}"
23_00000000000000000052,83,0.001604230553002451,2008,"{""type"":""MultiPoint"",""coordinates"":[]}"
23_00000000000000000054,85,0.013097590148925784,2008,"{""type"":""MultiPoint"",""coordinates"":[]}"
23_00000000000000000056,87,0.005334881652832031,2008,"{""type"":""MultiPoint"",""coordinates"":[]}"
23_00000000000000000058,89,0.20184562711325157,2008,"{""type"":""MultiPoint"",""coordinates"":[]}"
23_0000000000000000005a,91,0.2751269698471957,2008,"{""type"":""MultiPoint"",""coordinates"":[]}"
23_0000000000000000005c,93,0.13664396706854093,2008,"{""type"":""MultiPoint"",""coordinates"":[]}"
23_0000000000000000005e,95,0.7739313361816403,2008,"{""type"":""MultiPoint"",""coordinates"":[]}"
23_00000000000000000060,97,0.16815469622802737,2008,"{""type"":""MultiPoint"",""coordinates"":[]}"
23_00000000000000000062,99,0.08815183465576172,2008,"{""type"":""MultiPoint"",""coordinates"":[]}"
23_00000000000000000064,101,1.2605920273387172,2008,"{""type"":""MultiPoint"",""coordinates"":[]}"
23_00000000000000000066,103,12.981795473240124,2008,"{""type"":""MultiPoint"",""coordinates"":[]}"
23_00000000000000000068,105,0.09526047064208984,2008,"{""type"":""MultiPoint"",""coordinates"":[]}"
23_00000000000000000069,106,0.1785724951171874,2008,"{""type"":""MultiPoint"",""coordinates"":[]}"
23_0000000000000000006a,107,0.006887543395996092,2008,"{""type"":""MultiPoint"",""coordinates"":[]}"
23_0000000000000000006b,108,0.0,2008,"{""type"":""MultiPoint"",""coordinates"":[]}"
23_00000000000000000071,114,0.29585268658925906,2008,"{""type"":""MultiPoint"",""coordinates"":[]}"
23_00000000000000000073,116,0.24613725334041903,2008,"{""type"":""MultiPoint"",""coordinates"":[]}"
23_00000000000000000075,118,1.2936176789375962,2008,"{""type"":""MultiPoint"",""coordinates"":[]}"
23_00000000000000000077,120,0.07777644305467808,2008,"{""type"":""MultiPoint"",""coordinates"":[]}"
23_0000000000000000007c,125,0.042388818664550784,2008,"{""type"":""MultiPoint"",""coordinates"":[]}"
23_0000000000000000007e,127,0.09804193872070316,2008,"{""type"":""MultiPoint"",""coordinates"":[]}"
23_00000000000000000080,129,0.5888573883056639,2008,"{""type"":""MultiPoint"",""coordinates"":[]}"
23_00000000000000000082,131,0.170518353325339,2008,"{""type"":""MultiPoint"",""coordinates"":[]}"
23_00000000000000000084,133,0.010935671649528952,2008,"{""type"":""MultiPoint"",""coordinates"":[]}"
23_00000000000000000086,135,0.220930536499023,2008,"{""type"":""MultiPoint"",""coordinates"":[]}"
23_00000000000000000088,137,0.0,2008,"{""type"":""MultiPoint"",""coordinates"":[]}"
23_0000000000000000008a,139,0.0,2008,"{""type"":""MultiPoint"",""coordinates"":[]}"
23_00000000000000000000,1,17.089360102267133,2008,"{""type"":""MultiPoint"",""coordinates"":[]}"
23_00000000000000000002,3,11.298335724319061,2008,"{""type"":""MultiPoint"",""coordinates"":[]}"
23_00000000000000000004,5,6.1685596510811305,2008,"{""type"":""MultiPoint"",""coordinates"":[]}"
23_00000000000000000006,7,16.61392354176512,2008,"{""type"":""MultiPoint"",""coordinates"":[]}"
23_00000000000000000008,9,0.6022208928249,2008,"{""type"":""MultiPoint"",""coordinates"":[]}"
23_0000000000000000000a,11,9.50423416051886,2008,"{""type"":""MultiPoint"",""coordinates"":[]}"
23_0000000000000000000c,13,0.6732194411695301,2008,"{""type"":""MultiPoint"",""coordinates"":[]}"
23_0000000000000000000e,15,4.076248859963067,2008,"{""type"":""MultiPoint"",""coordinates"":[]}"
23_00000000000000000010,17,6.735364483591117,2008,"{""type"":""MultiPoint"",""coordinates"":[]}"
23_00000000000000000012,19,1.6465511722742434,2008,"{""type"":""MultiPoint"",""coordinates"":[]}"
23_00000000000000000014,21,9.592230472791474,2008,"{""type"":""MultiPoint"",""coordinates"":[]}"
23_00000000000000000016,23,3.8186151782761524,2008,"{""type"":""MultiPoint"",""coordinates"":[]}"
23_00000000000000000018,25,3.8759509342261205,2008,"{""type"":""MultiPoint"",""coordinates"":[]}"
23_0000000000000000001d,30,0.9591772270813089,2008,"{""type"":""MultiPoint"",""coordinates"":[]}"
23_0000000000000000001e,31,0.0,2008,"{""type"":""MultiPoint"",""coordinates"":[]}"
23_0000000000000000001f,32,1.5907966003798557,2008,"{""type"":""MultiPoint"",""coordinates"":[]}"
23_00000000000000000021,34,3.1270103928500337,2008,"{""type"":""MultiPoint"",""coordinates"":[]}"
23_00000000000000000023,36,0.22862275175039226,2008,"{""type"":""MultiPoint"",""coordinates"":[]}"
23_00000000000000000025,38,0.909754026731125,2008,"{""type"":""MultiPoint"",""coordinates"":[]}"
23_00000000000000000027,40,1.9275022052474655,2008,"{""type"":""MultiPoint"",""coordinates"":[]}"
23_00000000000000000029,42,0.7017054048229735,2008,"{""type"":""MultiPoint"",""coordinates"":[]}"
23_0000000000000000002b,44,7.248242534881948,2008,"{""type"":""MultiPoint"",""coordinates"":[]}"
23_0000000000000000002d,46,2.496147441573553,2008,"{""type"":""MultiPoint"",""coordinates"":[]}"
23_0000000000000000002e,47,15.045373363388023,2008,"{""type"":""MultiPoint"",""coordinates"":[]}"
23_00000000000000000030,49,1.4127561719783985,2008,"{""type"":""MultiPoint"",""coordinates"":[]}"
23_00000000000000000032,51,6.79052813822452,2008,"{""type"":""MultiPoint"",""coordinates"":[]}"
23_00000000000000000034,53,0.6825302155843109,2008,"{""type"":""MultiPoint"",""coordinates"":[]}"
23_00000000000000000036,55,9.089038774187156,2008,"{""type"":""MultiPoint"",""coordinates"":[]}"
23_00000000000000000038,57,0.8617989671582982,2008,"{""type"":""MultiPoint"",""coordinates"":[]}"
23_0000000000000000003a,59,9.907519183245348,2008,"{""type"":""MultiPoint"",""coordinates"":[]}"
23_0000000000000000003c,61,10.390219982595926,2008,"{""type"":""MultiPoint"",""coordinates"":[]}"
23_0000000000000000003e,63,1.1307671821899414,2008,"{""type"":""MultiPoint"",""coordinates"":[]}"
23_00000000000000000040,65,4.013860956729883,2008,"{""type"":""MultiPoint"",""coordinates"":[]}"
23_00000000000000000042,67,0.7091654707399854,2008,"{""type"":""MultiPoint"",""coordinates"":[]}"
23_00000000000000000044,69,0.04374980871582031,2008,"{""type"":""MultiPoint"",""coordinates"":[]}"
23_00000000000000000045,70,0.0,2008,"{""type"":""MultiPoint"",""coordinates"":[]}"
23_00000000000000000046,71,0.2730099024658203,2008,"{""type"":""MultiPoint"",""coordinates"":[]}"
23_00000000000000000048,73,3.1071405569376687,2008,"{""type"":""MultiPoint"",""coordinates"":[]}"
23_0000000000000000004a,75,5.4648584359029995,2008,"{""type"":""MultiPoint"",""coordinates"":[]}"
23_0000000000000000004c,77,5.2400744820611465,2008,"{""type"":""MultiPoint"",""coordinates"":[]}"
23_0000000000000000004f,80,7.791664135291683,2008,"{""type"":""MultiPoint"",""coordinates"":[]}"
23_00000000000000000051,82,5.062484816691782,2008,"{""type"":""MultiPoint"",""coordinates"":[]}"
23_00000000000000000053,84,20.87867884878103,2008,"{""type"":""MultiPoint"",""coordinates"":[]}"
23_00000000000000000055,86,0.009500833557128907,2008,"{""type"":""MultiPoint"",""coordinates"":[]}"
23_00000000000000000057,88,10.879066229918744,2008,"{""type"":""MultiPoint"",""coordinates"":[]}"
23_00000000000000000059,90,1.3259095575530404,2008,"{""type"":""MultiPoint"",""coordinates"":[]}"
23_0000000000000000005b,92,6.843343095832578,2008,"{""type"":""MultiPoint"",""coordinates"":[]}"
23_0000000000000000005d,94,61.378071630212595,2008,"{""type"":""MultiPoint"",""coordinates"":[]}"
23_0000000000000000005f,96,132.8404204849193,2008,"{""type"":""MultiPoint"",""coordinates"":[]}"
23_00000000000000000061,98,86.82725521749191,2008,"{""type"":""MultiPoint"",""coordinates"":[]}"
23_00000000000000000063,100,22.35183477604115,2008,"{""type"":""MultiPoint"",""coordinates"":[]}"
23_00000000000000000065,102,57.90960792782459,2008,"{""type"":""MultiPoint"",""coordinates"":[]}"
23_00000000000000000067,104,16.894811207352262,2008,"{""type"":""MultiPoint"",""coordinates"":[]}"
23_0000000000000000006c,109,1.230371233703617,2008,"{""type"":""MultiPoint"",""coordinates"":[]}"
23_0000000000000000006d,110,13.62756463396759,2008,"{""type"":""MultiPoint"",""coordinates"":[]}"
23_0000000000000000006e,111,0.0,2008,"{""type"":""MultiPoint"",""coordinates"":[]}"
23_0000000000000000006f,112,0.0,2008,"{""type"":""MultiPoint"",""coordinates"":[]}"
23_00000000000000000070,113,1.0358606457004922,2008,"{""type"":""MultiPoint"",""coordinates"":[]}"
23_00000000000000000072,115,21.102004808074337,2008,"{""type"":""MultiPoint"",""coordinates"":[]}"
23_00000000000000000074,117,1.2602285833376385,2008,"{""type"":""MultiPoint"",""coordinates"":[]}"
23_00000000000000000076,119,0.1588002624387254,2008,"{""type"":""MultiPoint"",""coordinates"":[]}"
23_00000000000000000078,121,10.933983447664385,2008,"{""type"":""MultiPoint"",""coordinates"":[]}"
23_00000000000000000079,122,4.443331820662918,2008,"{""type"":""MultiPoint"",""coordinates"":[]}"
23_0000000000000000007a,123,14.63695063707228,2008,"{""type"":""MultiPoint"",""coordinates"":[]}"
23_0000000000000000007b,124,7.966840742966117,2008,"{""type"":""MultiPoint"",""coordinates"":[]}"
23_0000000000000000007d,126,18.636457389174595,2008,"{""type"":""MultiPoint"",""coordinates"":[]}"
23_0000000000000000007f,128,2.414634937466251,2008,"{""type"":""MultiPoint"",""coordinates"":[]}"
23_00000000000000000081,130,3.6109200239829837,2008,"{""type"":""MultiPoint"",""coordinates"":[]}"
23_00000000000000000083,132,0.3104177242031923,2008,"{""type"":""MultiPoint"",""coordinates"":[]}"
23_00000000000000000085,134,7.787372981851253,2008,"{""type"":""MultiPoint"",""coordinates"":[]}"
23_00000000000000000087,136,0.08063414581298828,2008,"{""type"":""MultiPoint"",""coordinates"":[]}"
23_00000000000000000089,138,0.9444340534167718,2008,"{""type"":""MultiPoint"",""coordinates"":[]}"
23_0000000000000000008b,140,2.553201632023354,2008,"{""type"":""MultiPoint"",""coordinates"":[]}"
23_0000000000000000008c,141,11.221883771766084,2008,"{""type"":""MultiPoint"",""coordinates"":[]}"
23_0000000000000000008d,142,32.82214801648979,2008,"{""type"":""MultiPoint"",""coordinates"":[]}"
23_0000000000000000008e,143,14.764133380794728,2008,"{""type"":""MultiPoint"",""coordinates"":[]}"
23_0000000000000000008f,144,109.42001366762896,2008,"{""type"":""MultiPoint"",""coordinates"":[]}"
24_00000000000000000001,2,4.569688702758793,2009,"{""type"":""MultiPoint"",""coordinates"":[]}"
24_00000000000000000003,4,0.06265667817311006,2009,"{""type"":""MultiPoint"",""coordinates"":[]}"
24_00000000000000000005,6,0.6067967118685883,2009,"{""type"":""MultiPoint"",""coordinates"":[]}"
24_00000000000000000007,8,0.8532768515361686,2009,"{""type"":""MultiPoint"",""coordinates"":[]}"
24_00000000000000000009,10,0.24382931105430336,2009,"{""type"":""MultiPoint"",""coordinates"":[]}"
24_0000000000000000000b,12,0.8319287624035379,2009,"{""type"":""MultiPoint"",""coordinates"":[]}"
24_0000000000000000000d,14,0.6975272328409855,2009,"{""type"":""MultiPoint"",""coordinates"":[]}"
24_0000000000000000000f,16,0.6672715605413696,2009,"{""type"":""MultiPoint"",""coordinates"":[]}"
24_00000000000000000011,18,2.1809162801513633,2009,"{""type"":""MultiPoint"",""coordinates"":[]}"
24_00000000000000000013,20,0.6176924899555286,2009,"{""type"":""MultiPoint"",""coordinates"":[]}"
24_00000000000000000015,22,0.0573621680908203,2009,"{""type"":""MultiPoint"",""coordinates"":[]}"
24_00000000000000000017,24,0.11269212695312508,2009,"{""type"":""MultiPoint"",""coordinates"":[]}"
24_00000000000000000019,26,1.016475883514406,2009,"{""type"":""MultiPoint"",""coordinates"":[]}"
24_0000000000000000001a,27,0.0,2009,"{""type"":""MultiPoint"",""coordinates"":[]}"
24_0000000000000000001b,28,0.0,2009,"{""type"":""MultiPoint"",""coordinates"":[]}"
24_0000000000000000001c,29,2.892177689025911,2009,"{""type"":""MultiPoint"",""coordinates"":[]}"
24_00000000000000000020,33,0.01163172119140625,2009,"{""type"":""MultiPoint"",""coordinates"":[]}"
24_00000000000000000022,35,0.0,2009,"{""type"":""MultiPoint"",""coordinates"":[]}"
24_00000000000000000024,37,0.01191409967041016,2009,"{""type"":""MultiPoint"",""coordinates"":[]}"
24_00000000000000000026,39,0.05431225775146484,2009,"{""type"":""MultiPoint"",""coordinates"":[]}"
24_00000000000000000028,41,0.013659947668935737,2009,"{""type"":""MultiPoint"",""coordinates"":[]}"
24_0000000000000000002a,43,0.014622977447509771,2009,"{""type"":""MultiPoint"",""coordinates"":[]}"
24_0000000000000000002c,45,0.0,2009,"{""type"":""MultiPoint"",""coordinates"":[]}"
24_0000000000000000002f,48,0.08839465624999998,2009,"{""type"":""MultiPoint"",""coordinates"":[]}"
24_00000000000000000031,50,0.3067277431640619,2009,"{""type"":""MultiPoint"",""coordinates"":[]}"
24_00000000000000000033,52,0.0,2009,"{""type"":""MultiPoint"",""coordinates"":[]}"
24_00000000000000000035,54,0.03115987884521483,2009,"{""type"":""MultiPoint"",""coordinates"":[]}"
24_00000000000000000037,56,0.13799834918212897,2009,"{""type"":""MultiPoint"",""coordinates"":[]}"
24_00000000000000000039,58,0.04437302911376952,2009,"{""type"":""MultiPoint"",""coordinates"":[]}"
24_0000000000000000003b,60,0.0,2009,"{""type"":""MultiPoint"",""coordinates"":[]}"
24_0000000000000000003d,62,0.024256817565917972,2009,"{""type"":""MultiPoint"",""coordinates"":[]}"
24_0000000000000000003f,64,0.005764519348144532,2009,"{""type"":""MultiPoint"",""coordinates"":[]}"
24_00000000000000000041,66,0.002877564453125,2009,"{""type"":""MultiPoint"",""coordinates"":[]}"
24_00000000000000000043,68,0.03395091601562499,2009,"{""type"":""MultiPoint"",""coordinates"":[]}"
24_00000000000000000047,72,0.005761097167968751,2009,"{""type"":""MultiPoint"",""coordinates"":[]}"
24_00000000000000000049,74,0.02237154077148437,2009,"{""type"":""MultiPoint"",""coordinates"":[]}"
24_0000000000000000004b,76,0.03599064314754711,2009,"{""type"":""MultiPoint"",""coordinates"":[]}"
24_0000000000000000004d,78,0.5402485119628909,2009,"{""type"":""MultiPoint"",""coordinates"":[]}"
24_0000000000000000004e,79,0.0,2009,"{""type"":""MultiPoint"",""coordinates"":[]}"
24_00000000000000000050,81,1.1471736760253908,2009,"{""type"":""MultiPoint"",""coordinates"":[]}"
24_00000000000000000052,83,0.001604230553002451,2009,"{""type"":""MultiPoint"",""coordinates"":[]}"
24_00000000000000000054,85,0.013097590148925784,2009,"{""type"":""MultiPoint"",""coordinates"":[]}"
24_00000000000000000056,87,0.005334881652832031,2009,"{""type"":""MultiPoint"",""coordinates"":[]}"
24_00000000000000000058,89,0.20184562711325157,2009,"{""type"":""MultiPoint"",""coordinates"":[]}"
24_0000000000000000005a,91,0.2751269698471957,2009,"{""type"":""MultiPoint"",""coordinates"":[]}"
24_0000000000000000005c,93,0.14688937490545492,2009,"{""type"":""MultiPoint"",""coordinates"":[]}"
24_0000000000000000005e,95,0.7727010930175778,2009,"{""type"":""MultiPoint"",""coordinates"":[]}"
24_00000000000000000060,97,0.16815469622802737,2009,"{""type"":""MultiPoint"",""coordinates"":[]}"
24_00000000000000000062,99,0.0913455615844727,2009,"{""type"":""MultiPoint"",""coordinates"":[]}"
24_00000000000000000064,101,1.2548887114207485,2009,"{""type"":""MultiPoint"",""coordinates"":[]}"
24_00000000000000000066,103,12.962439899631715,2009,"{""type"":""MultiPoint"",""coordinates"":[]}"
24_00000000000000000068,105,0.09526047064208984,2009,"{""type"":""MultiPoint"",""coordinates"":[]}"
24_00000000000000000069,106,0.18607962573242173,2009,"{""type"":""MultiPoint"",""coordinates"":[]}"
24_0000000000000000006a,107,0.006887543395996092,2009,"{""type"":""MultiPoint"",""coordinates"":[]}"
24_0000000000000000006b,108,0.0,2009,"{""type"":""MultiPoint"",""coordinates"":[]}"
24_00000000000000000071,114,0.29408855798818484,2009,"{""type"":""MultiPoint"",""coordinates"":[]}"
24_00000000000000000073,116,0.2484268076617081,2009,"{""type"":""MultiPoint"",""coordinates"":[]}"
24_00000000000000000075,118,1.2890196867500954,2009,"{""type"":""MultiPoint"",""coordinates"":[]}"
24_00000000000000000077,120,0.07777644305467808,2009,"{""type"":""MultiPoint"",""coordinates"":[]}"
24_0000000000000000007c,125,0.040623313354492194,2009,"{""type"":""MultiPoint"",""coordinates"":[]}"
24_0000000000000000007e,127,0.09804193872070316,2009,"{""type"":""MultiPoint"",""coordinates"":[]}"
24_00000000000000000080,129,0.5817929921874998,2009,"{""type"":""MultiPoint"",""coordinates"":[]}"
24_00000000000000000082,131,0.170518353325339,2009,"{""type"":""MultiPoint"",""coordinates"":[]}"
24_00000000000000000084,133,0.010935671649528952,2009,"{""type"":""MultiPoint"",""coordinates"":[]}"
24_00000000000000000086,135,0.220930536499023,2009,"{""type"":""MultiPoint"",""coordinates"":[]}"
24_00000000000000000088,137,0.0,2009,"{""type"":""MultiPoint"",""coordinates"":[]}"
24_0000000000000000008a,139,0.0,2009,"{""type"":""MultiPoint"",""coordinates"":[]}"
24_00000000000000000000,1,17.094537123150488,2009,"{""type"":""MultiPoint"",""coordinates"":[]}"
24_00000000000000000002,3,11.264971860269483,2009,"{""type"":""MultiPoint"",""coordinates"":[]}"
24_00000000000000000004,5,6.1370723366280036,2009,"{""type"":""MultiPoint"",""coordinates"":[]}"
24_00000000000000000006,7,16.605470588518056,2009,"{""type"":""MultiPoint"",""coordinates"":[]}"
24_00000000000000000008,9,0.5920436657956605,2009,"{""type"":""MultiPoint"",""coordinates"":[]}"
24_0000000000000000000a,11,9.4114940345423,2009,"{""type"":""MultiPoint"",""coordinates"":[]}"
24_0000000000000000000c,13,0.6710611148755847,2009,"{""type"":""MultiPoint"",""coordinates"":[]}"
24_0000000000000000000e,15,4.0714224401022285,2009,"{""type"":""MultiPoint"",""coordinates"":[]}"
24_00000000000000000010,17,6.7073062403337085,2009,"{""type"":""MultiPoint"",""coordinates"":[]}"
24_00000000000000000012,19,1.6440456502094363,2009,"{""type"":""MultiPoint"",""coordinates"":[]}"
24_00000000000000000014,21,9.575781888823133,2009,"{""type"":""MultiPoint"",""coordinates"":[]}"
24_00000000000000000016,23,3.76594487203046,2009,"{""type"":""MultiPoint"",""coordinates"":[]}"
24_00000000000000000018,25,3.8570390429602512,2009,"{""type"":""MultiPoint"",""coordinates"":[]}"
24_0000000000000000001d,30,0.9643326391468822,2009,"{""type"":""MultiPoint"",""coordinates"":[]}"
24_0000000000000000001e,31,0.0,2009,"{""type"":""MultiPoint"",""coordinates"":[]}"
24_0000000000000000001f,32,1.5947417145766332,2009,"{""type"":""MultiPoint"",""coordinates"":[]}"
24_00000000000000000021,34,3.12483839967867,2009,"{""type"":""MultiPoint"",""coordinates"":[]}"
24_00000000000000000023,36,0.24251827665273604,2009,"{""type"":""MultiPoint"",""coordinates"":[]}"
24_00000000000000000025,38,0.921706569699875,2009,"{""type"":""MultiPoint"",""coordinates"":[]}"
24_00000000000000000027,40,1.928745216749481,2009,"{""type"":""MultiPoint"",""coordinates"":[]}"
24_00000000000000000029,42,0.7017054048229735,2009,"{""type"":""MultiPoint"",""coordinates"":[]}"
24_0000000000000000002b,44,7.289040385376332,2009,"{""type"":""MultiPoint"",""coordinates"":[]}"
24_0000000000000000002d,46,2.5167894694666195,2009,"{""type"":""MultiPoint"",""coordinates"":[]}"
24_0000000000000000002e,47,15.051964239320787,2009,"{""type"":""MultiPoint"",""coordinates"":[]}"
24_00000000000000000030,49,1.4127545071224417,2009,"{""type"":""MultiPoint"",""coordinates"":[]}"
24_00000000000000000032,51,6.777216867002716,2009,"{""type"":""MultiPoint"",""coordinates"":[]}"
24_00000000000000000034,53,0.6846729237141937,2009,"{""type"":""MultiPoint"",""coordinates"":[]}"
24_00000000000000000036,55,9.054152360250315,2009,"{""type"":""MultiPoint"",""coordinates"":[]}"
24_00000000000000000038,57,0.852815863642673,2009,"{""type"":""MultiPoint"",""coordinates"":[]}"
24_0000000000000000003a,59,9.890530082659414,2009,"{""type"":""MultiPoint"",""coordinates"":[]}"
24_0000000000000000003c,61,10.40463893633128,2009,"{""type"":""MultiPoint"",""coordinates"":[]}"
24_0000000000000000003e,63,1.1255770031738281,2009,"{""type"":""MultiPoint"",""coordinates"":[]}"
24_00000000000000000040,65,4.001176795719141,2009,"{""type"":""MultiPoint"",""coordinates"":[]}"
24_00000000000000000042,67,0.7068633636843212,2009,"{""type"":""MultiPoint"",""coordinates"":[]}"
24_00000000000000000044,69,0.04374980871582031,2009,"{""type"":""MultiPoint"",""coordinates"":[]}"
24_00000000000000000045,70,0.0,2009,"{""type"":""MultiPoint"",""coordinates"":[]}"
24_00000000000000000046,71,0.2845268548583984,2009,"{""type"":""MultiPoint"",""coordinates"":[]}"
24_00000000000000000048,73,3.1263000441748585,2009,"{""type"":""MultiPoint"",""coordinates"":[]}"
24_0000000000000000004a,75,5.4766641547750705,2009,"{""type"":""MultiPoint"",""coordinates"":[]}"
24_0000000000000000004c,77,5.234108900945423,2009,"{""type"":""MultiPoint"",""coordinates"":[]}"
24_0000000000000000004f,80,7.8045442977672685,2009,"{""type"":""MultiPoint"",""coordinates"":[]}"
24_00000000000000000051,82,5.082019315344223,2009,"{""type"":""MultiPoint"",""coordinates"":[]}"
24_00000000000000000053,84,20.890622035978957,2009,"{""type"":""MultiPoint"",""coordinates"":[]}"
24_00000000000000000055,86,0.009500833557128907,2009,"{""type"":""MultiPoint"",""coordinates"":[]}"
24_00000000000000000057,88,10.881152048724275,2009,"{""type"":""MultiPoint"",""coordinates"":[]}"
24_00000000000000000059,90,1.324705193905579,2009,"{""type"":""MultiPoint"",""coordinates"":[]}"
24_0000000000000000005b,92,6.82588608307623,2009,"{""type"":""MultiPoint"",""coordinates"":[]}"
24_0000000000000000005d,94,61.29043378585236,2009,"{""type"":""MultiPoint"",""coordinates"":[]}"
24_0000000000000000005f,96,132.59845915882934,2009,"{""type"":""MultiPoint"",""coordinates"":[]}"
24_00000000000000000061,98,86.7732420985954,2009,"{""type"":""MultiPoint"",""coordinates"":[]}"
24_00000000000000000063,100,22.367695394327278,2009,"{""type"":""MultiPoint"",""coordinates"":[]}"
24_00000000000000000065,102,57.84519716949542,2009,"{""type"":""MultiPoint"",""coordinates"":[]}"
24_00000000000000000067,104,16.871658477982166,2009,"{""type"":""MultiPoint"",""coordinates"":[]}"
24_0000000000000000006c,109,1.230371233703617,2009,"{""type"":""MultiPoint"",""coordinates"":[]}"
24_0000000000000000006d,110,13.61612569341583,2009,"{""type"":""MultiPoint"",""coordinates"":[]}"
24_0000000000000000006e,111,0.0,2009,"{""type"":""MultiPoint"",""coordinates"":[]}"
24_0000000000000000006f,112,0.0,2009,"{""type"":""MultiPoint"",""coordinates"":[]}"
24_00000000000000000070,113,1.033495558115043,2009,"{""type"":""MultiPoint"",""coordinates"":[]}"
24_00000000000000000072,115,21.073058847686156,2009,"{""type"":""MultiPoint"",""coordinates"":[]}"
24_00000000000000000074,117,1.2499089697512125,2009,"{""type"":""MultiPoint"",""coordinates"":[]}"
24_00000000000000000076,119,0.1588002624387254,2009,"{""type"":""MultiPoint"",""coordinates"":[]}"
24_00000000000000000078,121,10.936146936739092,2009,"{""type"":""MultiPoint"",""coordinates"":[]}"
24_00000000000000000079,122,4.446818130782545,2009,"{""type"":""MultiPoint"",""coordinates"":[]}"
24_0000000000000000007a,123,14.543840392300005,2009,"{""type"":""MultiPoint"",""coordinates"":[]}"
24_0000000000000000007b,124,7.95004882121319,2009,"{""type"":""MultiPoint"",""coordinates"":[]}"
24_0000000000000000007d,126,18.618244184523714,2009,"{""type"":""MultiPoint"",""coordinates"":[]}"
24_0000000000000000007f,128,2.381751160061466,2009,"{""type"":""MultiPoint"",""coordinates"":[]}"
24_00000000000000000081,130,3.6085952740440184,2009,"{""type"":""MultiPoint"",""coordinates"":[]}"
24_00000000000000000083,132,0.3104177242031923,2009,"{""type"":""MultiPoint"",""coordinates"":[]}"
24_00000000000000000085,134,7.7153791103302565,2009,"{""type"":""MultiPoint"",""coordinates"":[]}"
24_00000000000000000087,136,0.08063414581298828,2009,"{""type"":""MultiPoint"",""coordinates"":[]}"
24_00000000000000000089,138,0.9322909930530022,2009,"{""type"":""MultiPoint"",""coordinates"":[]}"
24_0000000000000000008b,140,2.5519917837567516,2009,"{""type"":""MultiPoint"",""coordinates"":[]}"
24_0000000000000000008c,141,11.201863880286592,2009,"{""type"":""MultiPoint"",""coordinates"":[]}"
24_0000000000000000008d,142,32.76777238957353,2009,"{""type"":""MultiPoint"",""coordinates"":[]}"
24_0000000000000000008e,143,14.76840846038122,2009,"{""type"":""MultiPoint"",""coordinates"":[]}"
24_0000000000000000008f,144,109.21915995378123,2009,"{""type"":""MultiPoint"",""coordinates"":[]}"
25_00000000000000000001,2,4.572659538513187,2010,"{""type"":""MultiPoint"",""coordinates"":[]}"
25_00000000000000000003,4,0.06492773383717257,2010,"{""type"":""MultiPoint"",""coordinates"":[]}"
25_00000000000000000005,6,0.6124556607821626,2010,"{""type"":""MultiPoint"",""coordinates"":[]}"
25_00000000000000000007,8,0.8532768515361686,2010,"{""type"":""MultiPoint"",""coordinates"":[]}"
25_00000000000000000009,10,0.24470133234336583,2010,"{""type"":""MultiPoint"",""coordinates"":[]}"
25_0000000000000000000b,12,0.836260149793675,2010,"{""type"":""MultiPoint"",""coordinates"":[]}"
25_0000000000000000000d,14,0.7028922798380558,2010,"{""type"":""MultiPoint"",""coordinates"":[]}"
25_0000000000000000000f,16,0.6736294440862911,2010,"{""type"":""MultiPoint"",""coordinates"":[]}"
25_00000000000000000011,18,2.1787908187866183,2010,"{""type"":""MultiPoint"",""coordinates"":[]}"
25_00000000000000000013,20,0.6445735852924425,2010,"{""type"":""MultiPoint"",""coordinates"":[]}"
25_00000000000000000015,22,0.05322698242187498,2010,"{""type"":""MultiPoint"",""coordinates"":[]}"
25_00000000000000000017,24,0.10966010739135745,2010,"{""type"":""MultiPoint"",""coordinates"":[]}"
25_00000000000000000019,26,1.0313402168884294,2010,"{""type"":""MultiPoint"",""coordinates"":[]}"
25_0000000000000000001a,27,0.0,2010,"{""type"":""MultiPoint"",""coordinates"":[]}"
25_0000000000000000001b,28,0.0,2010,"{""type"":""MultiPoint"",""coordinates"":[]}"
25_0000000000000000001c,29,2.8808639450683957,2010,"{""type"":""MultiPoint"",""coordinates"":[]}"
25_00000000000000000020,33,0.01163172119140625,2010,"{""type"":""MultiPoint"",""coordinates"":[]}"
25_00000000000000000022,35,0.0,2010,"{""type"":""MultiPoint"",""coordinates"":[]}"
25_00000000000000000024,37,0.01191409967041016,2010,"{""type"":""MultiPoint"",""coordinates"":[]}"
25_00000000000000000026,39,0.05431225775146484,2010,"{""type"":""MultiPoint"",""coordinates"":[]}"
25_00000000000000000028,41,0.013659947668935737,2010,"{""type"":""MultiPoint"",""coordinates"":[]}"
25_0000000000000000002a,43,0.01512762881469727,2010,"{""type"":""MultiPoint"",""coordinates"":[]}"
25_0000000000000000002c,45,0.0,2010,"{""type"":""MultiPoint"",""coordinates"":[]}"
25_0000000000000000002f,48,0.08839465624999998,2010,"{""type"":""MultiPoint"",""coordinates"":[]}"
25_00000000000000000031,50,0.3067277431640619,2010,"{""type"":""MultiPoint"",""coordinates"":[]}"
25_00000000000000000033,52,0.0,2010,"{""type"":""MultiPoint"",""coordinates"":[]}"
25_00000000000000000035,54,0.02632424359130858,2010,"{""type"":""MultiPoint"",""coordinates"":[]}"
25_00000000000000000037,56,0.13799834918212897,2010,"{""type"":""MultiPoint"",""coordinates"":[]}"
25_00000000000000000039,58,0.04437302911376952,2010,"{""type"":""MultiPoint"",""coordinates"":[]}"
25_0000000000000000003b,60,0.0,2010,"{""type"":""MultiPoint"",""coordinates"":[]}"
25_0000000000000000003d,62,0.024256817565917972,2010,"{""type"":""MultiPoint"",""coordinates"":[]}"
25_0000000000000000003f,64,0.005764519348144532,2010,"{""type"":""MultiPoint"",""coordinates"":[]}"
25_00000000000000000041,66,0.002877564453125,2010,"{""type"":""MultiPoint"",""coordinates"":[]}"
25_00000000000000000043,68,0.03395091601562499,2010,"{""type"":""MultiPoint"",""coordinates"":[]}"
25_00000000000000000047,72,0.005761097167968751,2010,"{""type"":""MultiPoint"",""coordinates"":[]}"
25_00000000000000000049,74,0.02237154077148437,2010,"{""type"":""MultiPoint"",""coordinates"":[]}"
25_0000000000000000004b,76,0.03599064314754711,2010,"{""type"":""MultiPoint"",""coordinates"":[]}"
25_0000000000000000004d,78,0.5438466090698246,2010,"{""type"":""MultiPoint"",""coordinates"":[]}"
25_0000000000000000004e,79,0.0,2010,"{""type"":""MultiPoint"",""coordinates"":[]}"
25_00000000000000000050,81,1.1378941892089847,2010,"{""type"":""MultiPoint"",""coordinates"":[]}"
25_00000000000000000052,83,0.001604230553002451,2010,"{""type"":""MultiPoint"",""coordinates"":[]}"
25_00000000000000000054,85,0.013097590148925784,2010,"{""type"":""MultiPoint"",""coordinates"":[]}"
25_00000000000000000056,87,0.007113156555175782,2010,"{""type"":""MultiPoint"",""coordinates"":[]}"
25_00000000000000000058,89,0.20184562711325157,2010,"{""type"":""MultiPoint"",""coordinates"":[]}"
25_0000000000000000005a,91,0.28112692089700037,2010,"{""type"":""MultiPoint"",""coordinates"":[]}"
25_0000000000000000005c,93,0.14688937490545492,2010,"{""type"":""MultiPoint"",""coordinates"":[]}"
25_0000000000000000005e,95,0.7727010930175778,2010,"{""type"":""MultiPoint"",""coordinates"":[]}"
25_00000000000000000060,97,0.16815469622802737,2010,"{""type"":""MultiPoint"",""coordinates"":[]}"
25_00000000000000000062,99,0.09262305938720707,2010,"{""type"":""MultiPoint"",""coordinates"":[]}"
25_00000000000000000064,101,1.2586969236399872,2010,"{""type"":""MultiPoint"",""coordinates"":[]}"
25_00000000000000000066,103,14.223751472446661,2010,"{""type"":""MultiPoint"",""coordinates"":[]}"
25_00000000000000000068,105,0.09336289556884765,2010,"{""type"":""MultiPoint"",""coordinates"":[]}"
25_00000000000000000069,106,0.18545310620117175,2010,"{""type"":""MultiPoint"",""coordinates"":[]}"
25_0000000000000000006a,107,0.006887543395996092,2010,"{""type"":""MultiPoint"",""coordinates"":[]}"
25_0000000000000000006b,108,0.0,2010,"{""type"":""MultiPoint"",""coordinates"":[]}"
25_00000000000000000071,114,0.29408855798818484,2010,"{""type"":""MultiPoint"",""coordinates"":[]}"
25_00000000000000000073,116,0.2484268076617081,2010,"{""type"":""MultiPoint"",""coordinates"":[]}"
25_00000000000000000075,118,1.2890196867500954,2010,"{""type"":""MultiPoint"",""coordinates"":[]}"
25_00000000000000000077,120,0.07893382843065466,2010,"{""type"":""MultiPoint"",""coordinates"":[]}"
25_0000000000000000007c,125,0.040623313354492194,2010,"{""type"":""MultiPoint"",""coordinates"":[]}"
25_0000000000000000007e,127,0.09804193872070316,2010,"{""type"":""MultiPoint"",""coordinates"":[]}"
25_00000000000000000080,129,0.5817929921874998,2010,"{""type"":""MultiPoint"",""coordinates"":[]}"
25_00000000000000000082,131,0.170518353325339,2010,"{""type"":""MultiPoint"",""coordinates"":[]}"
25_00000000000000000084,133,0.013909759845329736,2010,"{""type"":""MultiPoint"",""coordinates"":[]}"
25_00000000000000000086,135,0.22335084765624963,2010,"{""type"":""MultiPoint"",""coordinates"":[]}"
25_00000000000000000088,137,0.0,2010,"{""type"":""MultiPoint"",""coordinates"":[]}"
25_0000000000000000008a,139,0.0,2010,"{""type"":""MultiPoint"",""coordinates"":[]}"
25_00000000000000000000,1,17.132397080330627,2010,"{""type"":""MultiPoint"",""coordinates"":[]}"
25_00000000000000000002,3,11.265301886697708,2010,"{""type"":""MultiPoint"",""coordinates"":[]}"
25_00000000000000000004,5,6.150815175861404,2010,"{""type"":""MultiPoint"",""coordinates"":[]}"
25_00000000000000000006,7,16.543662606584455,2010,"{""type"":""MultiPoint"",""coordinates"":[]}"
25_00000000000000000008,9,0.5834610600502177,2010,"{""type"":""MultiPoint"",""coordinates"":[]}"
25_0000000000000000000a,11,9.400729441280582,2010,"{""type"":""MultiPoint"",""coordinates"":[]}"
25_0000000000000000000c,13,0.6699821418531238,2010,"{""type"":""MultiPoint"",""coordinates"":[]}"
25_0000000000000000000e,15,4.068240549721368,2010,"{""type"":""MultiPoint"",""coordinates"":[]}"
25_00000000000000000010,17,6.691878500160368,2010,"{""type"":""MultiPoint"",""coordinates"":[]}"
25_00000000000000000012,19,1.6435188344745728,2010,"{""type"":""MultiPoint"",""coordinates"":[]}"
25_00000000000000000014,21,9.570414733366592,2010,"{""type"":""MultiPoint"",""coordinates"":[]}"
25_00000000000000000016,23,3.746986557180608,2010,"{""type"":""MultiPoint"",""coordinates"":[]}"
25_00000000000000000018,25,3.8652635657854844,2010,"{""type"":""MultiPoint"",""coordinates"":[]}"
25_0000000000000000001d,30,0.9596869109364333,2010,"{""type"":""MultiPoint"",""coordinates"":[]}"
25_0000000000000000001e,31,0.0,2010,"{""type"":""MultiPoint"",""coordinates"":[]}"
25_0000000000000000001f,32,1.6344326468581274,2010,"{""type"":""MultiPoint"",""coordinates"":[]}"
25_00000000000000000021,34,3.1463928576254467,2010,"{""type"":""MultiPoint"",""coordinates"":[]}"
25_00000000000000000023,36,0.25391818027822444,2010,"{""type"":""MultiPoint"",""coordinates"":[]}"
25_00000000000000000025,38,0.9256913797889862,2010,"{""type"":""MultiPoint"",""coordinates"":[]}"
25_00000000000000000027,40,1.957729204634003,2010,"{""type"":""MultiPoint"",""coordinates"":[]}"
25_00000000000000000029,42,0.7067250583874266,2010,"{""type"":""MultiPoint"",""coordinates"":[]}"
25_0000000000000000002b,44,7.31805985238683,2010,"{""type"":""MultiPoint"",""coordinates"":[]}"
25_0000000000000000002d,46,2.528199970037001,2010,"{""type"":""MultiPoint"",""coordinates"":[]}"
25_0000000000000000002e,47,15.06554153088573,2010,"{""type"":""MultiPoint"",""coordinates"":[]}"
25_00000000000000000030,49,1.4149075391048633,2010,"{""type"":""MultiPoint"",""coordinates"":[]}"
25_00000000000000000032,51,6.774642974668731,2010,"{""type"":""MultiPoint"",""coordinates"":[]}"
25_00000000000000000034,53,0.6814615793538421,2010,"{""type"":""MultiPoint"",""coordinates"":[]}"
25_00000000000000000036,55,9.042108221151194,2010,"{""type"":""MultiPoint"",""coordinates"":[]}"
25_00000000000000000038,57,0.852815863642673,2010,"{""type"":""MultiPoint"",""coordinates"":[]}"
25_0000000000000000003a,59,9.893423923845932,2010,"{""type"":""MultiPoint"",""coordinates"":[]}"
25_0000000000000000003c,61,10.406932262869365,2010,"{""type"":""MultiPoint"",""coordinates"":[]}"
25_0000000000000000003e,63,1.1267306286010745,2010,"{""type"":""MultiPoint"",""coordinates"":[]}"
25_00000000000000000040,65,3.9919626372108405,2010,"{""type"":""MultiPoint"",""coordinates"":[]}"
25_00000000000000000042,67,0.6907436215578567,2010,"{""type"":""MultiPoint"",""coordinates"":[]}"
25_00000000000000000044,69,0.04374980871582031,2010,"{""type"":""MultiPoint"",""coordinates"":[]}"
25_00000000000000000045,70,0.0,2010,"{""type"":""MultiPoint"",""coordinates"":[]}"
25_00000000000000000046,71,0.2833754046630859,2010,"{""type"":""MultiPoint"",""coordinates"":[]}"
25_00000000000000000048,73,3.134949494858453,2010,"{""type"":""MultiPoint"",""coordinates"":[]}"
25_0000000000000000004a,75,5.478139681188449,2010,"{""type"":""MultiPoint"",""coordinates"":[]}"
25_0000000000000000004c,77,5.236500923833606,2010,"{""type"":""MultiPoint"",""coordinates"":[]}"
25_0000000000000000004f,80,7.796009517310722,2010,"{""type"":""MultiPoint"",""coordinates"":[]}"
25_00000000000000000051,82,5.085718662084948,2010,"{""type"":""MultiPoint"",""coordinates"":[]}"
25_00000000000000000053,84,20.94296188510005,2010,"{""type"":""MultiPoint"",""coordinates"":[]}"
25_00000000000000000055,86,0.009500833557128907,2010,"{""type"":""MultiPoint"",""coordinates"":[]}"
25_00000000000000000057,88,10.867059726255201,2010,"{""type"":""MultiPoint"",""coordinates"":[]}"
25_00000000000000000059,90,1.3259067878386848,2010,"{""type"":""MultiPoint"",""coordinates"":[]}"
25_0000000000000000005b,92,6.8307017517774025,2010,"{""type"":""MultiPoint"",""coordinates"":[]}"
25_0000000000000000005d,94,61.390144578195944,2010,"{""type"":""MultiPoint"",""coordinates"":[]}"
25_0000000000000000005f,96,132.40755922689735,2010,"{""type"":""MultiPoint"",""coordinates"":[]}"
25_00000000000000000061,98,86.74874091725998,2010,"{""type"":""MultiPoint"",""coordinates"":[]}"
25_00000000000000000063,100,22.37722465629017,2010,"{""type"":""MultiPoint"",""coordinates"":[]}"
25_00000000000000000065,102,57.806035151164586,2010,"{""type"":""MultiPoint"",""coordinates"":[]}"
25_00000000000000000067,104,16.874179522965058,2010,"{""type"":""MultiPoint"",""coordinates"":[]}"
25_0000000000000000006c,109,1.2278353451538129,2010,"{""type"":""MultiPoint"",""coordinates"":[]}"
25_0000000000000000006d,110,13.620546208125308,2010,"{""type"":""MultiPoint"",""coordinates"":[]}"
25_0000000000000000006e,111,0.0,2010,"{""type"":""MultiPoint"",""coordinates"":[]}"
25_0000000000000000006f,112,0.0,2010,"{""type"":""MultiPoint"",""coordinates"":[]}"
25_00000000000000000070,113,1.0228152795505896,2010,"{""type"":""MultiPoint"",""coordinates"":[]}"
25_00000000000000000072,115,21.002611611833387,2010,"{""type"":""MultiPoint"",""coordinates"":[]}"
25_00000000000000000074,117,1.2522149609621502,2010,"{""type"":""MultiPoint"",""coordinates"":[]}"
25_00000000000000000076,119,0.1588002624387254,2010,"{""type"":""MultiPoint"",""coordinates"":[]}"
25_00000000000000000078,121,10.9375214567378,2010,"{""type"":""MultiPoint"",""coordinates"":[]}"
25_00000000000000000079,122,4.437305759627759,2010,"{""type"":""MultiPoint"",""coordinates"":[]}"
25_0000000000000000007a,123,14.48130284591328,2010,"{""type"":""MultiPoint"",""coordinates"":[]}"
25_0000000000000000007b,124,7.9411115987400445,2010,"{""type"":""MultiPoint"",""coordinates"":[]}"
25_0000000000000000007d,126,18.632739459365023,2010,"{""type"":""MultiPoint"",""coordinates"":[]}"
25_0000000000000000007f,128,2.3682201333891024,2010,"{""type"":""MultiPoint"",""coordinates"":[]}"
25_00000000000000000081,130,3.5997685936240966,2010,"{""type"":""MultiPoint"",""coordinates"":[]}"
25_00000000000000000083,132,0.3068551524258485,2010,"{""type"":""MultiPoint"",""coordinates"":[]}"
25_00000000000000000085,134,7.678386275308284,2010,"{""type"":""MultiPoint"",""coordinates"":[]}"
25_00000000000000000087,136,0.08063414581298828,2010,"{""type"":""MultiPoint"",""coordinates"":[]}"
25_00000000000000000089,138,0.9255959660754632,2010,"{""type"":""MultiPoint"",""coordinates"":[]}"
25_0000000000000000008b,140,2.5465235491986458,2010,"{""type"":""MultiPoint"",""coordinates"":[]}"
25_0000000000000000008c,141,11.160081947242162,2010,"{""type"":""MultiPoint"",""coordinates"":[]}"
25_0000000000000000008d,142,32.683713746576295,2010,"{""type"":""MultiPoint"",""coordinates"":[]}"
25_0000000000000000008e,143,14.750671237541857,2010,"{""type"":""MultiPoint"",""coordinates"":[]}"
25_0000000000000000008f,144,109.06020951822438,2010,"{""type"":""MultiPoint"",""coordinates"":[]}"
26_00000000000000000001,2,4.49682032086182,2011,"{""type"":""MultiPoint"",""coordinates"":[]}"
26_00000000000000000003,4,0.062089447216078814,2011,"{""type"":""MultiPoint"",""coordinates"":[]}"
26_00000000000000000005,6,0.6012922866407235,2011,"{""type"":""MultiPoint"",""coordinates"":[]}"
26_00000000000000000007,8,0.8543774032939812,2011,"{""type"":""MultiPoint"",""coordinates"":[]}"
26_00000000000000000009,10,0.22219147651127738,2011,"{""type"":""MultiPoint"",""coordinates"":[]}"
26_0000000000000000000b,12,0.837339443250706,2011,"{""type"":""MultiPoint"",""coordinates"":[]}"
26_0000000000000000000d,14,0.6870707271551407,2011,"{""type"":""MultiPoint"",""coordinates"":[]}"
26_0000000000000000000f,16,0.6715111830999637,2011,"{""type"":""MultiPoint"",""coordinates"":[]}"
26_00000000000000000011,18,2.1628795643310545,2011,"{""type"":""MultiPoint"",""coordinates"":[]}"
26_00000000000000000013,20,0.6356112453876575,2011,"{""type"":""MultiPoint"",""coordinates"":[]}"
26_00000000000000000015,22,0.05322698242187498,2011,"{""type"":""MultiPoint"",""coordinates"":[]}"
26_00000000000000000017,24,0.10157489285278322,2011,"{""type"":""MultiPoint"",""coordinates"":[]}"
26_00000000000000000019,26,1.0229146022338884,2011,"{""type"":""MultiPoint"",""coordinates"":[]}"
26_0000000000000000001a,27,0.0,2011,"{""type"":""MultiPoint"",""coordinates"":[]}"
26_0000000000000000001b,28,0.0,2011,"{""type"":""MultiPoint"",""coordinates"":[]}"
26_0000000000000000001c,29,2.858242066375773,2011,"{""type"":""MultiPoint"",""coordinates"":[]}"
26_00000000000000000020,33,0.01163172119140625,2011,"{""type"":""MultiPoint"",""coordinates"":[]}"
26_00000000000000000022,35,0.0,2011,"{""type"":""MultiPoint"",""coordinates"":[]}"
26_00000000000000000024,37,0.01191409967041016,2011,"{""type"":""MultiPoint"",""coordinates"":[]}"
26_00000000000000000026,39,0.05431225775146484,2011,"{""type"":""MultiPoint"",""coordinates"":[]}"
26_00000000000000000028,41,0.013659947668935737,2011,"{""type"":""MultiPoint"",""coordinates"":[]}"
26_0000000000000000002a,43,0.01512762881469727,2011,"{""type"":""MultiPoint"",""coordinates"":[]}"
26_0000000000000000002c,45,0.0,2011,"{""type"":""MultiPoint"",""coordinates"":[]}"
26_0000000000000000002f,48,0.08839465624999998,2011,"{""type"":""MultiPoint"",""coordinates"":[]}"
26_00000000000000000031,50,0.3067277431640619,2011,"{""type"":""MultiPoint"",""coordinates"":[]}"
26_00000000000000000033,52,0.0,2011,"{""type"":""MultiPoint"",""coordinates"":[]}"
26_00000000000000000035,54,0.02632424359130858,2011,"{""type"":""MultiPoint"",""coordinates"":[]}"
26_00000000000000000037,56,0.1363152237548829,2011,"{""type"":""MultiPoint"",""coordinates"":[]}"
26_00000000000000000039,58,0.04549604827880858,2011,"{""type"":""MultiPoint"",""coordinates"":[]}"
26_0000000000000000003b,60,0.0,2011,"{""type"":""MultiPoint"",""coordinates"":[]}"
26_0000000000000000003d,62,0.024256817565917972,2011,"{""type"":""MultiPoint"",""coordinates"":[]}"
26_0000000000000000003f,64,0.005764519348144532,2011,"{""type"":""MultiPoint"",""coordinates"":[]}"
26_00000000000000000041,66,0.002877564453125,2011,"{""type"":""MultiPoint"",""coordinates"":[]}"
26_00000000000000000043,68,0.03395091601562499,2011,"{""type"":""MultiPoint"",""coordinates"":[]}"
26_00000000000000000047,72,0.005761097167968751,2011,"{""type"":""MultiPoint"",""coordinates"":[]}"
26_00000000000000000049,74,0.010597303710937499,2011,"{""type"":""MultiPoint"",""coordinates"":[]}"
26_0000000000000000004b,76,0.03599064314754711,2011,"{""type"":""MultiPoint"",""coordinates"":[]}"
26_0000000000000000004d,78,0.5456454653320317,2011,"{""type"":""MultiPoint"",""coordinates"":[]}"
26_0000000000000000004e,79,0.0,2011,"{""type"":""MultiPoint"",""coordinates"":[]}"
26_00000000000000000050,81,1.141038669067383,2011,"{""type"":""MultiPoint"",""coordinates"":[]}"
26_00000000000000000052,83,0.001604230553002451,2011,"{""type"":""MultiPoint"",""coordinates"":[]}"
26_00000000000000000054,85,0.013097590148925784,2011,"{""type"":""MultiPoint"",""coordinates"":[]}"
26_00000000000000000056,87,0.007113156555175782,2011,"{""type"":""MultiPoint"",""coordinates"":[]}"
26_00000000000000000058,89,0.20184562711325157,2011,"{""type"":""MultiPoint"",""coordinates"":[]}"
26_0000000000000000005a,91,0.2829269296860629,2011,"{""type"":""MultiPoint"",""coordinates"":[]}"
26_0000000000000000005c,93,0.1342320770538925,2011,"{""type"":""MultiPoint"",""coordinates"":[]}"
26_0000000000000000005e,95,0.7720859317016598,2011,"{""type"":""MultiPoint"",""coordinates"":[]}"
26_00000000000000000060,97,0.16815469622802737,2011,"{""type"":""MultiPoint"",""coordinates"":[]}"
26_00000000000000000062,99,0.0983755223999024,2011,"{""type"":""MultiPoint"",""coordinates"":[]}"
26_00000000000000000064,101,1.2631318560740687,2011,"{""type"":""MultiPoint"",""coordinates"":[]}"
26_00000000000000000066,103,14.219427457920293,2011,"{""type"":""MultiPoint"",""coordinates"":[]}"
26_00000000000000000068,105,0.09273049237060546,2011,"{""type"":""MultiPoint"",""coordinates"":[]}"
26_00000000000000000069,106,0.18044111132812488,2011,"{""type"":""MultiPoint"",""coordinates"":[]}"
26_0000000000000000006a,107,0.0018781629638671875,2011,"{""type"":""MultiPoint"",""coordinates"":[]}"
26_0000000000000000006b,108,0.0,2011,"{""type"":""MultiPoint"",""coordinates"":[]}"
26_00000000000000000071,114,0.29408855798818484,2011,"{""type"":""MultiPoint"",""coordinates"":[]}"
26_00000000000000000073,116,0.2484268076617081,2011,"{""type"":""MultiPoint"",""coordinates"":[]}"
26_00000000000000000075,118,1.2907441456124003,2011,"{""type"":""MultiPoint"",""coordinates"":[]}"
26_00000000000000000077,120,0.07893382843065466,2011,"{""type"":""MultiPoint"",""coordinates"":[]}"
26_0000000000000000007c,125,0.040623313354492194,2011,"{""type"":""MultiPoint"",""coordinates"":[]}"
26_0000000000000000007e,127,0.09804193872070316,2011,"{""type"":""MultiPoint"",""coordinates"":[]}"
26_00000000000000000080,129,0.584152664550781,2011,"{""type"":""MultiPoint"",""coordinates"":[]}"
26_00000000000000000082,131,0.170518353325339,2011,"{""type"":""MultiPoint"",""coordinates"":[]}"
26_00000000000000000084,133,0.013909759845329736,2011,"{""type"":""MultiPoint"",""coordinates"":[]}"
26_00000000000000000086,135,0.2215347171630855,2011,"{""type"":""MultiPoint"",""coordinates"":[]}"
26_00000000000000000088,137,0.0,2011,"{""type"":""MultiPoint"",""coordinates"":[]}"
26_0000000000000000008a,139,0.0,2011,"{""type"":""MultiPoint"",""coordinates"":[]}"
26_00000000000000000000,1,17.12201041178982,2011,"{""type"":""MultiPoint"",""coordinates"":[]}"
26_00000000000000000002,3,11.255234199563922,2011,"{""type"":""MultiPoint"",""coordinates"":[]}"
26_00000000000000000004,5,6.12901753529337,2011,"{""type"":""MultiPoint"",""coordinates"":[]}"
26_00000000000000000006,7,16.488011233720684,2011,"{""type"":""MultiPoint"",""coordinates"":[]}"
26_00000000000000000008,9,0.5830422974709917,2011,"{""type"":""MultiPoint"",""coordinates"":[]}"
26_0000000000000000000a,11,9.346589645748358,2011,"{""type"":""MultiPoint"",""coordinates"":[]}"
26_0000000000000000000c,13,0.6653921364916042,2011,"{""type"":""MultiPoint"",""coordinates"":[]}"
26_0000000000000000000e,15,4.060239858315118,2011,"{""type"":""MultiPoint"",""coordinates"":[]}"
26_00000000000000000010,17,6.6577620389787295,2011,"{""type"":""MultiPoint"",""coordinates"":[]}"
26_00000000000000000012,19,1.6429917251606079,2011,"{""type"":""MultiPoint"",""coordinates"":[]}"
26_00000000000000000014,21,9.527495684904675,2011,"{""type"":""MultiPoint"",""coordinates"":[]}"
26_00000000000000000016,23,3.734752052114689,2011,"{""type"":""MultiPoint"",""coordinates"":[]}"
26_00000000000000000018,25,3.855421852711754,2011,"{""type"":""MultiPoint"",""coordinates"":[]}"
26_0000000000000000001d,30,0.9620128812123131,2011,"{""type"":""MultiPoint"",""coordinates"":[]}"
26_0000000000000000001e,31,0.0,2011,"{""type"":""MultiPoint"",""coordinates"":[]}"
26_0000000000000000001f,32,1.6261760037001685,2011,"{""type"":""MultiPoint"",""coordinates"":[]}"
26_00000000000000000021,34,3.1629960792584604,2011,"{""type"":""MultiPoint"",""coordinates"":[]}"
26_00000000000000000023,36,0.25391818027822444,2011,"{""type"":""MultiPoint"",""coordinates"":[]}"
26_00000000000000000025,38,0.9361380429054413,2011,"{""type"":""MultiPoint"",""coordinates"":[]}"
26_00000000000000000027,40,1.9647387365248723,2011,"{""type"":""MultiPoint"",""coordinates"":[]}"
26_00000000000000000029,42,0.7082388949657957,2011,"{""type"":""MultiPoint"",""coordinates"":[]}"
26_0000000000000000002b,44,7.355156433472036,2011,"{""type"":""MultiPoint"",""coordinates"":[]}"
26_0000000000000000002d,46,2.552466900273817,2011,"{""type"":""MultiPoint"",""coordinates"":[]}"
26_0000000000000000002e,47,15.070662751377737,2011,"{""type"":""MultiPoint"",""coordinates"":[]}"
26_00000000000000000030,49,1.4165223545345509,2011,"{""type"":""MultiPoint"",""coordinates"":[]}"
26_00000000000000000032,51,6.75642183367752,2011,"{""type"":""MultiPoint"",""coordinates"":[]}"
26_00000000000000000034,53,0.6836022996907561,2011,"{""type"":""MultiPoint"",""coordinates"":[]}"
26_00000000000000000036,55,9.022038455770337,2011,"{""type"":""MultiPoint"",""coordinates"":[]}"
26_00000000000000000038,57,0.852815863642673,2011,"{""type"":""MultiPoint"",""coordinates"":[]}"
26_0000000000000000003a,59,9.897322075850996,2011,"{""type"":""MultiPoint"",""coordinates"":[]}"
26_0000000000000000003c,61,10.423645461111553,2011,"{""type"":""MultiPoint"",""coordinates"":[]}"
26_0000000000000000003e,63,1.1353778376464845,2011,"{""type"":""MultiPoint"",""coordinates"":[]}"
26_00000000000000000040,65,3.988892696647115,2011,"{""type"":""MultiPoint"",""coordinates"":[]}"
26_00000000000000000042,67,0.6832599207521927,2011,"{""type"":""MultiPoint"",""coordinates"":[]}"
26_00000000000000000044,69,0.041447288818359365,2011,"{""type"":""MultiPoint"",""coordinates"":[]}"
26_00000000000000000045,70,0.0,2011,"{""type"":""MultiPoint"",""coordinates"":[]}"
26_00000000000000000046,71,0.28568186962890624,2011,"{""type"":""MultiPoint"",""coordinates"":[]}"
26_00000000000000000048,73,3.1517857664648976,2011,"{""type"":""MultiPoint"",""coordinates"":[]}"
26_0000000000000000004a,75,5.476957541784149,2011,"{""type"":""MultiPoint"",""coordinates"":[]}"
26_0000000000000000004c,77,5.225797553411244,2011,"{""type"":""MultiPoint"",""coordinates"":[]}"
26_0000000000000000004f,80,7.8255169314952875,2011,"{""type"":""MultiPoint"",""coordinates"":[]}"
26_00000000000000000051,82,5.09186586215819,2011,"{""type"":""MultiPoint"",""coordinates"":[]}"
26_00000000000000000053,84,20.964144301629805,2011,"{""type"":""MultiPoint"",""coordinates"":[]}"
26_00000000000000000055,86,0.007719420227050782,2011,"{""type"":""MultiPoint"",""coordinates"":[]}"
26_00000000000000000057,88,10.854136308316374,2011,"{""type"":""MultiPoint"",""coordinates"":[]}"
26_00000000000000000059,90,1.3247109423797006,2011,"{""type"":""MultiPoint"",""coordinates"":[]}"
26_0000000000000000005b,92,6.824074947944394,2011,"{""type"":""MultiPoint"",""coordinates"":[]}"
26_0000000000000000005d,94,61.02360800524479,2011,"{""type"":""MultiPoint"",""coordinates"":[]}"
26_0000000000000000005f,96,132.06681427844651,2011,"{""type"":""MultiPoint"",""coordinates"":[]}"
26_00000000000000000061,98,86.6187136986321,2011,"{""type"":""MultiPoint"",""coordinates"":[]}"
26_00000000000000000063,100,22.393105811807764,2011,"{""type"":""MultiPoint"",""coordinates"":[]}"
26_00000000000000000065,102,57.91033596208372,2011,"{""type"":""MultiPoint"",""coordinates"":[]}"
26_00000000000000000067,104,16.854085598648684,2011,"{""type"":""MultiPoint"",""coordinates"":[]}"
26_0000000000000000006c,109,1.2278353451538129,2011,"{""type"":""MultiPoint"",""coordinates"":[]}"
26_0000000000000000006d,110,13.625613067500309,2011,"{""type"":""MultiPoint"",""coordinates"":[]}"
26_0000000000000000006e,111,0.0,2011,"{""type"":""MultiPoint"",""coordinates"":[]}"
26_0000000000000000006f,112,0.0,2011,"{""type"":""MultiPoint"",""coordinates"":[]}"
26_00000000000000000070,113,1.0234119121799843,2011,"{""type"":""MultiPoint"",""coordinates"":[]}"
26_00000000000000000072,115,20.958444870828778,2011,"{""type"":""MultiPoint"",""coordinates"":[]}"
26_00000000000000000074,117,1.2510686917971114,2011,"{""type"":""MultiPoint"",""coordinates"":[]}"
26_00000000000000000076,119,0.16053627293677233,2011,"{""type"":""MultiPoint"",""coordinates"":[]}"
26_00000000000000000078,121,10.94779537897901,2011,"{""type"":""MultiPoint"",""coordinates"":[]}"
26_00000000000000000079,122,4.460512607039869,2011,"{""type"":""MultiPoint"",""coordinates"":[]}"
26_0000000000000000007a,123,14.395736628445022,2011,"{""type"":""MultiPoint"",""coordinates"":[]}"
26_0000000000000000007b,124,7.91918553416485,2011,"{""type"":""MultiPoint"",""coordinates"":[]}"
26_0000000000000000007d,126,18.607925121909542,2011,"{""type"":""MultiPoint"",""coordinates"":[]}"
26_0000000000000000007f,128,2.3588800779691805,2011,"{""type"":""MultiPoint"",""coordinates"":[]}"
26_00000000000000000081,130,3.59037438036726,2011,"{""type"":""MultiPoint"",""coordinates"":[]}"
26_00000000000000000083,132,0.2991278140469422,2011,"{""type"":""MultiPoint"",""coordinates"":[]}"
26_00000000000000000085,134,7.611598522012385,2011,"{""type"":""MultiPoint"",""coordinates"":[]}"
26_00000000000000000087,136,0.08063414581298828,2011,"{""type"":""MultiPoint"",""coordinates"":[]}"
26_00000000000000000089,138,0.9249959846911857,2011,"{""type"":""MultiPoint"",""coordinates"":[]}"
26_0000000000000000008b,140,2.5544222131390764,2011,"{""type"":""MultiPoint"",""coordinates"":[]}"
26_0000000000000000008c,141,11.088296420081518,2011,"{""type"":""MultiPoint"",""coordinates"":[]}"
26_0000000000000000008d,142,32.623289213312134,2011,"{""type"":""MultiPoint"",""coordinates"":[]}"
26_0000000000000000008e,143,14.700600446953526,2011,"{""type"":""MultiPoint"",""coordinates"":[]}"
26_0000000000000000008f,144,108.82638627546895,2011,"{""type"":""MultiPoint"",""coordinates"":[]}"
27_00000000000000000001,2,4.459160458801274,2012,"{""type"":""MultiPoint"",""coordinates"":[]}"
27_00000000000000000003,4,0.05868230683521944,2012,"{""type"":""MultiPoint"",""coordinates"":[]}"
27_00000000000000000005,6,0.5911056838575204,2012,"{""type"":""MultiPoint"",""coordinates"":[]}"
27_00000000000000000007,8,0.8538272571758171,2012,"{""type"":""MultiPoint"",""coordinates"":[]}"
27_00000000000000000009,10,0.2124214960465966,2012,"{""type"":""MultiPoint"",""coordinates"":[]}"
27_0000000000000000000b,12,0.8254603468151593,2012,"{""type"":""MultiPoint"",""coordinates"":[]}"
27_0000000000000000000d,14,0.7024000049163225,2012,"{""type"":""MultiPoint"",""coordinates"":[]}"
27_0000000000000000000f,16,0.6725717620184212,2012,"{""type"":""MultiPoint"",""coordinates"":[]}"
27_00000000000000000011,18,2.131588955993651,2012,"{""type"":""MultiPoint"",""coordinates"":[]}"
27_00000000000000000013,20,0.647188220119103,2012,"{""type"":""MultiPoint"",""coordinates"":[]}"
27_00000000000000000015,22,0.048057702941894494,2012,"{""type"":""MultiPoint"",""coordinates"":[]}"
27_00000000000000000017,24,0.1005644288635254,2012,"{""type"":""MultiPoint"",""coordinates"":[]}"
27_00000000000000000019,26,1.0025955093994148,2012,"{""type"":""MultiPoint"",""coordinates"":[]}"
27_0000000000000000001a,27,0.0,2012,"{""type"":""MultiPoint"",""coordinates"":[]}"
27_0000000000000000001b,28,0.0,2012,"{""type"":""MultiPoint"",""coordinates"":[]}"
27_0000000000000000001c,29,2.8257377445373955,2012,"{""type"":""MultiPoint"",""coordinates"":[]}"
27_00000000000000000020,33,0.01163172119140625,2012,"{""type"":""MultiPoint"",""coordinates"":[]}"
27_00000000000000000022,35,0.0,2012,"{""type"":""MultiPoint"",""coordinates"":[]}"
27_00000000000000000024,37,0.01191409967041016,2012,"{""type"":""MultiPoint"",""coordinates"":[]}"
27_00000000000000000026,39,0.05431225775146484,2012,"{""type"":""MultiPoint"",""coordinates"":[]}"
27_00000000000000000028,41,0.013659947668935737,2012,"{""type"":""MultiPoint"",""coordinates"":[]}"
27_0000000000000000002a,43,0.01512762881469727,2012,"{""type"":""MultiPoint"",""coordinates"":[]}"
27_0000000000000000002c,45,0.0,2012,"{""type"":""MultiPoint"",""coordinates"":[]}"
27_0000000000000000002f,48,0.08622861413574218,2012,"{""type"":""MultiPoint"",""coordinates"":[]}"
27_00000000000000000031,50,0.3029530375366205,2012,"{""type"":""MultiPoint"",""coordinates"":[]}"
27_00000000000000000033,52,0.0,2012,"{""type"":""MultiPoint"",""coordinates"":[]}"
27_00000000000000000035,54,0.02632424359130858,2012,"{""type"":""MultiPoint"",""coordinates"":[]}"
27_00000000000000000037,56,0.1363152237548829,2012,"{""type"":""MultiPoint"",""coordinates"":[]}"
27_00000000000000000039,58,0.04549604827880858,2012,"{""type"":""MultiPoint"",""coordinates"":[]}"
27_0000000000000000003b,60,0.0,2012,"{""type"":""MultiPoint"",""coordinates"":[]}"
27_0000000000000000003d,62,0.024256817565917972,2012,"{""type"":""MultiPoint"",""coordinates"":[]}"
27_0000000000000000003f,64,0.005764519348144532,2012,"{""type"":""MultiPoint"",""coordinates"":[]}"
27_00000000000000000041,66,0.002877564453125,2012,"{""type"":""MultiPoint"",""coordinates"":[]}"
27_00000000000000000043,68,0.03395091601562499,2012,"{""type"":""MultiPoint"",""coordinates"":[]}"
27_00000000000000000047,72,0.005761097167968751,2012,"{""type"":""MultiPoint"",""coordinates"":[]}"
27_00000000000000000049,74,0.0,2012,"{""type"":""MultiPoint"",""coordinates"":[]}"
27_0000000000000000004b,76,0.03599064314754711,2012,"{""type"":""MultiPoint"",""coordinates"":[]}"
27_0000000000000000004d,78,0.545045190856934,2012,"{""type"":""MultiPoint"",""coordinates"":[]}"
27_0000000000000000004e,79,0.0,2012,"{""type"":""MultiPoint"",""coordinates"":[]}"
27_00000000000000000050,81,1.1323708397216798,2012,"{""type"":""MultiPoint"",""coordinates"":[]}"
27_00000000000000000052,83,0.001604230553002451,2012,"{""type"":""MultiPoint"",""coordinates"":[]}"
27_00000000000000000054,85,0.013097590148925784,2012,"{""type"":""MultiPoint"",""coordinates"":[]}"
27_00000000000000000056,87,0.007113156555175782,2012,"{""type"":""MultiPoint"",""coordinates"":[]}"
27_00000000000000000058,89,0.20064144736471642,2012,"{""type"":""MultiPoint"",""coordinates"":[]}"
27_0000000000000000005a,91,0.2793267716660434,2012,"{""type"":""MultiPoint"",""coordinates"":[]}"
27_0000000000000000005c,93,0.13001336428533783,2012,"{""type"":""MultiPoint"",""coordinates"":[]}"
27_0000000000000000005e,95,0.766566378662109,2012,"{""type"":""MultiPoint"",""coordinates"":[]}"
27_00000000000000000060,97,0.16815469622802737,2012,"{""type"":""MultiPoint"",""coordinates"":[]}"
27_00000000000000000062,99,0.0983755223999024,2012,"{""type"":""MultiPoint"",""coordinates"":[]}"
27_00000000000000000064,101,1.2612294490306115,2012,"{""type"":""MultiPoint"",""coordinates"":[]}"
27_00000000000000000066,103,14.178847263096085,2012,"{""type"":""MultiPoint"",""coordinates"":[]}"
27_00000000000000000068,105,0.09273049237060546,2012,"{""type"":""MultiPoint"",""coordinates"":[]}"
27_00000000000000000069,106,0.17543237854003896,2012,"{""type"":""MultiPoint"",""coordinates"":[]}"
27_0000000000000000006a,107,0.0018781629638671875,2012,"{""type"":""MultiPoint"",""coordinates"":[]}"
27_0000000000000000006b,108,0.0,2012,"{""type"":""MultiPoint"",""coordinates"":[]}"
27_00000000000000000071,114,0.29408855798818484,2012,"{""type"":""MultiPoint"",""coordinates"":[]}"
27_00000000000000000073,116,0.2484268076617081,2012,"{""type"":""MultiPoint"",""coordinates"":[]}"
27_00000000000000000075,118,1.2907441456124003,2012,"{""type"":""MultiPoint"",""coordinates"":[]}"
27_00000000000000000077,120,0.0777763660283109,2012,"{""type"":""MultiPoint"",""coordinates"":[]}"
27_0000000000000000007c,125,0.040623313354492194,2012,"{""type"":""MultiPoint"",""coordinates"":[]}"
27_0000000000000000007e,127,0.09804193872070316,2012,"{""type"":""MultiPoint"",""coordinates"":[]}"
27_00000000000000000080,129,0.581800500488281,2012,"{""type"":""MultiPoint"",""coordinates"":[]}"
27_00000000000000000082,131,0.170518353325339,2012,"{""type"":""MultiPoint"",""coordinates"":[]}"
27_00000000000000000084,133,0.013909759845329736,2012,"{""type"":""MultiPoint"",""coordinates"":[]}"
27_00000000000000000086,135,0.2215347171630855,2012,"{""type"":""MultiPoint"",""coordinates"":[]}"
27_00000000000000000088,137,0.0,2012,"{""type"":""MultiPoint"",""coordinates"":[]}"
27_0000000000000000008a,139,0.0,2012,"{""type"":""MultiPoint"",""coordinates"":[]}"
27_00000000000000000000,1,17.100676966849274,2012,"{""type"":""MultiPoint"",""coordinates"":[]}"
27_00000000000000000002,3,11.252106818216262,2012,"{""type"":""MultiPoint"",""coordinates"":[]}"
27_00000000000000000004,5,6.106817697341708,2012,"{""type"":""MultiPoint"",""coordinates"":[]}"
27_00000000000000000006,7,16.428383165056132,2012,"{""type"":""MultiPoint"",""coordinates"":[]}"
27_00000000000000000008,9,0.5818972637755164,2012,"{""type"":""MultiPoint"",""coordinates"":[]}"
27_0000000000000000000a,11,9.302307669368966,2012,"{""type"":""MultiPoint"",""coordinates"":[]}"
27_0000000000000000000c,13,0.664854111833401,2012,"{""type"":""MultiPoint"",""coordinates"":[]}"
27_0000000000000000000e,15,4.059092331073572,2012,"{""type"":""MultiPoint"",""coordinates"":[]}"
27_00000000000000000010,17,6.603970637062224,2012,"{""type"":""MultiPoint"",""coordinates"":[]}"
27_00000000000000000012,19,1.6351963208773757,2012,"{""type"":""MultiPoint"",""coordinates"":[]}"
27_00000000000000000014,21,9.469783736786951,2012,"{""type"":""MultiPoint"",""coordinates"":[]}"
27_00000000000000000016,23,3.7071420119230405,2012,"{""type"":""MultiPoint"",""coordinates"":[]}"
27_00000000000000000018,25,3.8507802673235707,2012,"{""type"":""MultiPoint"",""coordinates"":[]}"
27_0000000000000000001d,30,0.9489992167530847,2012,"{""type"":""MultiPoint"",""coordinates"":[]}"
27_0000000000000000001e,31,0.0,2012,"{""type"":""MultiPoint"",""coordinates"":[]}"
27_0000000000000000001f,32,1.6317608182448469,2012,"{""type"":""MultiPoint"",""coordinates"":[]}"
27_00000000000000000021,34,3.1605508194317995,2012,"{""type"":""MultiPoint"",""coordinates"":[]}"
27_00000000000000000023,36,0.2608657954210467,2012,"{""type"":""MultiPoint"",""coordinates"":[]}"
27_00000000000000000025,38,0.9401264851661836,2012,"{""type"":""MultiPoint"",""coordinates"":[]}"
27_00000000000000000027,40,1.9747435254042665,2012,"{""type"":""MultiPoint"",""coordinates"":[]}"
27_00000000000000000029,42,0.713274156165747,2012,"{""type"":""MultiPoint"",""coordinates"":[]}"
27_0000000000000000002b,44,7.383710498535513,2012,"{""type"":""MultiPoint"",""coordinates"":[]}"
27_0000000000000000002d,46,2.555568974492567,2012,"{""type"":""MultiPoint"",""coordinates"":[]}"
27_0000000000000000002e,47,15.086236493626274,2012,"{""type"":""MultiPoint"",""coordinates"":[]}"
27_00000000000000000030,49,1.4106035272640431,2012,"{""type"":""MultiPoint"",""coordinates"":[]}"
27_00000000000000000032,51,6.741708486877917,2012,"{""type"":""MultiPoint"",""coordinates"":[]}"
27_00000000000000000034,53,0.6841382183308928,2012,"{""type"":""MultiPoint"",""coordinates"":[]}"
27_00000000000000000036,55,8.983089257589183,2012,"{""type"":""MultiPoint"",""coordinates"":[]}"
27_00000000000000000038,57,0.8533802970533175,2012,"{""type"":""MultiPoint"",""coordinates"":[]}"
27_0000000000000000003a,59,9.907140347274337,2012,"{""type"":""MultiPoint"",""coordinates"":[]}"
27_0000000000000000003c,61,10.428260865469465,2012,"{""type"":""MultiPoint"",""coordinates"":[]}"
27_0000000000000000003e,63,1.1330707286376955,2012,"{""type"":""MultiPoint"",""coordinates"":[]}"
27_00000000000000000040,65,3.9923471796793413,2012,"{""type"":""MultiPoint"",""coordinates"":[]}"
27_00000000000000000042,67,0.6786550487429153,2012,"{""type"":""MultiPoint"",""coordinates"":[]}"
27_00000000000000000044,69,0.041447288818359365,2012,"{""type"":""MultiPoint"",""coordinates"":[]}"
27_00000000000000000045,70,0.0,2012,"{""type"":""MultiPoint"",""coordinates"":[]}"
27_00000000000000000046,71,0.28568186962890624,2012,"{""type"":""MultiPoint"",""coordinates"":[]}"
27_00000000000000000048,73,3.137887119858452,2012,"{""type"":""MultiPoint"",""coordinates"":[]}"
27_0000000000000000004a,75,5.481678303380827,2012,"{""type"":""MultiPoint"",""coordinates"":[]}"
27_0000000000000000004c,77,5.219873512822867,2012,"{""type"":""MultiPoint"",""coordinates"":[]}"
27_0000000000000000004f,80,7.820565614173509,2012,"{""type"":""MultiPoint"",""coordinates"":[]}"
27_00000000000000000051,82,5.103958597640917,2012,"{""type"":""MultiPoint"",""coordinates"":[]}"
27_00000000000000000053,84,20.96838548516252,2012,"{""type"":""MultiPoint"",""coordinates"":[]}"
27_00000000000000000055,86,0.007125615783691407,2012,"{""type"":""MultiPoint"",""coordinates"":[]}"
27_00000000000000000057,88,10.856680641132707,2012,"{""type"":""MultiPoint"",""coordinates"":[]}"
27_00000000000000000059,90,1.3265132630584113,2012,"{""type"":""MultiPoint"",""coordinates"":[]}"
27_0000000000000000005b,92,6.807669199732365,2012,"{""type"":""MultiPoint"",""coordinates"":[]}"
27_0000000000000000005d,94,60.828371150272666,2012,"{""type"":""MultiPoint"",""coordinates"":[]}"
27_0000000000000000005f,96,131.82993662585866,2012,"{""type"":""MultiPoint"",""coordinates"":[]}"
27_00000000000000000061,98,86.55541226851308,2012,"{""type"":""MultiPoint"",""coordinates"":[]}"
27_00000000000000000063,100,22.4250870449441,2012,"{""type"":""MultiPoint"",""coordinates"":[]}"
27_00000000000000000065,102,58.037771210785486,2012,"{""type"":""MultiPoint"",""coordinates"":[]}"
27_00000000000000000067,104,16.84151121235718,2012,"{""type"":""MultiPoint"",""coordinates"":[]}"
27_0000000000000000006c,109,1.2278353451538129,2012,"{""type"":""MultiPoint"",""coordinates"":[]}"
27_0000000000000000006d,110,13.626264041987614,2012,"{""type"":""MultiPoint"",""coordinates"":[]}"
27_0000000000000000006e,111,0.0,2012,"{""type"":""MultiPoint"",""coordinates"":[]}"
27_0000000000000000006f,112,0.0,2012,"{""type"":""MultiPoint"",""coordinates"":[]}"
27_00000000000000000070,113,1.0263756550999061,2012,"{""type"":""MultiPoint"",""coordinates"":[]}"
27_00000000000000000072,115,20.906017022806317,2012,"{""type"":""MultiPoint"",""coordinates"":[]}"
27_00000000000000000074,117,1.2355957184694744,2012,"{""type"":""MultiPoint"",""coordinates"":[]}"
27_00000000000000000076,119,0.1616874393186083,2012,"{""type"":""MultiPoint"",""coordinates"":[]}"
27_00000000000000000078,121,10.938541761197914,2012,"{""type"":""MultiPoint"",""coordinates"":[]}"
27_00000000000000000079,122,4.4542846855310785,2012,"{""type"":""MultiPoint"",""coordinates"":[]}"
27_0000000000000000007a,123,14.276005413540233,2012,"{""type"":""MultiPoint"",""coordinates"":[]}"
27_0000000000000000007b,124,7.91690427610821,2012,"{""type"":""MultiPoint"",""coordinates"":[]}"
27_0000000000000000007d,126,18.57975301186315,2012,"{""type"":""MultiPoint"",""coordinates"":[]}"
27_0000000000000000007f,128,2.33244854446088,2012,"{""type"":""MultiPoint"",""coordinates"":[]}"
27_00000000000000000081,130,3.5804154436607174,2012,"{""type"":""MultiPoint"",""coordinates"":[]}"
27_00000000000000000083,132,0.29794029329498906,2012,"{""type"":""MultiPoint"",""coordinates"":[]}"
27_00000000000000000085,134,7.554112908181819,2012,"{""type"":""MultiPoint"",""coordinates"":[]}"
27_00000000000000000087,136,0.08063414581298828,2012,"{""type"":""MultiPoint"",""coordinates"":[]}"
27_00000000000000000089,138,0.9249959846911857,2012,"{""type"":""MultiPoint"",""coordinates"":[]}"
27_0000000000000000008b,140,2.555029706303139,2012,"{""type"":""MultiPoint"",""coordinates"":[]}"
27_0000000000000000008c,141,11.05353501377048,2012,"{""type"":""MultiPoint"",""coordinates"":[]}"
27_0000000000000000008d,142,32.53088796134347,2012,"{""type"":""MultiPoint"",""coordinates"":[]}"
27_0000000000000000008e,143,14.673351223883937,2012,"{""type"":""MultiPoint"",""coordinates"":[]}"
27_0000000000000000008f,144,108.62758248816147,2012,"{""type"":""MultiPoint"",""coordinates"":[]}"
28_00000000000000000001,2,4.412075734863286,2013,"{""type"":""MultiPoint"",""coordinates"":[]}"
28_00000000000000000003,4,0.05811379548268039,2013,"{""type"":""MultiPoint"",""coordinates"":[]}"
28_00000000000000000005,6,0.5916720935254896,2013,"{""type"":""MultiPoint"",""coordinates"":[]}"
28_00000000000000000007,8,0.850525509067907,2013,"{""type"":""MultiPoint"",""coordinates"":[]}"
28_00000000000000000009,10,0.19920473192760926,2013,"{""type"":""MultiPoint"",""coordinates"":[]}"
28_0000000000000000000b,12,0.8238927833996325,2013,"{""type"":""MultiPoint"",""coordinates"":[]}"
28_0000000000000000000d,14,0.7099095845061655,2013,"{""type"":""MultiPoint"",""coordinates"":[]}"
28_0000000000000000000f,16,0.6656818582098268,2013,"{""type"":""MultiPoint"",""coordinates"":[]}"
28_00000000000000000011,18,2.1034826719360358,2013,"{""type"":""MultiPoint"",""coordinates"":[]}"
28_00000000000000000013,20,0.6334833712421499,2013,"{""type"":""MultiPoint"",""coordinates"":[]}"
28_00000000000000000015,22,0.048057702941894494,2013,"{""type"":""MultiPoint"",""coordinates"":[]}"
28_00000000000000000017,24,0.09904866143798828,2013,"{""type"":""MultiPoint"",""coordinates"":[]}"
28_00000000000000000019,26,1.0030953303833017,2013,"{""type"":""MultiPoint"",""coordinates"":[]}"
28_0000000000000000001a,27,0.0,2013,"{""type"":""MultiPoint"",""coordinates"":[]}"
28_0000000000000000001b,28,0.0,2013,"{""type"":""MultiPoint"",""coordinates"":[]}"
28_0000000000000000001c,29,2.8181972135925712,2013,"{""type"":""MultiPoint"",""coordinates"":[]}"
28_00000000000000000020,33,0.01163172119140625,2013,"{""type"":""MultiPoint"",""coordinates"":[]}"
28_00000000000000000022,35,0.0,2013,"{""type"":""MultiPoint"",""coordinates"":[]}"
28_00000000000000000024,37,0.01191409967041016,2013,"{""type"":""MultiPoint"",""coordinates"":[]}"
28_00000000000000000026,39,0.05431225775146484,2013,"{""type"":""MultiPoint"",""coordinates"":[]}"
28_00000000000000000028,41,0.013659947668935737,2013,"{""type"":""MultiPoint"",""coordinates"":[]}"
28_0000000000000000002a,43,0.019161141265869146,2013,"{""type"":""MultiPoint"",""coordinates"":[]}"
28_0000000000000000002c,45,0.0,2013,"{""type"":""MultiPoint"",""coordinates"":[]}"
28_0000000000000000002f,48,0.08622861413574218,2013,"{""type"":""MultiPoint"",""coordinates"":[]}"
28_00000000000000000031,50,0.3029530375366205,2013,"{""type"":""MultiPoint"",""coordinates"":[]}"
28_00000000000000000033,52,0.0,2013,"{""type"":""MultiPoint"",""coordinates"":[]}"
28_00000000000000000035,54,0.02632424359130858,2013,"{""type"":""MultiPoint"",""coordinates"":[]}"
28_00000000000000000037,56,0.13575420819091805,2013,"{""type"":""MultiPoint"",""coordinates"":[]}"
28_00000000000000000039,58,0.04324299432373045,2013,"{""type"":""MultiPoint"",""coordinates"":[]}"
28_0000000000000000003b,60,0.0,2013,"{""type"":""MultiPoint"",""coordinates"":[]}"
28_0000000000000000003d,62,0.024256817565917972,2013,"{""type"":""MultiPoint"",""coordinates"":[]}"
28_0000000000000000003f,64,0.005764519348144532,2013,"{""type"":""MultiPoint"",""coordinates"":[]}"
28_00000000000000000041,66,0.002877564453125,2013,"{""type"":""MultiPoint"",""coordinates"":[]}"
28_00000000000000000043,68,0.03395091601562499,2013,"{""type"":""MultiPoint"",""coordinates"":[]}"
28_00000000000000000047,72,0.005761097167968751,2013,"{""type"":""MultiPoint"",""coordinates"":[]}"
28_00000000000000000049,74,0.0,2013,"{""type"":""MultiPoint"",""coordinates"":[]}"
28_0000000000000000004b,76,0.028891662068445526,2013,"{""type"":""MultiPoint"",""coordinates"":[]}"
28_0000000000000000004d,78,0.5474457653198247,2013,"{""type"":""MultiPoint"",""coordinates"":[]}"
28_0000000000000000004e,79,0.0,2013,"{""type"":""MultiPoint"",""coordinates"":[]}"
28_00000000000000000050,81,1.1361052957763673,2013,"{""type"":""MultiPoint"",""coordinates"":[]}"
28_00000000000000000052,83,0.001604230553002451,2013,"{""type"":""MultiPoint"",""coordinates"":[]}"
28_00000000000000000054,85,0.013097590148925784,2013,"{""type"":""MultiPoint"",""coordinates"":[]}"
28_00000000000000000056,87,0.007113156555175782,2013,"{""type"":""MultiPoint"",""coordinates"":[]}"
28_00000000000000000058,89,0.20064144736471642,2013,"{""type"":""MultiPoint"",""coordinates"":[]}"
28_0000000000000000005a,91,0.2781267658066684,2013,"{""type"":""MultiPoint"",""coordinates"":[]}"
28_0000000000000000005c,93,0.13001336428533783,2013,"{""type"":""MultiPoint"",""coordinates"":[]}"
28_0000000000000000005e,95,0.76349471496582,2013,"{""type"":""MultiPoint"",""coordinates"":[]}"
28_00000000000000000060,97,0.16815469622802737,2013,"{""type"":""MultiPoint"",""coordinates"":[]}"
28_00000000000000000062,99,0.0983755223999024,2013,"{""type"":""MultiPoint"",""coordinates"":[]}"
28_00000000000000000064,101,1.2656682456614707,2013,"{""type"":""MultiPoint"",""coordinates"":[]}"
28_00000000000000000066,103,14.105781852634655,2013,"{""type"":""MultiPoint"",""coordinates"":[]}"
28_00000000000000000068,105,0.08387185467529296,2013,"{""type"":""MultiPoint"",""coordinates"":[]}"
28_00000000000000000069,106,0.17417927331542957,2013,"{""type"":""MultiPoint"",""coordinates"":[]}"
28_0000000000000000006a,107,0.0018781629638671875,2013,"{""type"":""MultiPoint"",""coordinates"":[]}"
28_0000000000000000006b,108,0.0,2013,"{""type"":""MultiPoint"",""coordinates"":[]}"
28_00000000000000000071,114,0.2905600976610366,2013,"{""type"":""MultiPoint"",""coordinates"":[]}"
28_00000000000000000073,116,0.24613723393123932,2013,"{""type"":""MultiPoint"",""coordinates"":[]}"
28_00000000000000000075,118,1.2901178254631394,2013,"{""type"":""MultiPoint"",""coordinates"":[]}"
28_00000000000000000077,120,0.0777763660283109,2013,"{""type"":""MultiPoint"",""coordinates"":[]}"
28_0000000000000000007c,125,0.040623313354492194,2013,"{""type"":""MultiPoint"",""coordinates"":[]}"
28_0000000000000000007e,127,0.09804193872070316,2013,"{""type"":""MultiPoint"",""coordinates"":[]}"
28_00000000000000000080,129,0.5653284373779295,2013,"{""type"":""MultiPoint"",""coordinates"":[]}"
28_00000000000000000082,131,0.16694630730483112,2013,"{""type"":""MultiPoint"",""coordinates"":[]}"
28_00000000000000000084,133,0.013909759845329736,2013,"{""type"":""MultiPoint"",""coordinates"":[]}"
28_00000000000000000086,135,0.21911460424804644,2013,"{""type"":""MultiPoint"",""coordinates"":[]}"
28_00000000000000000088,137,0.0,2013,"{""type"":""MultiPoint"",""coordinates"":[]}"
28_0000000000000000008a,139,0.0,2013,"{""type"":""MultiPoint"",""coordinates"":[]}"
28_00000000000000000000,1,17.075317634940095,2013,"{""type"":""MultiPoint"",""coordinates"":[]}"
28_00000000000000000002,3,11.253398342203083,2013,"{""type"":""MultiPoint"",""coordinates"":[]}"
28_00000000000000000004,5,6.1383273221586,2013,"{""type"":""MultiPoint"",""coordinates"":[]}"
28_00000000000000000006,7,16.402924592058092,2013,"{""type"":""MultiPoint"",""coordinates"":[]}"
28_00000000000000000008,9,0.5738525143446991,2013,"{""type"":""MultiPoint"",""coordinates"":[]}"
28_0000000000000000000a,11,9.259336309932928,2013,"{""type"":""MultiPoint"",""coordinates"":[]}"
28_0000000000000000000c,13,0.6524430611742212,2013,"{""type"":""MultiPoint"",""coordinates"":[]}"
28_0000000000000000000e,15,4.051674635089684,2013,"{""type"":""MultiPoint"",""coordinates"":[]}"
28_00000000000000000010,17,6.592820815223844,2013,"{""type"":""MultiPoint"",""coordinates"":[]}"
28_00000000000000000012,19,1.625693348221126,2013,"{""type"":""MultiPoint"",""coordinates"":[]}"
28_00000000000000000014,21,9.444627679230802,2013,"{""type"":""MultiPoint"",""coordinates"":[]}"
28_00000000000000000016,23,3.7107678026679554,2013,"{""type"":""MultiPoint"",""coordinates"":[]}"
28_00000000000000000018,25,3.827829156178549,2013,"{""type"":""MultiPoint"",""coordinates"":[]}"
28_0000000000000000001d,30,0.9387762981739827,2013,"{""type"":""MultiPoint"",""coordinates"":[]}"
28_0000000000000000001e,31,0.0,2013,"{""type"":""MultiPoint"",""coordinates"":[]}"
28_0000000000000000001f,32,1.6328424370192611,2013,"{""type"":""MultiPoint"",""coordinates"":[]}"
28_00000000000000000021,34,3.1665263873944456,2013,"{""type"":""MultiPoint"",""coordinates"":[]}"
28_00000000000000000023,36,0.2618587091173358,2013,"{""type"":""MultiPoint"",""coordinates"":[]}"
28_00000000000000000025,38,0.9406250211464082,2013,"{""type"":""MultiPoint"",""coordinates"":[]}"
28_00000000000000000027,40,1.9737419531386418,2013,"{""type"":""MultiPoint"",""coordinates"":[]}"
28_00000000000000000029,42,0.7152909123302976,2013,"{""type"":""MultiPoint"",""coordinates"":[]}"
28_0000000000000000002b,44,7.4184738009036755,2013,"{""type"":""MultiPoint"",""coordinates"":[]}"
28_0000000000000000002d,46,2.5493278996634663,2013,"{""type"":""MultiPoint"",""coordinates"":[]}"
28_0000000000000000002e,47,15.097147994029106,2013,"{""type"":""MultiPoint"",""coordinates"":[]}"
28_00000000000000000030,49,1.4084514388241018,2013,"{""type"":""MultiPoint"",""coordinates"":[]}"
28_00000000000000000032,51,6.723342356238268,2013,"{""type"":""MultiPoint"",""coordinates"":[]}"
28_00000000000000000034,53,0.6841382183308928,2013,"{""type"":""MultiPoint"",""coordinates"":[]}"
28_00000000000000000036,55,8.962945565328443,2013,"{""type"":""MultiPoint"",""coordinates"":[]}"
28_00000000000000000038,57,0.8511269587964817,2013,"{""type"":""MultiPoint"",""coordinates"":[]}"
28_0000000000000000003a,59,9.899330204657437,2013,"{""type"":""MultiPoint"",""coordinates"":[]}"
28_0000000000000000003c,61,10.43114310643626,2013,"{""type"":""MultiPoint"",""coordinates"":[]}"
28_0000000000000000003e,63,1.1319177313232422,2013,"{""type"":""MultiPoint"",""coordinates"":[]}"
28_00000000000000000040,65,4.178859049918597,2013,"{""type"":""MultiPoint"",""coordinates"":[]}"
28_00000000000000000042,67,0.6798067986208449,2013,"{""type"":""MultiPoint"",""coordinates"":[]}"
28_00000000000000000044,69,0.041447288818359365,2013,"{""type"":""MultiPoint"",""coordinates"":[]}"
28_00000000000000000045,70,0.0,2013,"{""type"":""MultiPoint"",""coordinates"":[]}"
28_00000000000000000046,71,0.284530435546875,2013,"{""type"":""MultiPoint"",""coordinates"":[]}"
28_00000000000000000048,73,3.130959426621148,2013,"{""type"":""MultiPoint"",""coordinates"":[]}"
28_0000000000000000004a,75,5.471657984350063,2013,"{""type"":""MultiPoint"",""coordinates"":[]}"
28_0000000000000000004c,77,5.2168835556085105,2013,"{""type"":""MultiPoint"",""coordinates"":[]}"
28_0000000000000000004f,80,7.827286064429856,2013,"{""type"":""MultiPoint"",""coordinates"":[]}"
28_00000000000000000051,82,5.106776532272264,2013,"{""type"":""MultiPoint"",""coordinates"":[]}"
28_00000000000000000053,84,20.97752584386613,2013,"{""type"":""MultiPoint"",""coordinates"":[]}"
28_00000000000000000055,86,0.007125615783691407,2013,"{""type"":""MultiPoint"",""coordinates"":[]}"
28_00000000000000000057,88,10.842399444416396,2013,"{""type"":""MultiPoint"",""coordinates"":[]}"
28_00000000000000000059,90,1.3289158022429817,2013,"{""type"":""MultiPoint"",""coordinates"":[]}"
28_0000000000000000005b,92,6.794165516957683,2013,"{""type"":""MultiPoint"",""coordinates"":[]}"
28_0000000000000000005d,94,60.67084828107099,2013,"{""type"":""MultiPoint"",""coordinates"":[]}"
28_0000000000000000005f,96,131.58933189953981,2013,"{""type"":""MultiPoint"",""coordinates"":[]}"
28_00000000000000000061,98,86.50509663887446,2013,"{""type"":""MultiPoint"",""coordinates"":[]}"
28_00000000000000000063,100,22.428038687810414,2013,"{""type"":""MultiPoint"",""coordinates"":[]}"
28_00000000000000000065,102,58.05033080910893,2013,"{""type"":""MultiPoint"",""coordinates"":[]}"
28_00000000000000000067,104,16.80441399719511,2013,"{""type"":""MultiPoint"",""coordinates"":[]}"
28_0000000000000000006c,109,1.2278353451538129,2013,"{""type"":""MultiPoint"",""coordinates"":[]}"
28_0000000000000000006d,110,13.60148615594025,2013,"{""type"":""MultiPoint"",""coordinates"":[]}"
28_0000000000000000006e,111,0.0,2013,"{""type"":""MultiPoint"",""coordinates"":[]}"
28_0000000000000000006f,112,0.0,2013,"{""type"":""MultiPoint"",""coordinates"":[]}"
28_00000000000000000070,113,1.0221999533176798,2013,"{""type"":""MultiPoint"",""coordinates"":[]}"
28_00000000000000000072,115,20.772447854097006,2013,"{""type"":""MultiPoint"",""coordinates"":[]}"
28_00000000000000000074,117,1.2247430629365774,2013,"{""type"":""MultiPoint"",""coordinates"":[]}"
28_00000000000000000076,119,0.1605307705564012,2013,"{""type"":""MultiPoint"",""coordinates"":[]}"
28_00000000000000000078,121,10.923834309081068,2013,"{""type"":""MultiPoint"",""coordinates"":[]}"
28_00000000000000000079,122,4.442423832564771,2013,"{""type"":""MultiPoint"",""coordinates"":[]}"
28_0000000000000000007a,123,14.182801596340529,2013,"{""type"":""MultiPoint"",""coordinates"":[]}"
28_0000000000000000007b,124,7.909629169601863,2013,"{""type"":""MultiPoint"",""coordinates"":[]}"
28_0000000000000000007d,126,18.525591541892453,2013,"{""type"":""MultiPoint"",""coordinates"":[]}"
28_0000000000000000007f,128,2.318887112087833,2013,"{""type"":""MultiPoint"",""coordinates"":[]}"
28_00000000000000000081,130,3.579213500240307,2013,"{""type"":""MultiPoint"",""coordinates"":[]}"
28_00000000000000000083,132,0.2949690078335632,2013,"{""type"":""MultiPoint"",""coordinates"":[]}"
28_00000000000000000085,134,7.463806933633481,2013,"{""type"":""MultiPoint"",""coordinates"":[]}"
28_00000000000000000087,136,0.08063414581298828,2013,"{""type"":""MultiPoint"",""coordinates"":[]}"
28_00000000000000000089,138,0.9214012321277089,2013,"{""type"":""MultiPoint"",""coordinates"":[]}"
28_0000000000000000008b,140,2.56473141583683,2013,"{""type"":""MultiPoint"",""coordinates"":[]}"
28_0000000000000000008c,141,11.01464628848972,2013,"{""type"":""MultiPoint"",""coordinates"":[]}"
28_0000000000000000008d,142,32.475226323538294,2013,"{""type"":""MultiPoint"",""coordinates"":[]}"
28_0000000000000000008e,143,14.661780550177879,2013,"{""type"":""MultiPoint"",""coordinates"":[]}"
28_0000000000000000008f,144,108.37664380920833,2013,"{""type"":""MultiPoint"",""coordinates"":[]}"
29_00000000000000000001,2,4.3927619998169,2014,"{""type"":""MultiPoint"",""coordinates"":[]}"
29_00000000000000000003,4,0.05868128413014132,2014,"{""type"":""MultiPoint"",""coordinates"":[]}"
29_00000000000000000005,6,0.5903274767458482,2014,"{""type"":""MultiPoint"",""coordinates"":[]}"
29_00000000000000000007,8,0.8433701642803094,2014,"{""type"":""MultiPoint"",""coordinates"":[]}"
29_00000000000000000009,10,0.19266475768444533,2014,"{""type"":""MultiPoint"",""coordinates"":[]}"
29_0000000000000000000b,12,0.8282045427380114,2014,"{""type"":""MultiPoint"",""coordinates"":[]}"
29_0000000000000000000d,14,0.714737983431947,2014,"{""type"":""MultiPoint"",""coordinates"":[]}"
29_0000000000000000000f,16,0.667801213800647,2014,"{""type"":""MultiPoint"",""coordinates"":[]}"
29_00000000000000000011,18,2.09657717248535,2014,"{""type"":""MultiPoint"",""coordinates"":[]}"
29_00000000000000000013,20,0.6308564682880483,2014,"{""type"":""MultiPoint"",""coordinates"":[]}"
29_00000000000000000015,22,0.04909141406249997,2014,"{""type"":""MultiPoint"",""coordinates"":[]}"
29_00000000000000000017,24,0.09904866143798828,2014,"{""type"":""MultiPoint"",""coordinates"":[]}"
29_00000000000000000019,26,0.9862387403564462,2014,"{""type"":""MultiPoint"",""coordinates"":[]}"
29_0000000000000000001a,27,0.0,2014,"{""type"":""MultiPoint"",""coordinates"":[]}"
29_0000000000000000001b,28,0.0,2014,"{""type"":""MultiPoint"",""coordinates"":[]}"
29_0000000000000000001c,29,2.8101904542541885,2014,"{""type"":""MultiPoint"",""coordinates"":[]}"
29_00000000000000000020,33,0.01163172119140625,2014,"{""type"":""MultiPoint"",""coordinates"":[]}"
29_00000000000000000022,35,0.0,2014,"{""type"":""MultiPoint"",""coordinates"":[]}"
29_00000000000000000024,37,0.010921256286621096,2014,"{""type"":""MultiPoint"",""coordinates"":[]}"
29_00000000000000000026,39,0.05431225775146484,2014,"{""type"":""MultiPoint"",""coordinates"":[]}"
29_00000000000000000028,41,0.013659947668935737,2014,"{""type"":""MultiPoint"",""coordinates"":[]}"
29_0000000000000000002a,43,0.019161141265869146,2014,"{""type"":""MultiPoint"",""coordinates"":[]}"
29_0000000000000000002c,45,0.0,2014,"{""type"":""MultiPoint"",""coordinates"":[]}"
29_0000000000000000002f,48,0.08622861413574218,2014,"{""type"":""MultiPoint"",""coordinates"":[]}"
29_00000000000000000031,50,0.29864354315185493,2014,"{""type"":""MultiPoint"",""coordinates"":[]}"
29_00000000000000000033,52,0.0,2014,"{""type"":""MultiPoint"",""coordinates"":[]}"
29_00000000000000000035,54,0.02632424359130858,2014,"{""type"":""MultiPoint"",""coordinates"":[]}"
29_00000000000000000037,56,0.13575420819091805,2014,"{""type"":""MultiPoint"",""coordinates"":[]}"
29_00000000000000000039,58,0.04324299432373045,2014,"{""type"":""MultiPoint"",""coordinates"":[]}"
29_0000000000000000003b,60,0.0,2014,"{""type"":""MultiPoint"",""coordinates"":[]}"
29_0000000000000000003d,62,0.024256817565917972,2014,"{""type"":""MultiPoint"",""coordinates"":[]}"
29_0000000000000000003f,64,0.005764519348144532,2014,"{""type"":""MultiPoint"",""coordinates"":[]}"
29_00000000000000000041,66,0.004028592163085937,2014,"{""type"":""MultiPoint"",""coordinates"":[]}"
29_00000000000000000043,68,0.03395091601562499,2014,"{""type"":""MultiPoint"",""coordinates"":[]}"
29_00000000000000000047,72,0.004608860351562501,2014,"{""type"":""MultiPoint"",""coordinates"":[]}"
29_00000000000000000049,74,0.0,2014,"{""type"":""MultiPoint"",""coordinates"":[]}"
29_0000000000000000004b,76,0.028891662068445526,2014,"{""type"":""MultiPoint"",""coordinates"":[]}"
29_0000000000000000004d,78,0.554641931396485,2014,"{""type"":""MultiPoint"",""coordinates"":[]}"
29_0000000000000000004e,79,0.0,2014,"{""type"":""MultiPoint"",""coordinates"":[]}"
29_00000000000000000050,81,1.1262204817504888,2014,"{""type"":""MultiPoint"",""coordinates"":[]}"
29_00000000000000000052,83,0.001604230553002451,2014,"{""type"":""MultiPoint"",""coordinates"":[]}"
29_00000000000000000054,85,0.013097590148925784,2014,"{""type"":""MultiPoint"",""coordinates"":[]}"
29_00000000000000000056,87,0.0077059243164062504,2014,"{""type"":""MultiPoint"",""coordinates"":[]}"
29_00000000000000000058,89,0.19823308786764612,2014,"{""type"":""MultiPoint"",""coordinates"":[]}"
29_0000000000000000005a,91,0.2835275974717074,2014,"{""type"":""MultiPoint"",""coordinates"":[]}"
29_0000000000000000005c,93,0.1312188973663925,2014,"{""type"":""MultiPoint"",""coordinates"":[]}"
29_0000000000000000005e,95,0.7622658100585934,2014,"{""type"":""MultiPoint"",""coordinates"":[]}"
29_00000000000000000060,97,0.16815469622802737,2014,"{""type"":""MultiPoint"",""coordinates"":[]}"
29_00000000000000000062,99,0.10029068994140632,2014,"{""type"":""MultiPoint"",""coordinates"":[]}"
29_00000000000000000064,101,1.2669355671336389,2014,"{""type"":""MultiPoint"",""coordinates"":[]}"
29_00000000000000000066,103,14.115173200412968,2014,"{""type"":""MultiPoint"",""coordinates"":[]}"
29_00000000000000000068,105,0.08387185467529296,2014,"{""type"":""MultiPoint"",""coordinates"":[]}"
29_00000000000000000069,106,0.1754330145263671,2014,"{""type"":""MultiPoint"",""coordinates"":[]}"
29_0000000000000000006a,107,0.0,2014,"{""type"":""MultiPoint"",""coordinates"":[]}"
29_0000000000000000006b,108,0.0,2014,"{""type"":""MultiPoint"",""coordinates"":[]}"
29_00000000000000000071,114,0.2917362542772474,2014,"{""type"":""MultiPoint"",""coordinates"":[]}"
29_00000000000000000073,116,0.2444200730425674,2014,"{""type"":""MultiPoint"",""coordinates"":[]}"
29_00000000000000000075,118,1.2918417221916554,2014,"{""type"":""MultiPoint"",""coordinates"":[]}"
29_00000000000000000077,120,0.07383685914641747,2014,"{""type"":""MultiPoint"",""coordinates"":[]}"
29_0000000000000000007c,125,0.03297268878173828,2014,"{""type"":""MultiPoint"",""coordinates"":[]}"
29_0000000000000000007e,127,0.09804193872070316,2014,"{""type"":""MultiPoint"",""coordinates"":[]}"
29_00000000000000000080,129,0.5629737081298827,2014,"{""type"":""MultiPoint"",""coordinates"":[]}"
29_00000000000000000082,131,0.16158822417494828,2014,"{""type"":""MultiPoint"",""coordinates"":[]}"
29_00000000000000000084,133,0.013909759845329736,2014,"{""type"":""MultiPoint"",""coordinates"":[]}"
29_00000000000000000086,135,0.22274561041259733,2014,"{""type"":""MultiPoint"",""coordinates"":[]}"
29_00000000000000000088,137,0.0,2014,"{""type"":""MultiPoint"",""coordinates"":[]}"
29_0000000000000000008a,139,0.0,2014,"{""type"":""MultiPoint"",""coordinates"":[]}"
29_00000000000000000000,1,17.074143574027016,2014,"{""type"":""MultiPoint"",""coordinates"":[]}"
29_00000000000000000002,3,11.260834201883258,2014,"{""type"":""MultiPoint"",""coordinates"":[]}"
29_00000000000000000004,5,6.137657666451455,2014,"{""type"":""MultiPoint"",""coordinates"":[]}"
29_00000000000000000006,7,16.34415901777829,2014,"{""type"":""MultiPoint"",""coordinates"":[]}"
29_00000000000000000008,9,0.5705705088515349,2014,"{""type"":""MultiPoint"",""coordinates"":[]}"
29_0000000000000000000a,11,9.21011614385627,2014,"{""type"":""MultiPoint"",""coordinates"":[]}"
29_0000000000000000000c,13,0.6502850949876978,2014,"{""type"":""MultiPoint"",""coordinates"":[]}"
29_0000000000000000000e,15,4.029831930072593,2014,"{""type"":""MultiPoint"",""coordinates"":[]}"
29_00000000000000000010,17,6.568790289222865,2014,"{""type"":""MultiPoint"",""coordinates"":[]}"
29_00000000000000000012,19,1.6261851185403278,2014,"{""type"":""MultiPoint"",""coordinates"":[]}"
29_00000000000000000014,21,9.412005676972498,2014,"{""type"":""MultiPoint"",""coordinates"":[]}"
29_00000000000000000016,23,3.6805300940463206,2014,"{""type"":""MultiPoint"",""coordinates"":[]}"
29_00000000000000000018,25,3.818185222066001,2014,"{""type"":""MultiPoint"",""coordinates"":[]}"
29_0000000000000000001d,30,0.9415544381886316,2014,"{""type"":""MultiPoint"",""coordinates"":[]}"
29_0000000000000000001e,31,0.0,2014,"{""type"":""MultiPoint"",""coordinates"":[]}"
29_0000000000000000001f,32,1.6405627327040755,2014,"{""type"":""MultiPoint"",""coordinates"":[]}"
29_00000000000000000021,34,3.1739049637494263,2014,"{""type"":""MultiPoint"",""coordinates"":[]}"
29_00000000000000000023,36,0.27774197776357595,2014,"{""type"":""MultiPoint"",""coordinates"":[]}"
29_00000000000000000025,38,0.944613301969162,2014,"{""type"":""MultiPoint"",""coordinates"":[]}"
29_00000000000000000027,40,1.9702400068800965,2014,"{""type"":""MultiPoint"",""coordinates"":[]}"
29_00000000000000000029,42,0.7253578390881101,2014,"{""type"":""MultiPoint"",""coordinates"":[]}"
29_0000000000000000002b,44,7.453189083181099,2014,"{""type"":""MultiPoint"",""coordinates"":[]}"
29_0000000000000000002d,46,2.5591265760550668,2014,"{""type"":""MultiPoint"",""coordinates"":[]}"
29_0000000000000000002e,47,15.120148884466454,2014,"{""type"":""MultiPoint"",""coordinates"":[]}"
29_00000000000000000030,49,1.41060330137293,2014,"{""type"":""MultiPoint"",""coordinates"":[]}"
29_00000000000000000032,51,6.719968670264148,2014,"{""type"":""MultiPoint"",""coordinates"":[]}"
29_00000000000000000034,53,0.680392108223471,2014,"{""type"":""MultiPoint"",""coordinates"":[]}"
29_00000000000000000036,55,8.941360595479807,2014,"{""type"":""MultiPoint"",""coordinates"":[]}"
29_00000000000000000038,57,0.8511269587964817,2014,"{""type"":""MultiPoint"",""coordinates"":[]}"
29_0000000000000000003a,59,9.886300901429045,2014,"{""type"":""MultiPoint"",""coordinates"":[]}"
29_0000000000000000003c,61,10.425406077871807,2014,"{""type"":""MultiPoint"",""coordinates"":[]}"
29_0000000000000000003e,63,1.1319177313232422,2014,"{""type"":""MultiPoint"",""coordinates"":[]}"
29_00000000000000000040,65,4.277310382560199,2014,"{""type"":""MultiPoint"",""coordinates"":[]}"
29_00000000000000000042,67,0.677504417334224,2014,"{""type"":""MultiPoint"",""coordinates"":[]}"
29_00000000000000000044,69,0.04029602886962888,2014,"{""type"":""MultiPoint"",""coordinates"":[]}"
29_00000000000000000045,70,0.0,2014,"{""type"":""MultiPoint"",""coordinates"":[]}"
29_00000000000000000046,71,0.2828031376953125,2014,"{""type"":""MultiPoint"",""coordinates"":[]}"
29_00000000000000000048,73,3.121121936814019,2014,"{""type"":""MultiPoint"",""coordinates"":[]}"
29_0000000000000000004a,75,5.472328958661442,2014,"{""type"":""MultiPoint"",""coordinates"":[]}"
29_0000000000000000004c,77,5.229336974004504,2014,"{""type"":""MultiPoint"",""coordinates"":[]}"
29_0000000000000000004f,80,7.834674461951825,2014,"{""type"":""MultiPoint"",""coordinates"":[]}"
29_00000000000000000051,82,5.104326568649216,2014,"{""type"":""MultiPoint"",""coordinates"":[]}"
29_00000000000000000053,84,21.01178182514485,2014,"{""type"":""MultiPoint"",""coordinates"":[]}"
29_00000000000000000055,86,0.007125615783691407,2014,"{""type"":""MultiPoint"",""coordinates"":[]}"
29_00000000000000000057,88,10.833033507179447,2014,"{""type"":""MultiPoint"",""coordinates"":[]}"
29_00000000000000000059,90,1.330117271420228,2014,"{""type"":""MultiPoint"",""coordinates"":[]}"
29_0000000000000000005b,92,6.786346836476725,2014,"{""type"":""MultiPoint"",""coordinates"":[]}"
29_0000000000000000005d,94,60.55636645392323,2014,"{""type"":""MultiPoint"",""coordinates"":[]}"
29_0000000000000000005f,96,131.29189949368973,2014,"{""type"":""MultiPoint"",""coordinates"":[]}"
29_00000000000000000061,98,86.46681152937741,2014,"{""type"":""MultiPoint"",""coordinates"":[]}"
29_00000000000000000063,100,22.428345549745302,2014,"{""type"":""MultiPoint"",""coordinates"":[]}"
29_00000000000000000065,102,57.99005798335977,2014,"{""type"":""MultiPoint"",""coordinates"":[]}"
29_00000000000000000067,104,16.849175817141386,2014,"{""type"":""MultiPoint"",""coordinates"":[]}"
29_0000000000000000006c,109,1.2278353451538129,2014,"{""type"":""MultiPoint"",""coordinates"":[]}"
29_0000000000000000006d,110,13.560103435908514,2014,"{""type"":""MultiPoint"",""coordinates"":[]}"
29_0000000000000000006e,111,0.0,2014,"{""type"":""MultiPoint"",""coordinates"":[]}"
29_0000000000000000006f,112,0.0,2014,"{""type"":""MultiPoint"",""coordinates"":[]}"
29_00000000000000000070,113,1.002615617929496,2014,"{""type"":""MultiPoint"",""coordinates"":[]}"
29_00000000000000000072,115,20.70100555422219,2014,"{""type"":""MultiPoint"",""coordinates"":[]}"
29_00000000000000000074,117,1.2247434185273978,2014,"{""type"":""MultiPoint"",""coordinates"":[]}"
29_00000000000000000076,119,0.1587947600583543,2014,"{""type"":""MultiPoint"",""coordinates"":[]}"
29_00000000000000000078,121,10.90305774906316,2014,"{""type"":""MultiPoint"",""coordinates"":[]}"
29_00000000000000000079,122,4.432267797274243,2014,"{""type"":""MultiPoint"",""coordinates"":[]}"
29_0000000000000000007a,123,14.093753800991404,2014,"{""type"":""MultiPoint"",""coordinates"":[]}"
29_0000000000000000007b,124,7.890392079086727,2014,"{""type"":""MultiPoint"",""coordinates"":[]}"
29_0000000000000000007d,126,18.487443075705922,2014,"{""type"":""MultiPoint"",""coordinates"":[]}"
29_0000000000000000007f,128,2.316555295071231,2014,"{""type"":""MultiPoint"",""coordinates"":[]}"
29_00000000000000000081,130,3.5744800732993895,2014,"{""type"":""MultiPoint"",""coordinates"":[]}"
29_00000000000000000083,132,0.28249433626373893,2014,"{""type"":""MultiPoint"",""coordinates"":[]}"
29_00000000000000000085,134,7.412305653970393,2014,"{""type"":""MultiPoint"",""coordinates"":[]}"
29_00000000000000000087,136,0.08063414581298828,2014,"{""type"":""MultiPoint"",""coordinates"":[]}"
29_00000000000000000089,138,0.918345040355248,2014,"{""type"":""MultiPoint"",""coordinates"":[]}"
29_0000000000000000008b,140,2.5525767557416152,2014,"{""type"":""MultiPoint"",""coordinates"":[]}"
29_0000000000000000008c,141,10.9634639394907,2014,"{""type"":""MultiPoint"",""coordinates"":[]}"
29_0000000000000000008d,142,32.41043049089668,2014,"{""type"":""MultiPoint"",""coordinates"":[]}"
29_0000000000000000008e,143,14.666516370423373,2014,"{""type"":""MultiPoint"",""coordinates"":[]}"
29_0000000000000000008f,144,108.15712914027381,2014,"{""type"":""MultiPoint"",""coordinates"":[]}"
30_00000000000000000001,2,4.38922553082276,2015,"{""type"":""MultiPoint"",""coordinates"":[]}"
30_00000000000000000003,4,0.05754629706959445,2015,"{""type"":""MultiPoint"",""coordinates"":[]}"
30_00000000000000000005,6,0.5959876105349107,2015,"{""type"":""MultiPoint"",""coordinates"":[]}"
30_00000000000000000007,8,0.848873873875036,2015,"{""type"":""MultiPoint"",""coordinates"":[]}"
30_00000000000000000009,10,0.19042676876196718,2015,"{""type"":""MultiPoint"",""coordinates"":[]}"
30_0000000000000000000b,12,0.815787922864965,2015,"{""type"":""MultiPoint"",""coordinates"":[]}"
30_0000000000000000000d,14,0.7034710857268683,2015,"{""type"":""MultiPoint"",""coordinates"":[]}"
30_0000000000000000000f,16,0.6640918941595338,2015,"{""type"":""MultiPoint"",""coordinates"":[]}"
30_00000000000000000011,18,2.0864869032592757,2015,"{""type"":""MultiPoint"",""coordinates"":[]}"
30_00000000000000000013,20,0.6034514029193956,2015,"{""type"":""MultiPoint"",""coordinates"":[]}"
30_00000000000000000015,22,0.053226313720703106,2015,"{""type"":""MultiPoint"",""coordinates"":[]}"
30_00000000000000000017,24,0.09450048403930668,2015,"{""type"":""MultiPoint"",""coordinates"":[]}"
30_00000000000000000019,26,0.9852641529846202,2015,"{""type"":""MultiPoint"",""coordinates"":[]}"
30_0000000000000000001a,27,0.0,2015,"{""type"":""MultiPoint"",""coordinates"":[]}"
30_0000000000000000001b,28,0.0,2015,"{""type"":""MultiPoint"",""coordinates"":[]}"
30_0000000000000000001c,29,2.796999026214634,2015,"{""type"":""MultiPoint"",""coordinates"":[]}"
30_00000000000000000020,33,0.01163172119140625,2015,"{""type"":""MultiPoint"",""coordinates"":[]}"
30_00000000000000000022,35,0.0,2015,"{""type"":""MultiPoint"",""coordinates"":[]}"
30_00000000000000000024,37,0.010921256286621096,2015,"{""type"":""MultiPoint"",""coordinates"":[]}"
30_00000000000000000026,39,0.05431225775146484,2015,"{""type"":""MultiPoint"",""coordinates"":[]}"
30_00000000000000000028,41,0.013659947668935737,2015,"{""type"":""MultiPoint"",""coordinates"":[]}"
30_0000000000000000002a,43,0.019161141265869146,2015,"{""type"":""MultiPoint"",""coordinates"":[]}"
30_0000000000000000002c,45,0.0,2015,"{""type"":""MultiPoint"",""coordinates"":[]}"
30_0000000000000000002f,48,0.09315640698242185,2015,"{""type"":""MultiPoint"",""coordinates"":[]}"
30_00000000000000000031,50,0.29864354315185493,2015,"{""type"":""MultiPoint"",""coordinates"":[]}"
30_00000000000000000033,52,0.0,2015,"{""type"":""MultiPoint"",""coordinates"":[]}"
30_00000000000000000035,54,0.02632424359130858,2015,"{""type"":""MultiPoint"",""coordinates"":[]}"
30_00000000000000000037,56,0.13575420819091805,2015,"{""type"":""MultiPoint"",""coordinates"":[]}"
30_00000000000000000039,58,0.04098990100097655,2015,"{""type"":""MultiPoint"",""coordinates"":[]}"
30_0000000000000000003b,60,0.0,2015,"{""type"":""MultiPoint"",""coordinates"":[]}"
30_0000000000000000003d,62,0.024256817565917972,2015,"{""type"":""MultiPoint"",""coordinates"":[]}"
30_0000000000000000003f,64,0.005764519348144532,2015,"{""type"":""MultiPoint"",""coordinates"":[]}"
30_00000000000000000041,66,0.004028592163085937,2015,"{""type"":""MultiPoint"",""coordinates"":[]}"
30_00000000000000000043,68,0.03510176635742186,2015,"{""type"":""MultiPoint"",""coordinates"":[]}"
30_00000000000000000047,72,0.004608860351562501,2015,"{""type"":""MultiPoint"",""coordinates"":[]}"
30_00000000000000000049,74,0.0,2015,"{""type"":""MultiPoint"",""coordinates"":[]}"
30_0000000000000000004b,76,0.025933834920008027,2015,"{""type"":""MultiPoint"",""coordinates"":[]}"
30_0000000000000000004d,78,0.5534427593383795,2015,"{""type"":""MultiPoint"",""coordinates"":[]}"
30_0000000000000000004e,79,0.0,2015,"{""type"":""MultiPoint"",""coordinates"":[]}"
30_00000000000000000050,81,1.1541746709594731,2015,"{""type"":""MultiPoint"",""coordinates"":[]}"
30_00000000000000000052,83,0.001604230553002451,2015,"{""type"":""MultiPoint"",""coordinates"":[]}"
30_00000000000000000054,85,0.013097590148925784,2015,"{""type"":""MultiPoint"",""coordinates"":[]}"
30_00000000000000000056,87,0.010076976562499998,2015,"{""type"":""MultiPoint"",""coordinates"":[]}"
30_00000000000000000058,89,0.19823308786764612,2015,"{""type"":""MultiPoint"",""coordinates"":[]}"
30_0000000000000000005a,91,0.28592812731789885,2015,"{""type"":""MultiPoint"",""coordinates"":[]}"
30_0000000000000000005c,93,0.1302331662463615,2015,"{""type"":""MultiPoint"",""coordinates"":[]}"
30_0000000000000000005e,95,0.7628799689941403,2015,"{""type"":""MultiPoint"",""coordinates"":[]}"
30_00000000000000000060,97,0.16815469622802737,2015,"{""type"":""MultiPoint"",""coordinates"":[]}"
30_00000000000000000062,99,0.09837460198974617,2015,"{""type"":""MultiPoint"",""coordinates"":[]}"
30_00000000000000000064,101,1.2637654885813925,2015,"{""type"":""MultiPoint"",""coordinates"":[]}"
30_00000000000000000066,103,14.6055191706888,2015,"{""type"":""MultiPoint"",""coordinates"":[]}"
30_00000000000000000068,105,0.08387185467529296,2015,"{""type"":""MultiPoint"",""coordinates"":[]}"
30_00000000000000000069,106,0.17355103570556632,2015,"{""type"":""MultiPoint"",""coordinates"":[]}"
30_0000000000000000006a,107,0.0,2015,"{""type"":""MultiPoint"",""coordinates"":[]}"
30_0000000000000000006b,108,0.0,2015,"{""type"":""MultiPoint"",""coordinates"":[]}"
30_00000000000000000071,114,0.2917362542772474,2015,"{""type"":""MultiPoint"",""coordinates"":[]}"
30_00000000000000000073,116,0.2444200730425674,2015,"{""type"":""MultiPoint"",""coordinates"":[]}"
30_00000000000000000075,118,1.2883931310661665,2015,"{""type"":""MultiPoint"",""coordinates"":[]}"
30_00000000000000000077,120,0.07383685914641747,2015,"{""type"":""MultiPoint"",""coordinates"":[]}"
30_0000000000000000007c,125,0.03297268878173828,2015,"{""type"":""MultiPoint"",""coordinates"":[]}"
30_0000000000000000007e,127,0.09331683569335943,2015,"{""type"":""MultiPoint"",""coordinates"":[]}"
30_00000000000000000080,129,0.5600333975219725,2015,"{""type"":""MultiPoint"",""coordinates"":[]}"
30_00000000000000000082,131,0.14849697838637407,2015,"{""type"":""MultiPoint"",""coordinates"":[]}"
30_00000000000000000084,133,0.013909759845329736,2015,"{""type"":""MultiPoint"",""coordinates"":[]}"
30_00000000000000000086,135,0.22274561041259733,2015,"{""type"":""MultiPoint"",""coordinates"":[]}"
30_00000000000000000088,137,0.0,2015,"{""type"":""MultiPoint"",""coordinates"":[]}"
30_0000000000000000008a,139,0.0,2015,"{""type"":""MultiPoint"",""coordinates"":[]}"
30_00000000000000000000,1,17.06309219866225,2015,"{""type"":""MultiPoint"",""coordinates"":[]}"
30_00000000000000000002,3,11.25876586756857,2015,"{""type"":""MultiPoint"",""coordinates"":[]}"
30_00000000000000000004,5,6.150314066170694,2015,"{""type"":""MultiPoint"",""coordinates"":[]}"
30_00000000000000000006,7,16.32474680757321,2015,"{""type"":""MultiPoint"",""coordinates"":[]}"
30_00000000000000000008,9,0.5809897196669647,2015,"{""type"":""MultiPoint"",""coordinates"":[]}"
30_0000000000000000000a,11,9.19627618100897,2015,"{""type"":""MultiPoint"",""coordinates"":[]}"
30_0000000000000000000c,13,0.6556803271043973,2015,"{""type"":""MultiPoint"",""coordinates"":[]}"
30_0000000000000000000e,15,4.0106986264226885,2015,"{""type"":""MultiPoint"",""coordinates"":[]}"
30_00000000000000000010,17,6.549035667030483,2015,"{""type"":""MultiPoint"",""coordinates"":[]}"
30_00000000000000000012,19,1.637794521250289,2015,"{""type"":""MultiPoint"",""coordinates"":[]}"
30_00000000000000000014,21,9.398924016549849,2015,"{""type"":""MultiPoint"",""coordinates"":[]}"
30_00000000000000000016,23,3.6533531867817013,2015,"{""type"":""MultiPoint"",""coordinates"":[]}"
30_00000000000000000018,25,3.7707380630389036,2015,"{""type"":""MultiPoint"",""coordinates"":[]}"
30_0000000000000000001d,30,0.9345444205932734,2015,"{""type"":""MultiPoint"",""coordinates"":[]}"
30_0000000000000000001e,31,0.0,2015,"{""type"":""MultiPoint"",""coordinates"":[]}"
30_0000000000000000001f,32,1.6554138130873757,2015,"{""type"":""MultiPoint"",""coordinates"":[]}"
30_00000000000000000021,34,3.2224796937298943,2015,"{""type"":""MultiPoint"",""coordinates"":[]}"
30_00000000000000000023,36,0.2797229159349627,2015,"{""type"":""MultiPoint"",""coordinates"":[]}"
30_00000000000000000025,38,0.9540928035560762,2015,"{""type"":""MultiPoint"",""coordinates"":[]}"
30_00000000000000000027,40,1.9872168261855157,2015,"{""type"":""MultiPoint"",""coordinates"":[]}"
30_00000000000000000029,42,0.7228418105541746,2015,"{""type"":""MultiPoint"",""coordinates"":[]}"
30_0000000000000000002b,44,7.503969152639107,2015,"{""type"":""MultiPoint"",""coordinates"":[]}"
30_0000000000000000002d,46,2.577139737126844,2015,"{""type"":""MultiPoint"",""coordinates"":[]}"
30_0000000000000000002e,47,15.148587971014305,2015,"{""type"":""MultiPoint"",""coordinates"":[]}"
30_00000000000000000030,49,1.3992964191097463,2015,"{""type"":""MultiPoint"",""coordinates"":[]}"
30_00000000000000000032,51,6.721668748511217,2015,"{""type"":""MultiPoint"",""coordinates"":[]}"
30_00000000000000000034,53,0.680392108223471,2015,"{""type"":""MultiPoint"",""coordinates"":[]}"
30_00000000000000000036,55,8.915308002360504,2015,"{""type"":""MultiPoint"",""coordinates"":[]}"
30_00000000000000000038,57,0.8511269587964817,2015,"{""type"":""MultiPoint"",""coordinates"":[]}"
30_0000000000000000003a,59,9.879593352784028,2015,"{""type"":""MultiPoint"",""coordinates"":[]}"
30_0000000000000000003c,61,10.464615702627666,2015,"{""type"":""MultiPoint"",""coordinates"":[]}"
30_0000000000000000003e,63,1.1284590260009764,2015,"{""type"":""MultiPoint"",""coordinates"":[]}"
30_00000000000000000040,65,4.278461575797503,2015,"{""type"":""MultiPoint"",""coordinates"":[]}"
30_00000000000000000042,67,0.688437423987056,2015,"{""type"":""MultiPoint"",""coordinates"":[]}"
30_00000000000000000044,69,0.03799350897216795,2015,"{""type"":""MultiPoint"",""coordinates"":[]}"
30_00000000000000000045,70,0.0,2015,"{""type"":""MultiPoint"",""coordinates"":[]}"
30_00000000000000000046,71,0.28395472656250004,2015,"{""type"":""MultiPoint"",""coordinates"":[]}"
30_00000000000000000048,73,3.1263486039893116,2015,"{""type"":""MultiPoint"",""coordinates"":[]}"
30_0000000000000000004a,75,5.47196053905743,2015,"{""type"":""MultiPoint"",""coordinates"":[]}"
30_0000000000000000004c,77,5.229932232427357,2015,"{""type"":""MultiPoint"",""coordinates"":[]}"
30_0000000000000000004f,80,7.8540776788552105,2015,"{""type"":""MultiPoint"",""coordinates"":[]}"
30_00000000000000000051,82,5.104951651840133,2015,"{""type"":""MultiPoint"",""coordinates"":[]}"
30_00000000000000000053,84,21.029959046612,2015,"{""type"":""MultiPoint"",""coordinates"":[]}"
30_00000000000000000055,86,0.007125615783691407,2015,"{""type"":""MultiPoint"",""coordinates"":[]}"
30_00000000000000000057,88,10.845925778056818,2015,"{""type"":""MultiPoint"",""coordinates"":[]}"
30_00000000000000000059,90,1.3289158801848764,2015,"{""type"":""MultiPoint"",""coordinates"":[]}"
30_0000000000000000005b,92,6.7891309184297075,2015,"{""type"":""MultiPoint"",""coordinates"":[]}"
30_0000000000000000005d,94,60.388998186894604,2015,"{""type"":""MultiPoint"",""coordinates"":[]}"
30_0000000000000000005f,96,131.08318228397633,2015,"{""type"":""MultiPoint"",""coordinates"":[]}"
30_00000000000000000061,98,86.43185694459956,2015,"{""type"":""MultiPoint"",""coordinates"":[]}"
30_00000000000000000063,100,22.410563285768255,2015,"{""type"":""MultiPoint"",""coordinates"":[]}"
30_00000000000000000065,102,57.949526183988446,2015,"{""type"":""MultiPoint"",""coordinates"":[]}"
30_00000000000000000067,104,16.877139282961693,2015,"{""type"":""MultiPoint"",""coordinates"":[]}"
30_0000000000000000006c,109,1.2278353451538129,2015,"{""type"":""MultiPoint"",""coordinates"":[]}"
30_0000000000000000006d,110,13.541695378840638,2015,"{""type"":""MultiPoint"",""coordinates"":[]}"
30_0000000000000000006e,111,0.0,2015,"{""type"":""MultiPoint"",""coordinates"":[]}"
30_0000000000000000006f,112,0.0,2015,"{""type"":""MultiPoint"",""coordinates"":[]}"
30_00000000000000000070,113,0.9919437475681678,2015,"{""type"":""MultiPoint"",""coordinates"":[]}"
30_00000000000000000072,115,20.637717470298853,2015,"{""type"":""MultiPoint"",""coordinates"":[]}"
30_00000000000000000074,117,1.229336420358453,2015,"{""type"":""MultiPoint"",""coordinates"":[]}"
30_00000000000000000076,119,0.16110803337378404,2015,"{""type"":""MultiPoint"",""coordinates"":[]}"
30_00000000000000000078,121,10.900048719033867,2015,"{""type"":""MultiPoint"",""coordinates"":[]}"
30_00000000000000000079,122,4.443264026583322,2015,"{""type"":""MultiPoint"",""coordinates"":[]}"
30_0000000000000000007a,123,13.989762869769413,2015,"{""type"":""MultiPoint"",""coordinates"":[]}"
30_0000000000000000007b,124,7.8815609003147555,2015,"{""type"":""MultiPoint"",""coordinates"":[]}"
30_0000000000000000007d,126,18.467102880352503,2015,"{""type"":""MultiPoint"",""coordinates"":[]}"
30_0000000000000000007f,128,2.298949134670841,2015,"{""type"":""MultiPoint"",""coordinates"":[]}"
30_00000000000000000081,130,3.5845056235923574,2015,"{""type"":""MultiPoint"",""coordinates"":[]}"
30_00000000000000000083,132,0.28249433626373893,2015,"{""type"":""MultiPoint"",""coordinates"":[]}"
30_00000000000000000085,134,7.36172252195135,2015,"{""type"":""MultiPoint"",""coordinates"":[]}"
30_00000000000000000087,136,0.08063414581298828,2015,"{""type"":""MultiPoint"",""coordinates"":[]}"
30_00000000000000000089,138,0.9219792476916739,2015,"{""type"":""MultiPoint"",""coordinates"":[]}"
30_0000000000000000008b,140,2.536182468449135,2015,"{""type"":""MultiPoint"",""coordinates"":[]}"
30_0000000000000000008c,141,10.93174877939548,2015,"{""type"":""MultiPoint"",""coordinates"":[]}"
30_0000000000000000008d,142,32.34193997380685,2015,"{""type"":""MultiPoint"",""coordinates"":[]}"
30_0000000000000000008e,143,14.67179511889078,2015,"{""type"":""MultiPoint"",""coordinates"":[]}"
30_0000000000000000008f,144,108.02523738514688,2015,"{""type"":""MultiPoint"",""coordinates"":[]}"
31_00000000000000000001,2,4.401638841674808,2016,"{""type"":""MultiPoint"",""coordinates"":[]}"
31_00000000000000000003,4,0.05697820905689915,2016,"{""type"":""MultiPoint"",""coordinates"":[]}"
31_00000000000000000005,6,0.5942896414797348,2016,"{""type"":""MultiPoint"",""coordinates"":[]}"
31_00000000000000000007,8,0.8466730298808952,2016,"{""type"":""MultiPoint"",""coordinates"":[]}"
31_00000000000000000009,10,0.18443179390845169,2016,"{""type"":""MultiPoint"",""coordinates"":[]}"
31_0000000000000000000b,12,0.814156046766332,2016,"{""type"":""MultiPoint"",""coordinates"":[]}"
31_0000000000000000000d,14,0.705616442721497,2016,"{""type"":""MultiPoint"",""coordinates"":[]}"
31_0000000000000000000f,16,0.6592787994389553,2016,"{""type"":""MultiPoint"",""coordinates"":[]}"
31_00000000000000000011,18,2.075345882873535,2016,"{""type"":""MultiPoint"",""coordinates"":[]}"
31_00000000000000000013,20,0.6086942508808206,2016,"{""type"":""MultiPoint"",""coordinates"":[]}"
31_00000000000000000015,22,0.05115967724609373,2016,"{""type"":""MultiPoint"",""coordinates"":[]}"
31_00000000000000000017,24,0.09854426431274414,2016,"{""type"":""MultiPoint"",""coordinates"":[]}"
31_00000000000000000019,26,0.9738638922119149,2016,"{""type"":""MultiPoint"",""coordinates"":[]}"
31_0000000000000000001a,27,0.0,2016,"{""type"":""MultiPoint"",""coordinates"":[]}"
31_0000000000000000001b,28,0.0,2016,"{""type"":""MultiPoint"",""coordinates"":[]}"
31_0000000000000000001c,29,2.7546154716492026,2016,"{""type"":""MultiPoint"",""coordinates"":[]}"
31_00000000000000000020,33,0.01163172119140625,2016,"{""type"":""MultiPoint"",""coordinates"":[]}"
31_00000000000000000022,35,0.0,2016,"{""type"":""MultiPoint"",""coordinates"":[]}"
31_00000000000000000024,37,0.010921256286621096,2016,"{""type"":""MultiPoint"",""coordinates"":[]}"
31_00000000000000000026,39,0.05431225775146484,2016,"{""type"":""MultiPoint"",""coordinates"":[]}"
31_00000000000000000028,41,0.013659947668935737,2016,"{""type"":""MultiPoint"",""coordinates"":[]}"
31_0000000000000000002a,43,0.019161141265869146,2016,"{""type"":""MultiPoint"",""coordinates"":[]}"
31_0000000000000000002c,45,0.0,2016,"{""type"":""MultiPoint"",""coordinates"":[]}"
31_0000000000000000002f,48,0.10547843054199219,2016,"{""type"":""MultiPoint"",""coordinates"":[]}"
31_00000000000000000031,50,0.28948120422363227,2016,"{""type"":""MultiPoint"",""coordinates"":[]}"
31_00000000000000000033,52,0.0,2016,"{""type"":""MultiPoint"",""coordinates"":[]}"
31_00000000000000000035,54,0.02632424359130858,2016,"{""type"":""MultiPoint"",""coordinates"":[]}"
31_00000000000000000037,56,0.13238818383789072,2016,"{""type"":""MultiPoint"",""coordinates"":[]}"
31_00000000000000000039,58,0.04098990100097655,2016,"{""type"":""MultiPoint"",""coordinates"":[]}"
31_0000000000000000003b,60,0.0,2016,"{""type"":""MultiPoint"",""coordinates"":[]}"
31_0000000000000000003d,62,0.024256817565917972,2016,"{""type"":""MultiPoint"",""coordinates"":[]}"
31_0000000000000000003f,64,0.005764519348144532,2016,"{""type"":""MultiPoint"",""coordinates"":[]}"
31_00000000000000000041,66,0.004028592163085937,2016,"{""type"":""MultiPoint"",""coordinates"":[]}"
31_00000000000000000043,68,0.03510176635742186,2016,"{""type"":""MultiPoint"",""coordinates"":[]}"
31_00000000000000000047,72,0.004608860351562501,2016,"{""type"":""MultiPoint"",""coordinates"":[]}"
31_00000000000000000049,74,0.0,2016,"{""type"":""MultiPoint"",""coordinates"":[]}"
31_0000000000000000004b,76,0.025933834920008027,2016,"{""type"":""MultiPoint"",""coordinates"":[]}"
31_0000000000000000004d,78,0.5516439590454107,2016,"{""type"":""MultiPoint"",""coordinates"":[]}"
31_0000000000000000004e,79,0.0,2016,"{""type"":""MultiPoint"",""coordinates"":[]}"
31_00000000000000000050,81,1.1852416439819338,2016,"{""type"":""MultiPoint"",""coordinates"":[]}"
31_00000000000000000052,83,0.001604230553002451,2016,"{""type"":""MultiPoint"",""coordinates"":[]}"
31_00000000000000000054,85,0.013097590148925784,2016,"{""type"":""MultiPoint"",""coordinates"":[]}"
31_00000000000000000056,87,0.011262502685546873,2016,"{""type"":""MultiPoint"",""coordinates"":[]}"
31_00000000000000000058,89,0.1976309248427438,2016,"{""type"":""MultiPoint"",""coordinates"":[]}"
31_0000000000000000005a,91,0.27872823278664877,2016,"{""type"":""MultiPoint"",""coordinates"":[]}"
31_0000000000000000005c,93,0.13204124815554122,2016,"{""type"":""MultiPoint"",""coordinates"":[]}"
31_0000000000000000005e,95,0.7555120189208979,2016,"{""type"":""MultiPoint"",""coordinates"":[]}"
31_00000000000000000060,97,0.16815469622802737,2016,"{""type"":""MultiPoint"",""coordinates"":[]}"
31_00000000000000000062,99,0.09645716131591803,2016,"{""type"":""MultiPoint"",""coordinates"":[]}"
31_00000000000000000064,101,1.262497823054049,2016,"{""type"":""MultiPoint"",""coordinates"":[]}"
31_00000000000000000066,103,14.53678822360624,2016,"{""type"":""MultiPoint"",""coordinates"":[]}"
31_00000000000000000068,105,0.07630041680908202,2016,"{""type"":""MultiPoint"",""coordinates"":[]}"
31_00000000000000000069,106,0.17355103570556632,2016,"{""type"":""MultiPoint"",""coordinates"":[]}"
31_0000000000000000006a,107,0.0,2016,"{""type"":""MultiPoint"",""coordinates"":[]}"
31_0000000000000000006b,108,0.0,2016,"{""type"":""MultiPoint"",""coordinates"":[]}"
31_00000000000000000071,114,0.2917362542772474,2016,"{""type"":""MultiPoint"",""coordinates"":[]}"
31_00000000000000000073,116,0.24098593601864166,2016,"{""type"":""MultiPoint"",""coordinates"":[]}"
31_00000000000000000075,118,1.2837958493278843,2016,"{""type"":""MultiPoint"",""coordinates"":[]}"
31_00000000000000000077,120,0.07152213343840963,2016,"{""type"":""MultiPoint"",""coordinates"":[]}"
31_0000000000000000007c,125,0.03297268878173828,2016,"{""type"":""MultiPoint"",""coordinates"":[]}"
31_0000000000000000007e,127,0.09213563903808598,2016,"{""type"":""MultiPoint"",""coordinates"":[]}"
31_00000000000000000080,129,0.5559071944580075,2016,"{""type"":""MultiPoint"",""coordinates"":[]}"
31_00000000000000000082,131,0.14611869689223345,2016,"{""type"":""MultiPoint"",""coordinates"":[]}"
31_00000000000000000084,133,0.013909759845329736,2016,"{""type"":""MultiPoint"",""coordinates"":[]}"
31_00000000000000000086,135,0.22395613171386689,2016,"{""type"":""MultiPoint"",""coordinates"":[]}"
31_00000000000000000088,137,0.0,2016,"{""type"":""MultiPoint"",""coordinates"":[]}"
31_0000000000000000008a,139,0.0,2016,"{""type"":""MultiPoint"",""coordinates"":[]}"
31_00000000000000000000,1,17.042271320986274,2016,"{""type"":""MultiPoint"",""coordinates"":[]}"
31_00000000000000000002,3,11.236624643874721,2016,"{""type"":""MultiPoint"",""coordinates"":[]}"
31_00000000000000000004,5,6.157091550667761,2016,"{""type"":""MultiPoint"",""coordinates"":[]}"
31_00000000000000000006,7,16.240664672868608,2016,"{""type"":""MultiPoint"",""coordinates"":[]}"
31_00000000000000000008,9,0.5810402864394255,2016,"{""type"":""MultiPoint"",""coordinates"":[]}"
31_0000000000000000000a,11,9.167248384561217,2016,"{""type"":""MultiPoint"",""coordinates"":[]}"
31_0000000000000000000c,13,0.6556803271043973,2016,"{""type"":""MultiPoint"",""coordinates"":[]}"
31_0000000000000000000e,15,3.98519695763535,2016,"{""type"":""MultiPoint"",""coordinates"":[]}"
31_00000000000000000010,17,6.52070288480392,2016,"{""type"":""MultiPoint"",""coordinates"":[]}"
31_00000000000000000012,19,1.6362108140359335,2016,"{""type"":""MultiPoint"",""coordinates"":[]}"
31_00000000000000000014,21,9.372939760263229,2016,"{""type"":""MultiPoint"",""coordinates"":[]}"
31_00000000000000000016,23,3.6261593880786376,2016,"{""type"":""MultiPoint"",""coordinates"":[]}"
31_00000000000000000018,25,3.7523822505389055,2016,"{""type"":""MultiPoint"",""coordinates"":[]}"
31_0000000000000000001d,30,0.9336151999206661,2016,"{""type"":""MultiPoint"",""coordinates"":[]}"
31_0000000000000000001e,31,0.0,2016,"{""type"":""MultiPoint"",""coordinates"":[]}"
31_0000000000000000001f,32,1.6649761246066248,2016,"{""type"":""MultiPoint"",""coordinates"":[]}"
31_00000000000000000021,34,3.2371919150738893,2016,"{""type"":""MultiPoint"",""coordinates"":[]}"
31_00000000000000000023,36,0.2812123181566424,2016,"{""type"":""MultiPoint"",""coordinates"":[]}"
31_00000000000000000025,38,0.9695355442176974,2016,"{""type"":""MultiPoint"",""coordinates"":[]}"
31_00000000000000000027,40,1.9977096984389338,2016,"{""type"":""MultiPoint"",""coordinates"":[]}"
31_00000000000000000029,42,0.7308817844311277,2016,"{""type"":""MultiPoint"",""coordinates"":[]}"
31_0000000000000000002b,44,7.509418650655465,2016,"{""type"":""MultiPoint"",""coordinates"":[]}"
31_0000000000000000002d,46,2.581767961675184,2016,"{""type"":""MultiPoint"",""coordinates"":[]}"
31_0000000000000000002e,47,15.145940903875637,2016,"{""type"":""MultiPoint"",""coordinates"":[]}"
31_00000000000000000030,49,1.4062893004574017,2016,"{""type"":""MultiPoint"",""coordinates"":[]}"
31_00000000000000000032,51,6.704833695360847,2016,"{""type"":""MultiPoint"",""coordinates"":[]}"
31_00000000000000000034,53,0.678248480904135,2016,"{""type"":""MultiPoint"",""coordinates"":[]}"
31_00000000000000000036,55,8.884068594850786,2016,"{""type"":""MultiPoint"",""coordinates"":[]}"
31_00000000000000000038,57,0.8511269587964817,2016,"{""type"":""MultiPoint"",""coordinates"":[]}"
31_0000000000000000003a,59,9.864768575989595,2016,"{""type"":""MultiPoint"",""coordinates"":[]}"
31_0000000000000000003c,61,10.473293884573467,2016,"{""type"":""MultiPoint"",""coordinates"":[]}"
31_0000000000000000003e,63,1.1284590260009764,2016,"{""type"":""MultiPoint"",""coordinates"":[]}"
31_00000000000000000040,65,4.2583043690103946,2016,"{""type"":""MultiPoint"",""coordinates"":[]}"
31_00000000000000000042,67,0.6947773320681108,2016,"{""type"":""MultiPoint"",""coordinates"":[]}"
31_00000000000000000044,69,0.03453957122802734,2016,"{""type"":""MultiPoint"",""coordinates"":[]}"
31_00000000000000000045,70,0.0,2016,"{""type"":""MultiPoint"",""coordinates"":[]}"
31_00000000000000000046,71,0.28395472656250004,2016,"{""type"":""MultiPoint"",""coordinates"":[]}"
31_00000000000000000048,73,3.127514942246148,2016,"{""type"":""MultiPoint"",""coordinates"":[]}"
31_0000000000000000004a,75,5.470792077143369,2016,"{""type"":""MultiPoint"",""coordinates"":[]}"
31_0000000000000000004c,77,5.231113353399036,2016,"{""type"":""MultiPoint"",""coordinates"":[]}"
31_0000000000000000004f,80,7.857154472068099,2016,"{""type"":""MultiPoint"",""coordinates"":[]}"
31_00000000000000000051,82,5.1024712346038035,2016,"{""type"":""MultiPoint"",""coordinates"":[]}"
31_00000000000000000053,84,21.045647100078078,2016,"{""type"":""MultiPoint"",""coordinates"":[]}"
31_00000000000000000055,86,0.007125615783691407,2016,"{""type"":""MultiPoint"",""coordinates"":[]}"
31_00000000000000000057,88,10.820060933993025,2016,"{""type"":""MultiPoint"",""coordinates"":[]}"
31_00000000000000000059,90,1.328908340634095,2016,"{""type"":""MultiPoint"",""coordinates"":[]}"
31_0000000000000000005b,92,6.792554268659007,2016,"{""type"":""MultiPoint"",""coordinates"":[]}"
31_0000000000000000005d,94,60.22333124283656,2016,"{""type"":""MultiPoint"",""coordinates"":[]}"
31_0000000000000000005f,96,130.88637722062177,2016,"{""type"":""MultiPoint"",""coordinates"":[]}"
31_00000000000000000061,98,86.32680249385496,2016,"{""type"":""MultiPoint"",""coordinates"":[]}"
31_00000000000000000063,100,22.403617747865418,2016,"{""type"":""MultiPoint"",""coordinates"":[]}"
31_00000000000000000065,102,57.86789321347693,2016,"{""type"":""MultiPoint"",""coordinates"":[]}"
31_00000000000000000067,104,16.873628670962205,2016,"{""type"":""MultiPoint"",""coordinates"":[]}"
31_0000000000000000006c,109,1.2278353451538129,2016,"{""type"":""MultiPoint"",""coordinates"":[]}"
31_0000000000000000006d,110,13.527002393305974,2016,"{""type"":""MultiPoint"",""coordinates"":[]}"
31_0000000000000000006e,111,0.0,2016,"{""type"":""MultiPoint"",""coordinates"":[]}"
31_0000000000000000006f,112,0.0,2016,"{""type"":""MultiPoint"",""coordinates"":[]}"
31_00000000000000000070,113,0.990164076181449,2016,"{""type"":""MultiPoint"",""coordinates"":[]}"
31_00000000000000000072,115,20.59286824727638,2016,"{""type"":""MultiPoint"",""coordinates"":[]}"
31_00000000000000000074,117,1.2253210140474176,2016,"{""type"":""MultiPoint"",""coordinates"":[]}"
31_00000000000000000076,119,0.1570578688840379,2016,"{""type"":""MultiPoint"",""coordinates"":[]}"
31_00000000000000000078,121,10.897655681436213,2016,"{""type"":""MultiPoint"",""coordinates"":[]}"
31_00000000000000000079,122,4.436658422396311,2016,"{""type"":""MultiPoint"",""coordinates"":[]}"
31_0000000000000000007a,123,13.892003228056788,2016,"{""type"":""MultiPoint"",""coordinates"":[]}"
31_0000000000000000007b,124,7.877372383530089,2016,"{""type"":""MultiPoint"",""coordinates"":[]}"
31_0000000000000000007d,126,18.447642156462148,2016,"{""type"":""MultiPoint"",""coordinates"":[]}"
31_0000000000000000007f,128,2.2777802159696687,2016,"{""type"":""MultiPoint"",""coordinates"":[]}"
31_00000000000000000081,130,3.5621032825889394,2016,"{""type"":""MultiPoint"",""coordinates"":[]}"
31_00000000000000000083,132,0.28487045454987187,2016,"{""type"":""MultiPoint"",""coordinates"":[]}"
31_00000000000000000085,134,7.269930538308774,2016,"{""type"":""MultiPoint"",""coordinates"":[]}"
31_00000000000000000087,136,0.08245209399414062,2016,"{""type"":""MultiPoint"",""coordinates"":[]}"
31_00000000000000000089,138,0.9183386176867913,2016,"{""type"":""MultiPoint"",""coordinates"":[]}"
31_0000000000000000008b,140,2.5452874684491347,2016,"{""type"":""MultiPoint"",""coordinates"":[]}"
31_0000000000000000008c,141,10.915281785437962,2016,"{""type"":""MultiPoint"",""coordinates"":[]}"
31_0000000000000000008d,142,32.254854073502386,2016,"{""type"":""MultiPoint"",""coordinates"":[]}"
31_0000000000000000008e,143,14.67049670872019,2016,"{""type"":""MultiPoint"",""coordinates"":[]}"
31_0000000000000000008f,144,107.77954958473012,2016,"{""type"":""MultiPoint"",""coordinates"":[]}"
32_00000000000000000001,2,4.365757118896489,2017,"{""type"":""MultiPoint"",""coordinates"":[]}"
32_00000000000000000003,4,0.05357113386158662,2017,"{""type"":""MultiPoint"",""coordinates"":[]}"
32_00000000000000000005,6,0.5914601132204576,2017,"{""type"":""MultiPoint"",""coordinates"":[]}"
32_00000000000000000007,8,0.8334652788432975,2017,"{""type"":""MultiPoint"",""coordinates"":[]}"
32_00000000000000000009,10,0.18913009366502903,2017,"{""type"":""MultiPoint"",""coordinates"":[]}"
32_0000000000000000000b,12,0.8458704203146524,2017,"{""type"":""MultiPoint"",""coordinates"":[]}"
32_0000000000000000000d,14,0.679404795593022,2017,"{""type"":""MultiPoint"",""coordinates"":[]}"
32_0000000000000000000f,16,0.658219073975088,2017,"{""type"":""MultiPoint"",""coordinates"":[]}"
32_00000000000000000011,18,2.0907391148071275,2017,"{""type"":""MultiPoint"",""coordinates"":[]}"
32_00000000000000000013,20,0.6139677503315049,2017,"{""type"":""MultiPoint"",""coordinates"":[]}"
32_00000000000000000015,22,0.057363460327148424,2017,"{""type"":""MultiPoint"",""coordinates"":[]}"
32_00000000000000000017,24,0.09955521981811521,2017,"{""type"":""MultiPoint"",""coordinates"":[]}"
32_00000000000000000019,26,0.9396592722473158,2017,"{""type"":""MultiPoint"",""coordinates"":[]}"
32_0000000000000000001a,27,0.0,2017,"{""type"":""MultiPoint"",""coordinates"":[]}"
32_0000000000000000001b,28,0.0,2017,"{""type"":""MultiPoint"",""coordinates"":[]}"
32_0000000000000000001c,29,2.7385865777893414,2017,"{""type"":""MultiPoint"",""coordinates"":[]}"
32_00000000000000000020,33,0.01163172119140625,2017,"{""type"":""MultiPoint"",""coordinates"":[]}"
32_00000000000000000022,35,0.0,2017,"{""type"":""MultiPoint"",""coordinates"":[]}"
32_00000000000000000024,37,0.010921256286621096,2017,"{""type"":""MultiPoint"",""coordinates"":[]}"
32_00000000000000000026,39,0.05431225775146484,2017,"{""type"":""MultiPoint"",""coordinates"":[]}"
32_00000000000000000028,41,0.013659947668935737,2017,"{""type"":""MultiPoint"",""coordinates"":[]}"
32_0000000000000000002a,43,0.021683375793457034,2017,"{""type"":""MultiPoint"",""coordinates"":[]}"
32_0000000000000000002c,45,0.0,2017,"{""type"":""MultiPoint"",""coordinates"":[]}"
32_0000000000000000002f,48,0.09637116882324218,2017,"{""type"":""MultiPoint"",""coordinates"":[]}"
32_00000000000000000031,50,0.32289553698730417,2017,"{""type"":""MultiPoint"",""coordinates"":[]}"
32_00000000000000000033,52,0.0,2017,"{""type"":""MultiPoint"",""coordinates"":[]}"
32_00000000000000000035,54,0.02632424359130858,2017,"{""type"":""MultiPoint"",""coordinates"":[]}"
32_00000000000000000037,56,0.13126615270996103,2017,"{""type"":""MultiPoint"",""coordinates"":[]}"
32_00000000000000000039,58,0.03705927954101562,2017,"{""type"":""MultiPoint"",""coordinates"":[]}"
32_0000000000000000003b,60,0.0,2017,"{""type"":""MultiPoint"",""coordinates"":[]}"
32_0000000000000000003d,62,0.024256817565917972,2017,"{""type"":""MultiPoint"",""coordinates"":[]}"
32_0000000000000000003f,64,0.005764519348144532,2017,"{""type"":""MultiPoint"",""coordinates"":[]}"
32_00000000000000000041,66,0.004028592163085937,2017,"{""type"":""MultiPoint"",""coordinates"":[]}"
32_00000000000000000043,68,0.036828032165527325,2017,"{""type"":""MultiPoint"",""coordinates"":[]}"
32_00000000000000000047,72,0.004608860351562501,2017,"{""type"":""MultiPoint"",""coordinates"":[]}"
32_00000000000000000049,74,0.0,2017,"{""type"":""MultiPoint"",""coordinates"":[]}"
32_0000000000000000004b,76,0.025933834920008027,2017,"{""type"":""MultiPoint"",""coordinates"":[]}"
32_0000000000000000004d,78,0.5510459772949226,2017,"{""type"":""MultiPoint"",""coordinates"":[]}"
32_0000000000000000004e,79,0.0,2017,"{""type"":""MultiPoint"",""coordinates"":[]}"
32_00000000000000000050,81,1.1921186654052736,2017,"{""type"":""MultiPoint"",""coordinates"":[]}"
32_00000000000000000052,83,0.001604230553002451,2017,"{""type"":""MultiPoint"",""coordinates"":[]}"
32_00000000000000000054,85,0.013097590148925784,2017,"{""type"":""MultiPoint"",""coordinates"":[]}"
32_00000000000000000056,87,0.01244803820800781,2017,"{""type"":""MultiPoint"",""coordinates"":[]}"
32_00000000000000000058,89,0.1976309248427438,2017,"{""type"":""MultiPoint"",""coordinates"":[]}"
32_0000000000000000005a,91,0.2751279749741488,2017,"{""type"":""MultiPoint"",""coordinates"":[]}"
32_0000000000000000005c,93,0.133246771898217,2017,"{""type"":""MultiPoint"",""coordinates"":[]}"
32_0000000000000000005e,95,0.740142257690429,2017,"{""type"":""MultiPoint"",""coordinates"":[]}"
32_00000000000000000060,97,0.16815469622802737,2017,"{""type"":""MultiPoint"",""coordinates"":[]}"
32_00000000000000000062,99,0.08815400488281247,2017,"{""type"":""MultiPoint"",""coordinates"":[]}"
32_00000000000000000064,101,1.260594320490572,2017,"{""type"":""MultiPoint"",""coordinates"":[]}"
32_00000000000000000066,103,14.533664603977348,2017,"{""type"":""MultiPoint"",""coordinates"":[]}"
32_00000000000000000068,105,0.07188437481689453,2017,"{""type"":""MultiPoint"",""coordinates"":[]}"
32_00000000000000000069,106,0.16540362322998037,2017,"{""type"":""MultiPoint"",""coordinates"":[]}"
32_0000000000000000006a,107,0.0,2017,"{""type"":""MultiPoint"",""coordinates"":[]}"
32_0000000000000000006b,108,0.0,2017,"{""type"":""MultiPoint"",""coordinates"":[]}"
32_00000000000000000071,114,0.2917362542772474,2017,"{""type"":""MultiPoint"",""coordinates"":[]}"
32_00000000000000000073,116,0.23984116209286038,2017,"{""type"":""MultiPoint"",""coordinates"":[]}"
32_00000000000000000075,118,1.2786237812736856,2017,"{""type"":""MultiPoint"",""coordinates"":[]}"
32_00000000000000000077,120,0.07267956373626121,2017,"{""type"":""MultiPoint"",""coordinates"":[]}"
32_0000000000000000007c,125,0.03297268878173828,2017,"{""type"":""MultiPoint"",""coordinates"":[]}"
32_0000000000000000007e,127,0.09213563903808598,2017,"{""type"":""MultiPoint"",""coordinates"":[]}"
32_00000000000000000080,129,0.5559071944580075,2017,"{""type"":""MultiPoint"",""coordinates"":[]}"
32_00000000000000000082,131,0.14611869689223345,2017,"{""type"":""MultiPoint"",""coordinates"":[]}"
32_00000000000000000084,133,0.013909759845329736,2017,"{""type"":""MultiPoint"",""coordinates"":[]}"
32_00000000000000000086,135,0.22395613171386689,2017,"{""type"":""MultiPoint"",""coordinates"":[]}"
32_00000000000000000088,137,0.0,2017,"{""type"":""MultiPoint"",""coordinates"":[]}"
32_0000000000000000008a,139,0.0,2017,"{""type"":""MultiPoint"",""coordinates"":[]}"
32_00000000000000000000,1,17.038270882602816,2017,"{""type"":""MultiPoint"",""coordinates"":[]}"
32_00000000000000000002,3,11.21832396412618,2017,"{""type"":""MultiPoint"",""coordinates"":[]}"
32_00000000000000000004,5,6.230371424324985,2017,"{""type"":""MultiPoint"",""coordinates"":[]}"
32_00000000000000000006,7,16.204277072831974,2017,"{""type"":""MultiPoint"",""coordinates"":[]}"
32_00000000000000000008,9,0.5681016739408614,2017,"{""type"":""MultiPoint"",""coordinates"":[]}"
32_0000000000000000000a,11,9.15227704923407,2017,"{""type"":""MultiPoint"",""coordinates"":[]}"
32_0000000000000000000c,13,0.652646044369687,2017,"{""type"":""MultiPoint"",""coordinates"":[]}"
32_0000000000000000000e,15,3.980824332608063,2017,"{""type"":""MultiPoint"",""coordinates"":[]}"
32_00000000000000000010,17,6.502079475135952,2017,"{""type"":""MultiPoint"",""coordinates"":[]}"
32_00000000000000000012,19,1.6309342562966755,2017,"{""type"":""MultiPoint"",""coordinates"":[]}"
32_00000000000000000014,21,9.334789588388231,2017,"{""type"":""MultiPoint"",""coordinates"":[]}"
32_00000000000000000016,23,3.6112722192859126,2017,"{""type"":""MultiPoint"",""coordinates"":[]}"
32_00000000000000000018,25,3.7436969875384176,2017,"{""type"":""MultiPoint"",""coordinates"":[]}"
32_0000000000000000001d,30,0.9391862159729132,2017,"{""type"":""MultiPoint"",""coordinates"":[]}"
32_0000000000000000001e,31,0.0,2017,"{""type"":""MultiPoint"",""coordinates"":[]}"
32_0000000000000000001f,32,1.688820838480993,2017,"{""type"":""MultiPoint"",""coordinates"":[]}"
32_00000000000000000021,34,3.2480740542645625,2017,"{""type"":""MultiPoint"",""coordinates"":[]}"
32_00000000000000000023,36,0.2831911159471697,2017,"{""type"":""MultiPoint"",""coordinates"":[]}"
32_00000000000000000025,38,0.9715268873573457,2017,"{""type"":""MultiPoint"",""coordinates"":[]}"
32_00000000000000000027,40,2.0095158839388954,2017,"{""type"":""MultiPoint"",""coordinates"":[]}"
32_00000000000000000029,42,0.7208289605785888,2017,"{""type"":""MultiPoint"",""coordinates"":[]}"
32_0000000000000000002b,44,7.520109535512645,2017,"{""type"":""MultiPoint"",""coordinates"":[]}"
32_0000000000000000002d,46,2.5843523688407113,2017,"{""type"":""MultiPoint"",""coordinates"":[]}"
32_0000000000000000002e,47,15.140385170355126,2017,"{""type"":""MultiPoint"",""coordinates"":[]}"
32_00000000000000000030,49,1.4148241569390958,2017,"{""type"":""MultiPoint"",""coordinates"":[]}"
32_00000000000000000032,51,6.701160938463875,2017,"{""type"":""MultiPoint"",""coordinates"":[]}"
32_00000000000000000034,53,0.678248480904135,2017,"{""type"":""MultiPoint"",""coordinates"":[]}"
32_00000000000000000036,55,8.85507676330782,2017,"{""type"":""MultiPoint"",""coordinates"":[]}"
32_00000000000000000038,57,0.8511269587964817,2017,"{""type"":""MultiPoint"",""coordinates"":[]}"
32_0000000000000000003a,59,9.858506654666787,2017,"{""type"":""MultiPoint"",""coordinates"":[]}"
32_0000000000000000003c,61,10.464079035635477,2017,"{""type"":""MultiPoint"",""coordinates"":[]}"
32_0000000000000000003e,63,1.1215408002319336,2017,"{""type"":""MultiPoint"",""coordinates"":[]}"
32_00000000000000000040,65,4.25772387297768,2017,"{""type"":""MultiPoint"",""coordinates"":[]}"
32_00000000000000000042,67,0.691325103674556,2017,"{""type"":""MultiPoint"",""coordinates"":[]}"
32_00000000000000000044,69,0.03453957122802734,2017,"{""type"":""MultiPoint"",""coordinates"":[]}"
32_00000000000000000045,70,0.0,2017,"{""type"":""MultiPoint"",""coordinates"":[]}"
32_00000000000000000046,71,0.28395472656250004,2017,"{""type"":""MultiPoint"",""coordinates"":[]}"
32_00000000000000000048,73,3.140915506577203,2017,"{""type"":""MultiPoint"",""coordinates"":[]}"
32_0000000000000000004a,75,5.468429044306452,2017,"{""type"":""MultiPoint"",""coordinates"":[]}"
32_0000000000000000004c,77,5.226925013555283,2017,"{""type"":""MultiPoint"",""coordinates"":[]}"
32_0000000000000000004f,80,7.866328210654525,2017,"{""type"":""MultiPoint"",""coordinates"":[]}"
32_00000000000000000051,82,5.097214090046227,2017,"{""type"":""MultiPoint"",""coordinates"":[]}"
32_00000000000000000053,84,21.057973053426636,2017,"{""type"":""MultiPoint"",""coordinates"":[]}"
32_00000000000000000055,86,0.007125615783691407,2017,"{""type"":""MultiPoint"",""coordinates"":[]}"
32_00000000000000000057,88,10.817319923756827,2017,"{""type"":""MultiPoint"",""coordinates"":[]}"
32_00000000000000000059,90,1.3241076350066536,2017,"{""type"":""MultiPoint"",""coordinates"":[]}"
32_0000000000000000005b,92,6.794970268109691,2017,"{""type"":""MultiPoint"",""coordinates"":[]}"
32_0000000000000000005d,94,60.13525264163309,2017,"{""type"":""MultiPoint"",""coordinates"":[]}"
32_0000000000000000005f,96,130.6489442643106,2017,"{""type"":""MultiPoint"",""coordinates"":[]}"
32_00000000000000000061,98,86.2787016202588,2017,"{""type"":""MultiPoint"",""coordinates"":[]}"
32_00000000000000000063,100,22.39901386628081,2017,"{""type"":""MultiPoint"",""coordinates"":[]}"
32_00000000000000000065,102,57.91814778478368,2017,"{""type"":""MultiPoint"",""coordinates"":[]}"
32_00000000000000000067,104,16.883205122195115,2017,"{""type"":""MultiPoint"",""coordinates"":[]}"
32_0000000000000000006c,109,1.231638110473637,2017,"{""type"":""MultiPoint"",""coordinates"":[]}"
32_0000000000000000006d,110,13.482578200251774,2017,"{""type"":""MultiPoint"",""coordinates"":[]}"
32_0000000000000000006e,111,0.0,2017,"{""type"":""MultiPoint"",""coordinates"":[]}"
32_0000000000000000006f,112,0.0,2017,"{""type"":""MultiPoint"",""coordinates"":[]}"
32_00000000000000000070,113,0.9872054475803747,2017,"{""type"":""MultiPoint"",""coordinates"":[]}"
32_00000000000000000072,115,20.572703028516578,2017,"{""type"":""MultiPoint"",""coordinates"":[]}"
32_00000000000000000074,117,1.2258938126314018,2017,"{""type"":""MultiPoint"",""coordinates"":[]}"
32_00000000000000000076,119,0.16338174809546369,2017,"{""type"":""MultiPoint"",""coordinates"":[]}"
32_00000000000000000078,121,10.912882330361995,2017,"{""type"":""MultiPoint"",""coordinates"":[]}"
32_00000000000000000079,122,4.4631083857141824,2017,"{""type"":""MultiPoint"",""coordinates"":[]}"
32_0000000000000000007a,123,13.808718642912748,2017,"{""type"":""MultiPoint"",""coordinates"":[]}"
32_0000000000000000007b,124,7.870773821091127,2017,"{""type"":""MultiPoint"",""coordinates"":[]}"
32_0000000000000000007d,126,18.433449564547992,2017,"{""type"":""MultiPoint"",""coordinates"":[]}"
32_0000000000000000007f,128,2.278965592800723,2017,"{""type"":""MultiPoint"",""coordinates"":[]}"
32_00000000000000000081,130,3.5526948608360107,2017,"{""type"":""MultiPoint"",""coordinates"":[]}"
32_00000000000000000083,132,0.28487045454987187,2017,"{""type"":""MultiPoint"",""coordinates"":[]}"
32_00000000000000000085,134,7.253753228137924,2017,"{""type"":""MultiPoint"",""coordinates"":[]}"
32_00000000000000000087,136,0.08245209399414062,2017,"{""type"":""MultiPoint"",""coordinates"":[]}"
32_00000000000000000089,138,0.9171245685534906,2017,"{""type"":""MultiPoint"",""coordinates"":[]}"
32_0000000000000000008b,140,2.547701254215737,2017,"{""type"":""MultiPoint"",""coordinates"":[]}"
32_0000000000000000008c,141,10.803762029762419,2017,"{""type"":""MultiPoint"",""coordinates"":[]}"
32_0000000000000000008d,142,32.17121336732563,2017,"{""type"":""MultiPoint"",""coordinates"":[]}"
32_0000000000000000008e,143,14.663184169291473,2017,"{""type"":""MultiPoint"",""coordinates"":[]}"
32_0000000000000000008f,144,107.65291721707237,2017,"{""type"":""MultiPoint"",""coordinates"":[]}"
33_00000000000000000001,2,4.346411601074222,2018,"{""type"":""MultiPoint"",""coordinates"":[]}"
33_00000000000000000003,4,0.05357142036061006,2018,"{""type"":""MultiPoint"",""coordinates"":[]}"
33_00000000000000000005,6,0.5920260103762193,2018,"{""type"":""MultiPoint"",""coordinates"":[]}"
33_00000000000000000007,8,0.8311344103166144,2018,"{""type"":""MultiPoint"",""coordinates"":[]}"
33_00000000000000000009,10,0.194240554223393,2018,"{""type"":""MultiPoint"",""coordinates"":[]}"
33_0000000000000000000b,12,0.8231694777487346,2018,"{""type"":""MultiPoint"",""coordinates"":[]}"
33_0000000000000000000d,14,0.6622424008865656,2018,"{""type"":""MultiPoint"",""coordinates"":[]}"
33_0000000000000000000f,16,0.6587474966435456,2018,"{""type"":""MultiPoint"",""coordinates"":[]}"
33_00000000000000000011,18,2.0647482196044926,2018,"{""type"":""MultiPoint"",""coordinates"":[]}"
33_00000000000000000013,20,0.61499811416207,2018,"{""type"":""MultiPoint"",""coordinates"":[]}"
33_00000000000000000015,22,0.07390037976074215,2018,"{""type"":""MultiPoint"",""coordinates"":[]}"
33_00000000000000000017,24,0.09652337814331052,2018,"{""type"":""MultiPoint"",""coordinates"":[]}"
33_00000000000000000019,26,0.9237929092712418,2018,"{""type"":""MultiPoint"",""coordinates"":[]}"
33_0000000000000000001a,27,0.0,2018,"{""type"":""MultiPoint"",""coordinates"":[]}"
33_0000000000000000001b,28,0.0,2018,"{""type"":""MultiPoint"",""coordinates"":[]}"
33_0000000000000000001c,29,2.728208767730745,2018,"{""type"":""MultiPoint"",""coordinates"":[]}"
33_00000000000000000020,33,0.01163172119140625,2018,"{""type"":""MultiPoint"",""coordinates"":[]}"
33_00000000000000000022,35,0.0,2018,"{""type"":""MultiPoint"",""coordinates"":[]}"
33_00000000000000000024,37,0.010921256286621096,2018,"{""type"":""MultiPoint"",""coordinates"":[]}"
33_00000000000000000026,39,0.05431225775146484,2018,"{""type"":""MultiPoint"",""coordinates"":[]}"
33_00000000000000000028,41,0.013659947668935737,2018,"{""type"":""MultiPoint"",""coordinates"":[]}"
33_0000000000000000002a,43,0.021683375793457034,2018,"{""type"":""MultiPoint"",""coordinates"":[]}"
33_0000000000000000002c,45,0.0,2018,"{""type"":""MultiPoint"",""coordinates"":[]}"
33_0000000000000000002f,48,0.09637116882324218,2018,"{""type"":""MultiPoint"",""coordinates"":[]}"
33_00000000000000000031,50,0.3304409415283196,2018,"{""type"":""MultiPoint"",""coordinates"":[]}"
33_00000000000000000033,52,0.0,2018,"{""type"":""MultiPoint"",""coordinates"":[]}"
33_00000000000000000035,54,0.02632424359130858,2018,"{""type"":""MultiPoint"",""coordinates"":[]}"
33_00000000000000000037,56,0.13126615270996103,2018,"{""type"":""MultiPoint"",""coordinates"":[]}"
33_00000000000000000039,58,0.038749124084472654,2018,"{""type"":""MultiPoint"",""coordinates"":[]}"
33_0000000000000000003b,60,0.0,2018,"{""type"":""MultiPoint"",""coordinates"":[]}"
33_0000000000000000003d,62,0.024256817565917972,2018,"{""type"":""MultiPoint"",""coordinates"":[]}"
33_0000000000000000003f,64,0.005764519348144532,2018,"{""type"":""MultiPoint"",""coordinates"":[]}"
33_00000000000000000041,66,0.004028592163085937,2018,"{""type"":""MultiPoint"",""coordinates"":[]}"
33_00000000000000000043,68,0.036828032165527325,2018,"{""type"":""MultiPoint"",""coordinates"":[]}"
33_00000000000000000047,72,0.004608860351562501,2018,"{""type"":""MultiPoint"",""coordinates"":[]}"
33_00000000000000000049,74,0.0,2018,"{""type"":""MultiPoint"",""coordinates"":[]}"
33_0000000000000000004b,76,0.025933834920008027,2018,"{""type"":""MultiPoint"",""coordinates"":[]}"
33_0000000000000000004d,78,0.5510459772949226,2018,"{""type"":""MultiPoint"",""coordinates"":[]}"
33_0000000000000000004e,79,0.0,2018,"{""type"":""MultiPoint"",""coordinates"":[]}"
33_00000000000000000050,81,1.2020527299804689,2018,"{""type"":""MultiPoint"",""coordinates"":[]}"
33_00000000000000000052,83,0.001604230553002451,2018,"{""type"":""MultiPoint"",""coordinates"":[]}"
33_00000000000000000054,85,0.013097590148925784,2018,"{""type"":""MultiPoint"",""coordinates"":[]}"
33_00000000000000000056,87,0.01244803820800781,2018,"{""type"":""MultiPoint"",""coordinates"":[]}"
33_00000000000000000058,89,0.19707599889633984,2018,"{""type"":""MultiPoint"",""coordinates"":[]}"
33_0000000000000000005a,91,0.2751279749741488,2018,"{""type"":""MultiPoint"",""coordinates"":[]}"
33_0000000000000000005c,93,0.1380682728137443,2018,"{""type"":""MultiPoint"",""coordinates"":[]}"
33_0000000000000000005e,95,0.7382994996337883,2018,"{""type"":""MultiPoint"",""coordinates"":[]}"
33_00000000000000000060,97,0.16815469622802737,2018,"{""type"":""MultiPoint"",""coordinates"":[]}"
33_00000000000000000062,99,0.08240580572509763,2018,"{""type"":""MultiPoint"",""coordinates"":[]}"
33_00000000000000000064,101,1.2599591025950643,2018,"{""type"":""MultiPoint"",""coordinates"":[]}"
33_00000000000000000066,103,14.49741802420441,2018,"{""type"":""MultiPoint"",""coordinates"":[]}"
33_00000000000000000068,105,0.06935847155761718,2018,"{""type"":""MultiPoint"",""coordinates"":[]}"
33_00000000000000000069,106,0.16916522595214833,2018,"{""type"":""MultiPoint"",""coordinates"":[]}"
33_0000000000000000006a,107,0.0,2018,"{""type"":""MultiPoint"",""coordinates"":[]}"
33_0000000000000000006b,108,0.0,2018,"{""type"":""MultiPoint"",""coordinates"":[]}"
33_00000000000000000071,114,0.2893840933885756,2018,"{""type"":""MultiPoint"",""coordinates"":[]}"
33_00000000000000000073,116,0.23984116209286038,2018,"{""type"":""MultiPoint"",""coordinates"":[]}"
33_00000000000000000075,118,1.2688537016228085,2018,"{""type"":""MultiPoint"",""coordinates"":[]}"
33_00000000000000000077,120,0.07267956373626121,2018,"{""type"":""MultiPoint"",""coordinates"":[]}"
33_0000000000000000007c,125,0.03297268878173828,2018,"{""type"":""MultiPoint"",""coordinates"":[]}"
33_0000000000000000007e,127,0.09213563903808598,2018,"{""type"":""MultiPoint"",""coordinates"":[]}"
33_00000000000000000080,129,0.5541414648437497,2018,"{""type"":""MultiPoint"",""coordinates"":[]}"
33_00000000000000000082,131,0.14611869689223345,2018,"{""type"":""MultiPoint"",""coordinates"":[]}"
33_00000000000000000084,133,0.011896673950195313,2018,"{""type"":""MultiPoint"",""coordinates"":[]}"
33_00000000000000000086,135,0.22395613171386689,2018,"{""type"":""MultiPoint"",""coordinates"":[]}"
33_00000000000000000088,137,0.0,2018,"{""type"":""MultiPoint"",""coordinates"":[]}"
33_0000000000000000008a,139,0.0,2018,"{""type"":""MultiPoint"",""coordinates"":[]}"
33_00000000000000000000,1,17.02306964186245,2018,"{""type"":""MultiPoint"",""coordinates"":[]}"
33_00000000000000000002,3,11.207385854817,2018,"{""type"":""MultiPoint"",""coordinates"":[]}"
33_00000000000000000004,5,6.23442427900028,2018,"{""type"":""MultiPoint"",""coordinates"":[]}"
33_00000000000000000006,7,16.152829181752207,2018,"{""type"":""MultiPoint"",""coordinates"":[]}"
33_00000000000000000008,9,0.5598288807351512,2018,"{""type"":""MultiPoint"",""coordinates"":[]}"
33_0000000000000000000a,11,9.090265842202822,2018,"{""type"":""MultiPoint"",""coordinates"":[]}"
33_0000000000000000000c,13,0.6526462563447846,2018,"{""type"":""MultiPoint"",""coordinates"":[]}"
33_0000000000000000000e,15,3.9462099592385402,2018,"{""type"":""MultiPoint"",""coordinates"":[]}"
33_00000000000000000010,17,6.488779025367886,2018,"{""type"":""MultiPoint"",""coordinates"":[]}"
33_00000000000000000012,19,1.6187991585183559,2018,"{""type"":""MultiPoint"",""coordinates"":[]}"
33_00000000000000000014,21,9.29878160114458,2018,"{""type"":""MultiPoint"",""coordinates"":[]}"
33_00000000000000000016,23,3.581521004655785,2018,"{""type"":""MultiPoint"",""coordinates"":[]}"
33_00000000000000000018,25,3.745386240468104,2018,"{""type"":""MultiPoint"",""coordinates"":[]}"
33_0000000000000000001d,30,0.9308173847351229,2018,"{""type"":""MultiPoint"",""coordinates"":[]}"
33_0000000000000000001e,31,0.0,2018,"{""type"":""MultiPoint"",""coordinates"":[]}"
33_0000000000000000001f,32,1.7005745579634148,2018,"{""type"":""MultiPoint"",""coordinates"":[]}"
33_00000000000000000021,34,3.2769177941022085,2018,"{""type"":""MultiPoint"",""coordinates"":[]}"
33_00000000000000000023,36,0.2831911159471697,2018,"{""type"":""MultiPoint"",""coordinates"":[]}"
33_00000000000000000025,38,0.9715334737831272,2018,"{""type"":""MultiPoint"",""coordinates"":[]}"
33_00000000000000000027,40,2.0125211119052038,2018,"{""type"":""MultiPoint"",""coordinates"":[]}"
33_00000000000000000029,42,0.7208289605785888,2018,"{""type"":""MultiPoint"",""coordinates"":[]}"
33_0000000000000000002b,44,7.519045137746531,2018,"{""type"":""MultiPoint"",""coordinates"":[]}"
33_0000000000000000002d,46,2.594667540166394,2018,"{""type"":""MultiPoint"",""coordinates"":[]}"
33_0000000000000000002e,47,15.165505963629053,2018,"{""type"":""MultiPoint"",""coordinates"":[]}"
33_00000000000000000030,49,1.4039708419699253,2018,"{""type"":""MultiPoint"",""coordinates"":[]}"
33_00000000000000000032,51,6.677198252301862,2018,"{""type"":""MultiPoint"",""coordinates"":[]}"
33_00000000000000000034,53,0.67931878363851,2018,"{""type"":""MultiPoint"",""coordinates"":[]}"
33_00000000000000000036,55,8.826623959902058,2018,"{""type"":""MultiPoint"",""coordinates"":[]}"
33_00000000000000000038,57,0.8511269587964817,2018,"{""type"":""MultiPoint"",""coordinates"":[]}"
33_0000000000000000003a,59,9.85361996707009,2018,"{""type"":""MultiPoint"",""coordinates"":[]}"
33_0000000000000000003c,61,10.429518651175028,2018,"{""type"":""MultiPoint"",""coordinates"":[]}"
33_0000000000000000003e,63,1.1313455803833006,2018,"{""type"":""MultiPoint"",""coordinates"":[]}"
33_00000000000000000040,65,4.264345727725497,2018,"{""type"":""MultiPoint"",""coordinates"":[]}"
33_00000000000000000042,67,0.6918996260134234,2018,"{""type"":""MultiPoint"",""coordinates"":[]}"
33_00000000000000000044,69,0.03511503186035156,2018,"{""type"":""MultiPoint"",""coordinates"":[]}"
33_00000000000000000045,70,0.0,2018,"{""type"":""MultiPoint"",""coordinates"":[]}"
33_00000000000000000046,71,0.28395472656250004,2018,"{""type"":""MultiPoint"",""coordinates"":[]}"
33_00000000000000000048,73,3.145563447942763,2018,"{""type"":""MultiPoint"",""coordinates"":[]}"
33_0000000000000000004a,75,5.470802361567195,2018,"{""type"":""MultiPoint"",""coordinates"":[]}"
33_0000000000000000004c,77,5.222727909917587,2018,"{""type"":""MultiPoint"",""coordinates"":[]}"
33_0000000000000000004f,80,7.872004344459143,2018,"{""type"":""MultiPoint"",""coordinates"":[]}"
33_00000000000000000051,82,5.096593493671714,2018,"{""type"":""MultiPoint"",""coordinates"":[]}"
33_00000000000000000053,84,21.057486716279204,2018,"{""type"":""MultiPoint"",""coordinates"":[]}"
33_00000000000000000055,86,0.007125615783691407,2018,"{""type"":""MultiPoint"",""coordinates"":[]}"
33_00000000000000000057,88,10.801902210298937,2018,"{""type"":""MultiPoint"",""coordinates"":[]}"
33_00000000000000000059,90,1.3174993717620247,2018,"{""type"":""MultiPoint"",""coordinates"":[]}"
33_0000000000000000005b,92,6.791963490704907,2018,"{""type"":""MultiPoint"",""coordinates"":[]}"
33_0000000000000000005d,94,60.03103701364236,2018,"{""type"":""MultiPoint"",""coordinates"":[]}"
33_0000000000000000005f,96,130.26277818926312,2018,"{""type"":""MultiPoint"",""coordinates"":[]}"
33_00000000000000000061,98,86.15386408565192,2018,"{""type"":""MultiPoint"",""coordinates"":[]}"
33_00000000000000000063,100,22.43081943659331,2018,"{""type"":""MultiPoint"",""coordinates"":[]}"
33_00000000000000000065,102,57.78165667846527,2018,"{""type"":""MultiPoint"",""coordinates"":[]}"
33_00000000000000000067,104,16.856750645510537,2018,"{""type"":""MultiPoint"",""coordinates"":[]}"
33_0000000000000000006c,109,1.231638110473637,2018,"{""type"":""MultiPoint"",""coordinates"":[]}"
33_0000000000000000006d,110,13.450824783137522,2018,"{""type"":""MultiPoint"",""coordinates"":[]}"
33_0000000000000000006e,111,0.0,2018,"{""type"":""MultiPoint"",""coordinates"":[]}"
33_0000000000000000006f,112,0.0,2018,"{""type"":""MultiPoint"",""coordinates"":[]}"
33_00000000000000000070,113,0.9860330969944372,2018,"{""type"":""MultiPoint"",""coordinates"":[]}"
33_00000000000000000072,115,20.47402239228611,2018,"{""type"":""MultiPoint"",""coordinates"":[]}"
33_00000000000000000074,117,1.2075530665986869,2018,"{""type"":""MultiPoint"",""coordinates"":[]}"
33_00000000000000000076,119,0.15875207792944807,2018,"{""type"":""MultiPoint"",""coordinates"":[]}"
33_00000000000000000078,121,10.919307167337092,2018,"{""type"":""MultiPoint"",""coordinates"":[]}"
33_00000000000000000079,122,4.446228036959301,2018,"{""type"":""MultiPoint"",""coordinates"":[]}"
33_0000000000000000007a,123,13.703648129772478,2018,"{""type"":""MultiPoint"",""coordinates"":[]}"
33_0000000000000000007b,124,7.841480662155582,2018,"{""type"":""MultiPoint"",""coordinates"":[]}"
33_0000000000000000007d,126,18.40120511514614,2018,"{""type"":""MultiPoint"",""coordinates"":[]}"
33_0000000000000000007f,128,2.2607744189115624,2018,"{""type"":""MultiPoint"",""coordinates"":[]}"
33_00000000000000000081,130,3.5233062816734133,2018,"{""type"":""MultiPoint"",""coordinates"":[]}"
33_00000000000000000083,132,0.28272233494107124,2018,"{""type"":""MultiPoint"",""coordinates"":[]}"
33_00000000000000000085,134,7.1788643487433905,2018,"{""type"":""MultiPoint"",""coordinates"":[]}"
33_00000000000000000087,136,0.07637764343261719,2018,"{""type"":""MultiPoint"",""coordinates"":[]}"
33_00000000000000000089,138,0.9079967276721428,2018,"{""type"":""MultiPoint"",""coordinates"":[]}"
33_0000000000000000008b,140,2.556811676884194,2018,"{""type"":""MultiPoint"",""coordinates"":[]}"
33_0000000000000000008c,141,10.763721653053437,2018,"{""type"":""MultiPoint"",""coordinates"":[]}"
33_0000000000000000008d,142,32.038341611650075,2018,"{""type"":""MultiPoint"",""coordinates"":[]}"
33_0000000000000000008e,143,14.634565132548307,2018,"{""type"":""MultiPoint"",""coordinates"":[]}"
33_0000000000000000008f,144,107.48773229232708,2018,"{""type"":""MultiPoint"",""coordinates"":[]}"
34_00000000000000000001,2,4.26819945239258,2019,"{""type"":""MultiPoint"",""coordinates"":[]}"
34_00000000000000000003,4,0.0507298819694968,2019,"{""type"":""MultiPoint"",""coordinates"":[]}"
34_00000000000000000005,6,0.5841020136721176,2019,"{""type"":""MultiPoint"",""coordinates"":[]}"
34_00000000000000000007,8,0.8195765427018685,2019,"{""type"":""MultiPoint"",""coordinates"":[]}"
34_00000000000000000009,10,0.18061721175513146,2019,"{""type"":""MultiPoint"",""coordinates"":[]}"
34_0000000000000000000b,12,0.8253258661764687,2019,"{""type"":""MultiPoint"",""coordinates"":[]}"
34_0000000000000000000d,14,0.6633156399002372,2019,"{""type"":""MultiPoint"",""coordinates"":[]}"
34_0000000000000000000f,16,0.6598068955693268,2019,"{""type"":""MultiPoint"",""coordinates"":[]}"
34_00000000000000000011,18,2.0445727319946307,2019,"{""type"":""MultiPoint"",""coordinates"":[]}"
34_00000000000000000013,20,0.6076179067035741,2019,"{""type"":""MultiPoint"",""coordinates"":[]}"
34_00000000000000000015,22,0.07390037976074215,2019,"{""type"":""MultiPoint"",""coordinates"":[]}"
34_00000000000000000017,24,0.0924799464416504,2019,"{""type"":""MultiPoint"",""coordinates"":[]}"
34_00000000000000000019,26,0.9282645190734881,2019,"{""type"":""MultiPoint"",""coordinates"":[]}"
34_0000000000000000001a,27,0.0,2019,"{""type"":""MultiPoint"",""coordinates"":[]}"
34_0000000000000000001b,28,0.0,2019,"{""type"":""MultiPoint"",""coordinates"":[]}"
34_0000000000000000001c,29,2.707944720794707,2019,"{""type"":""MultiPoint"",""coordinates"":[]}"
34_00000000000000000020,33,0.01163172119140625,2019,"{""type"":""MultiPoint"",""coordinates"":[]}"
34_00000000000000000022,35,0.0,2019,"{""type"":""MultiPoint"",""coordinates"":[]}"
34_00000000000000000024,37,0.010921256286621096,2019,"{""type"":""MultiPoint"",""coordinates"":[]}"
34_00000000000000000026,39,0.05431225775146484,2019,"{""type"":""MultiPoint"",""coordinates"":[]}"
34_00000000000000000028,41,0.013659947668935737,2019,"{""type"":""MultiPoint"",""coordinates"":[]}"
34_0000000000000000002a,43,0.021683375793457034,2019,"{""type"":""MultiPoint"",""coordinates"":[]}"
34_0000000000000000002c,45,0.0,2019,"{""type"":""MultiPoint"",""coordinates"":[]}"
34_0000000000000000002f,48,0.09315442712402341,2019,"{""type"":""MultiPoint"",""coordinates"":[]}"
34_00000000000000000031,50,0.3304419114990227,2019,"{""type"":""MultiPoint"",""coordinates"":[]}"
34_00000000000000000033,52,0.0,2019,"{""type"":""MultiPoint"",""coordinates"":[]}"
34_00000000000000000035,54,0.02632424359130858,2019,"{""type"":""MultiPoint"",""coordinates"":[]}"
34_00000000000000000037,56,0.13238825280761726,2019,"{""type"":""MultiPoint"",""coordinates"":[]}"
34_00000000000000000039,58,0.038749124084472654,2019,"{""type"":""MultiPoint"",""coordinates"":[]}"
34_0000000000000000003b,60,0.0,2019,"{""type"":""MultiPoint"",""coordinates"":[]}"
34_0000000000000000003d,62,0.024256817565917972,2019,"{""type"":""MultiPoint"",""coordinates"":[]}"
34_0000000000000000003f,64,0.005764519348144532,2019,"{""type"":""MultiPoint"",""coordinates"":[]}"
34_00000000000000000041,66,0.004028592163085937,2019,"{""type"":""MultiPoint"",""coordinates"":[]}"
34_00000000000000000043,68,0.036828032165527325,2019,"{""type"":""MultiPoint"",""coordinates"":[]}"
34_00000000000000000047,72,0.004608860351562501,2019,"{""type"":""MultiPoint"",""coordinates"":[]}"
34_00000000000000000049,74,0.0,2019,"{""type"":""MultiPoint"",""coordinates"":[]}"
34_0000000000000000004b,76,0.025933834920008027,2019,"{""type"":""MultiPoint"",""coordinates"":[]}"
34_0000000000000000004d,78,0.5510459772949226,2019,"{""type"":""MultiPoint"",""coordinates"":[]}"
34_0000000000000000004e,79,0.0,2019,"{""type"":""MultiPoint"",""coordinates"":[]}"
34_00000000000000000050,81,1.2243715039062502,2019,"{""type"":""MultiPoint"",""coordinates"":[]}"
34_00000000000000000052,83,0.001604230553002451,2019,"{""type"":""MultiPoint"",""coordinates"":[]}"
34_00000000000000000054,85,0.013097590148925784,2019,"{""type"":""MultiPoint"",""coordinates"":[]}"
34_00000000000000000056,87,0.013633583251953123,2019,"{""type"":""MultiPoint"",""coordinates"":[]}"
34_00000000000000000058,89,0.19707599889633984,2019,"{""type"":""MultiPoint"",""coordinates"":[]}"
34_0000000000000000005a,91,0.2751279749741488,2019,"{""type"":""MultiPoint"",""coordinates"":[]}"
34_0000000000000000005c,93,0.14409556218142003,2019,"{""type"":""MultiPoint"",""coordinates"":[]}"
34_0000000000000000005e,95,0.7296943345336909,2019,"{""type"":""MultiPoint"",""coordinates"":[]}"
34_00000000000000000060,97,0.16556770642089838,2019,"{""type"":""MultiPoint"",""coordinates"":[]}"
34_00000000000000000062,99,0.07857374444580077,2019,"{""type"":""MultiPoint"",""coordinates"":[]}"
34_00000000000000000064,101,1.2593282249705524,2019,"{""type"":""MultiPoint"",""coordinates"":[]}"
34_00000000000000000066,103,14.393692900303163,2019,"{""type"":""MultiPoint"",""coordinates"":[]}"
34_00000000000000000068,105,0.06935847155761718,2019,"{""type"":""MultiPoint"",""coordinates"":[]}"
34_00000000000000000069,106,0.1522238010864257,2019,"{""type"":""MultiPoint"",""coordinates"":[]}"
34_0000000000000000006a,107,0.0,2019,"{""type"":""MultiPoint"",""coordinates"":[]}"
34_0000000000000000006b,108,0.0,2019,"{""type"":""MultiPoint"",""coordinates"":[]}"
34_00000000000000000071,114,0.2882079367723648,2019,"{""type"":""MultiPoint"",""coordinates"":[]}"
34_00000000000000000073,116,0.23984116209286038,2019,"{""type"":""MultiPoint"",""coordinates"":[]}"
34_00000000000000000075,118,1.2688537016228085,2019,"{""type"":""MultiPoint"",""coordinates"":[]}"
34_00000000000000000077,120,0.07267956373626121,2019,"{""type"":""MultiPoint"",""coordinates"":[]}"
34_0000000000000000007c,125,0.03297268878173828,2019,"{""type"":""MultiPoint"",""coordinates"":[]}"
34_0000000000000000007e,127,0.09213563903808598,2019,"{""type"":""MultiPoint"",""coordinates"":[]}"
34_00000000000000000080,129,0.5447274671630858,2019,"{""type"":""MultiPoint"",""coordinates"":[]}"
34_00000000000000000082,131,0.14611869689223345,2019,"{""type"":""MultiPoint"",""coordinates"":[]}"
34_00000000000000000084,133,0.011896673950195313,2019,"{""type"":""MultiPoint"",""coordinates"":[]}"
34_00000000000000000086,135,0.21971920977783166,2019,"{""type"":""MultiPoint"",""coordinates"":[]}"
34_00000000000000000088,137,0.0,2019,"{""type"":""MultiPoint"",""coordinates"":[]}"
34_0000000000000000008a,139,0.0,2019,"{""type"":""MultiPoint"",""coordinates"":[]}"
34_00000000000000000000,1,17.031955218400537,2019,"{""type"":""MultiPoint"",""coordinates"":[]}"
34_00000000000000000002,3,11.186542373493758,2019,"{""type"":""MultiPoint"",""coordinates"":[]}"
34_00000000000000000004,5,6.240220550850866,2019,"{""type"":""MultiPoint"",""coordinates"":[]}"
34_00000000000000000006,7,16.066957798451423,2019,"{""type"":""MultiPoint"",""coordinates"":[]}"
34_00000000000000000008,9,0.5549048539407176,2019,"{""type"":""MultiPoint"",""coordinates"":[]}"
34_0000000000000000000a,11,9.049344013223328,2019,"{""type"":""MultiPoint"",""coordinates"":[]}"
34_0000000000000000000c,13,0.6553442272920504,2019,"{""type"":""MultiPoint"",""coordinates"":[]}"
34_0000000000000000000e,15,3.935092581430923,2019,"{""type"":""MultiPoint"",""coordinates"":[]}"
34_00000000000000000010,17,6.437744538612517,2019,"{""type"":""MultiPoint"",""coordinates"":[]}"
34_00000000000000000012,19,1.6172145586648403,2019,"{""type"":""MultiPoint"",""coordinates"":[]}"
34_00000000000000000014,21,9.245509363351614,2019,"{""type"":""MultiPoint"",""coordinates"":[]}"
34_00000000000000000016,23,3.5559641939049826,2019,"{""type"":""MultiPoint"",""coordinates"":[]}"
34_00000000000000000018,25,3.726983573811608,2019,"{""type"":""MultiPoint"",""coordinates"":[]}"
34_0000000000000000001d,30,0.9159460482483077,2019,"{""type"":""MultiPoint"",""coordinates"":[]}"
34_0000000000000000001e,31,0.0,2019,"{""type"":""MultiPoint"",""coordinates"":[]}"
34_0000000000000000001f,32,1.7318951481123406,2019,"{""type"":""MultiPoint"",""coordinates"":[]}"
34_00000000000000000021,34,3.288276389683264,2019,"{""type"":""MultiPoint"",""coordinates"":[]}"
34_00000000000000000023,36,0.2831911159471697,2019,"{""type"":""MultiPoint"",""coordinates"":[]}"
34_00000000000000000025,38,0.9834839824196018,2019,"{""type"":""MultiPoint"",""coordinates"":[]}"
34_00000000000000000027,40,2.0125211119052038,2019,"{""type"":""MultiPoint"",""coordinates"":[]}"
34_00000000000000000029,42,0.7258551593700928,2019,"{""type"":""MultiPoint"",""coordinates"":[]}"
34_0000000000000000002b,44,7.522090969045359,2019,"{""type"":""MultiPoint"",""coordinates"":[]}"
34_0000000000000000002d,46,2.5791795016230523,2019,"{""type"":""MultiPoint"",""coordinates"":[]}"
34_0000000000000000002e,47,15.167557902105614,2019,"{""type"":""MultiPoint"",""coordinates"":[]}"
34_00000000000000000030,49,1.4018143739523472,2019,"{""type"":""MultiPoint"",""coordinates"":[]}"
34_00000000000000000032,51,6.646671066999128,2019,"{""type"":""MultiPoint"",""coordinates"":[]}"
34_00000000000000000034,53,0.6739610534749361,2019,"{""type"":""MultiPoint"",""coordinates"":[]}"
34_00000000000000000036,55,8.786694235231652,2019,"{""type"":""MultiPoint"",""coordinates"":[]}"
34_00000000000000000038,57,0.8511269587964817,2019,"{""type"":""MultiPoint"",""coordinates"":[]}"
34_0000000000000000003a,59,9.85068137075661,2019,"{""type"":""MultiPoint"",""coordinates"":[]}"
34_0000000000000000003c,61,10.438764602163797,2019,"{""type"":""MultiPoint"",""coordinates"":[]}"
34_0000000000000000003e,63,1.1324993635864256,2019,"{""type"":""MultiPoint"",""coordinates"":[]}"
34_00000000000000000040,65,4.2476423346590915,2019,"{""type"":""MultiPoint"",""coordinates"":[]}"
34_00000000000000000042,67,0.6930507085329545,2019,"{""type"":""MultiPoint"",""coordinates"":[]}"
34_00000000000000000044,69,0.03741728076171874,2019,"{""type"":""MultiPoint"",""coordinates"":[]}"
34_00000000000000000045,70,0.0,2019,"{""type"":""MultiPoint"",""coordinates"":[]}"
34_00000000000000000046,71,0.28395472656250004,2019,"{""type"":""MultiPoint"",""coordinates"":[]}"
34_00000000000000000048,73,3.147306683294325,2019,"{""type"":""MultiPoint"",""coordinates"":[]}"
34_0000000000000000004a,75,5.468449493769342,2019,"{""type"":""MultiPoint"",""coordinates"":[]}"
34_0000000000000000004c,77,5.19767401947569,2019,"{""type"":""MultiPoint"",""coordinates"":[]}"
34_0000000000000000004f,80,7.86707065311393,2019,"{""type"":""MultiPoint"",""coordinates"":[]}"
34_00000000000000000051,82,5.095356878864585,2019,"{""type"":""MultiPoint"",""coordinates"":[]}"
34_00000000000000000053,84,21.067946242585354,2019,"{""type"":""MultiPoint"",""coordinates"":[]}"
34_00000000000000000055,86,0.007125615783691407,2019,"{""type"":""MultiPoint"",""coordinates"":[]}"
34_00000000000000000057,88,10.785973012769784,2019,"{""type"":""MultiPoint"",""coordinates"":[]}"
34_00000000000000000059,90,1.3114919540374155,2019,"{""type"":""MultiPoint"",""coordinates"":[]}"
34_0000000000000000005b,92,6.7871466082586185,2019,"{""type"":""MultiPoint"",""coordinates"":[]}"
34_0000000000000000005d,94,59.85075924507908,2019,"{""type"":""MultiPoint"",""coordinates"":[]}"
34_0000000000000000005f,96,129.87079524095978,2019,"{""type"":""MultiPoint"",""coordinates"":[]}"
34_00000000000000000061,98,86.12513656715822,2019,"{""type"":""MultiPoint"",""coordinates"":[]}"
34_00000000000000000063,100,22.408581247018127,2019,"{""type"":""MultiPoint"",""coordinates"":[]}"
34_00000000000000000065,102,57.7176484608084,2019,"{""type"":""MultiPoint"",""coordinates"":[]}"
34_00000000000000000067,104,16.79177038709366,2019,"{""type"":""MultiPoint"",""coordinates"":[]}"
34_0000000000000000006c,109,1.231638110473637,2019,"{""type"":""MultiPoint"",""coordinates"":[]}"
34_0000000000000000006d,110,13.490137453547677,2019,"{""type"":""MultiPoint"",""coordinates"":[]}"
34_0000000000000000006e,111,0.0,2019,"{""type"":""MultiPoint"",""coordinates"":[]}"
34_0000000000000000006f,112,0.0,2019,"{""type"":""MultiPoint"",""coordinates"":[]}"
34_00000000000000000070,113,0.9759502312107455,2019,"{""type"":""MultiPoint"",""coordinates"":[]}"
34_00000000000000000072,115,20.35852964112643,2019,"{""type"":""MultiPoint"",""coordinates"":[]}"
34_00000000000000000074,117,1.2069787352998587,2019,"{""type"":""MultiPoint"",""coordinates"":[]}"
34_00000000000000000076,119,0.15300574687476054,2019,"{""type"":""MultiPoint"",""coordinates"":[]}"
34_00000000000000000078,121,10.901050574197441,2019,"{""type"":""MultiPoint"",""coordinates"":[]}"
34_00000000000000000079,122,4.423927326326977,2019,"{""type"":""MultiPoint"",""coordinates"":[]}"
34_0000000000000000007a,123,13.684460000377948,2019,"{""type"":""MultiPoint"",""coordinates"":[]}"
34_0000000000000000007b,124,7.843151803390934,2019,"{""type"":""MultiPoint"",""coordinates"":[]}"
34_0000000000000000007d,126,18.373044793185688,2019,"{""type"":""MultiPoint"",""coordinates"":[]}"
34_0000000000000000007f,128,2.233251096035586,2019,"{""type"":""MultiPoint"",""coordinates"":[]}"
34_00000000000000000081,130,3.50863986223982,2019,"{""type"":""MultiPoint"",""coordinates"":[]}"
34_00000000000000000083,132,0.28259196193823727,2019,"{""type"":""MultiPoint"",""coordinates"":[]}"
34_00000000000000000085,134,7.133013891590073,2019,"{""type"":""MultiPoint"",""coordinates"":[]}"
34_00000000000000000087,136,0.07637764343261719,2019,"{""type"":""MultiPoint"",""coordinates"":[]}"
34_00000000000000000089,138,0.8988408299670643,2019,"{""type"":""MultiPoint"",""coordinates"":[]}"
34_0000000000000000008b,140,2.5495281086468893,2019,"{""type"":""MultiPoint"",""coordinates"":[]}"
34_0000000000000000008c,141,10.717792167701871,2019,"{""type"":""MultiPoint"",""coordinates"":[]}"
34_0000000000000000008d,142,31.88399202111987,2019,"{""type"":""MultiPoint"",""coordinates"":[]}"
34_0000000000000000008e,143,14.528311635994985,2019,"{""type"":""MultiPoint"",""coordinates"":[]}"
34_0000000000000000008f,144,107.28704928319279,2019,"{""type"":""MultiPoint"",""coordinates"":[]}"
35_00000000000000000001,2,4.216376718750002,2020,"{""type"":""MultiPoint"",""coordinates"":[]}"
35_00000000000000000003,4,0.049593852672621806,2020,"{""type"":""MultiPoint"",""coordinates"":[]}"
35_00000000000000000005,6,0.5831830646558607,2020,"{""type"":""MultiPoint"",""coordinates"":[]}"
35_00000000000000000007,8,0.8157244089128061,2020,"{""type"":""MultiPoint"",""coordinates"":[]}"
35_00000000000000000009,10,0.17779595766936632,2020,"{""type"":""MultiPoint"",""coordinates"":[]}"
35_0000000000000000000b,12,0.8296523119772501,2020,"{""type"":""MultiPoint"",""coordinates"":[]}"
35_0000000000000000000d,14,0.6529191748226392,2020,"{""type"":""MultiPoint"",""coordinates"":[]}"
35_0000000000000000000f,16,0.6598068955693268,2020,"{""type"":""MultiPoint"",""coordinates"":[]}"
35_00000000000000000011,18,2.0223130279541013,2020,"{""type"":""MultiPoint"",""coordinates"":[]}"
35_00000000000000000013,20,0.5939131907611911,2020,"{""type"":""MultiPoint"",""coordinates"":[]}"
35_00000000000000000015,22,0.07390037976074215,2020,"{""type"":""MultiPoint"",""coordinates"":[]}"
35_00000000000000000017,24,0.0894482616271973,2020,"{""type"":""MultiPoint"",""coordinates"":[]}"
35_00000000000000000019,26,0.9228222869873064,2020,"{""type"":""MultiPoint"",""coordinates"":[]}"
35_0000000000000000001a,27,0.0,2020,"{""type"":""MultiPoint"",""coordinates"":[]}"
35_0000000000000000001b,28,0.0,2020,"{""type"":""MultiPoint"",""coordinates"":[]}"
35_0000000000000000001c,29,2.687677668090842,2020,"{""type"":""MultiPoint"",""coordinates"":[]}"
35_00000000000000000020,33,0.00872342840576172,2020,"{""type"":""MultiPoint"",""coordinates"":[]}"
35_00000000000000000022,35,0.0,2020,"{""type"":""MultiPoint"",""coordinates"":[]}"
35_00000000000000000024,37,0.010921256286621096,2020,"{""type"":""MultiPoint"",""coordinates"":[]}"
35_00000000000000000026,39,0.05431225775146484,2020,"{""type"":""MultiPoint"",""coordinates"":[]}"
35_00000000000000000028,41,0.013659947668935737,2020,"{""type"":""MultiPoint"",""coordinates"":[]}"
35_0000000000000000002a,43,0.021683375793457034,2020,"{""type"":""MultiPoint"",""coordinates"":[]}"
35_0000000000000000002c,45,0.0,2020,"{""type"":""MultiPoint"",""coordinates"":[]}"
35_0000000000000000002f,48,0.09315442712402341,2020,"{""type"":""MultiPoint"",""coordinates"":[]}"
35_00000000000000000031,50,0.31533829278564385,2020,"{""type"":""MultiPoint"",""coordinates"":[]}"
35_00000000000000000033,52,0.0,2020,"{""type"":""MultiPoint"",""coordinates"":[]}"
35_00000000000000000035,54,0.02632424359130858,2020,"{""type"":""MultiPoint"",""coordinates"":[]}"
35_00000000000000000037,56,0.13238825280761726,2020,"{""type"":""MultiPoint"",""coordinates"":[]}"
35_00000000000000000039,58,0.038749124084472654,2020,"{""type"":""MultiPoint"",""coordinates"":[]}"
35_0000000000000000003b,60,0.0,2020,"{""type"":""MultiPoint"",""coordinates"":[]}"
35_0000000000000000003d,62,0.024256817565917972,2020,"{""type"":""MultiPoint"",""coordinates"":[]}"
35_0000000000000000003f,64,0.005764519348144532,2020,"{""type"":""MultiPoint"",""coordinates"":[]}"
35_00000000000000000041,66,0.004028592163085937,2020,"{""type"":""MultiPoint"",""coordinates"":[]}"
35_00000000000000000043,68,0.04028049584960936,2020,"{""type"":""MultiPoint"",""coordinates"":[]}"
35_00000000000000000047,72,0.004608860351562501,2020,"{""type"":""MultiPoint"",""coordinates"":[]}"
35_00000000000000000049,74,0.0,2020,"{""type"":""MultiPoint"",""coordinates"":[]}"
35_0000000000000000004b,76,0.028891662068445526,2020,"{""type"":""MultiPoint"",""coordinates"":[]}"
35_0000000000000000004d,78,0.549846280578614,2020,"{""type"":""MultiPoint"",""coordinates"":[]}"
35_0000000000000000004e,79,0.0,2020,"{""type"":""MultiPoint"",""coordinates"":[]}"
35_00000000000000000050,81,1.238660618774414,2020,"{""type"":""MultiPoint"",""coordinates"":[]}"
35_00000000000000000052,83,0.001604230553002451,2020,"{""type"":""MultiPoint"",""coordinates"":[]}"
35_00000000000000000054,85,0.013097590148925784,2020,"{""type"":""MultiPoint"",""coordinates"":[]}"
35_00000000000000000056,87,0.013633583251953123,2020,"{""type"":""MultiPoint"",""coordinates"":[]}"
35_00000000000000000058,89,0.19707599889633984,2020,"{""type"":""MultiPoint"",""coordinates"":[]}"
35_0000000000000000005a,91,0.26672755615090654,2020,"{""type"":""MultiPoint"",""coordinates"":[]}"
35_0000000000000000005c,93,0.14771158012575594,2020,"{""type"":""MultiPoint"",""coordinates"":[]}"
35_0000000000000000005e,95,0.7272367662353508,2020,"{""type"":""MultiPoint"",""coordinates"":[]}"
35_00000000000000000060,97,0.16556770642089838,2020,"{""type"":""MultiPoint"",""coordinates"":[]}"
35_00000000000000000062,99,0.07410011431884768,2020,"{""type"":""MultiPoint"",""coordinates"":[]}"
35_00000000000000000064,101,1.2637731206004355,2020,"{""type"":""MultiPoint"",""coordinates"":[]}"
35_00000000000000000066,103,14.27935199820358,2020,"{""type"":""MultiPoint"",""coordinates"":[]}"
35_00000000000000000068,105,0.06935847155761718,2020,"{""type"":""MultiPoint"",""coordinates"":[]}"
35_00000000000000000069,106,0.15849346234130854,2020,"{""type"":""MultiPoint"",""coordinates"":[]}"
35_0000000000000000006a,107,0.0,2020,"{""type"":""MultiPoint"",""coordinates"":[]}"
35_0000000000000000006b,108,0.0,2020,"{""type"":""MultiPoint"",""coordinates"":[]}"
35_00000000000000000071,114,0.2882263735428151,2020,"{""type"":""MultiPoint"",""coordinates"":[]}"
35_00000000000000000073,116,0.23468943681209856,2020,"{""type"":""MultiPoint"",""coordinates"":[]}"
35_00000000000000000075,118,1.2723020343254445,2020,"{""type"":""MultiPoint"",""coordinates"":[]}"
35_00000000000000000077,120,0.07267956373626121,2020,"{""type"":""MultiPoint"",""coordinates"":[]}"
35_0000000000000000007c,125,0.03297268878173828,2020,"{""type"":""MultiPoint"",""coordinates"":[]}"
35_0000000000000000007e,127,0.09213563903808598,2020,"{""type"":""MultiPoint"",""coordinates"":[]}"
35_00000000000000000080,129,0.5388466967773436,2020,"{""type"":""MultiPoint"",""coordinates"":[]}"
35_00000000000000000082,131,0.14611869689223345,2020,"{""type"":""MultiPoint"",""coordinates"":[]}"
35_00000000000000000084,133,0.011896673950195313,2020,"{""type"":""MultiPoint"",""coordinates"":[]}"
35_00000000000000000086,135,0.21971920977783166,2020,"{""type"":""MultiPoint"",""coordinates"":[]}"
35_00000000000000000088,137,0.0,2020,"{""type"":""MultiPoint"",""coordinates"":[]}"
35_0000000000000000008a,139,0.0,2020,"{""type"":""MultiPoint"",""coordinates"":[]}"
35_00000000000000000000,1,17.0352575965375,2020,"{""type"":""MultiPoint"",""coordinates"":[]}"
35_00000000000000000002,3,11.14806945242562,2020,"{""type"":""MultiPoint"",""coordinates"":[]}"
35_00000000000000000004,5,6.218913450126342,2020,"{""type"":""MultiPoint"",""coordinates"":[]}"
35_00000000000000000006,7,15.95851284599782,2020,"{""type"":""MultiPoint"",""coordinates"":[]}"
35_00000000000000000008,9,0.5505909109824992,2020,"{""type"":""MultiPoint"",""coordinates"":[]}"
35_0000000000000000000a,11,9.039007481485047,2020,"{""type"":""MultiPoint"",""coordinates"":[]}"
35_0000000000000000000c,13,0.6467221445894129,2020,"{""type"":""MultiPoint"",""coordinates"":[]}"
35_0000000000000000000e,15,3.9289184787896567,2020,"{""type"":""MultiPoint"",""coordinates"":[]}"
35_00000000000000000010,17,6.410119751320035,2020,"{""type"":""MultiPoint"",""coordinates"":[]}"
35_00000000000000000012,19,1.6071887161965785,2020,"{""type"":""MultiPoint"",""coordinates"":[]}"
35_00000000000000000014,21,9.218825646941054,2020,"{""type"":""MultiPoint"",""coordinates"":[]}"
35_00000000000000000016,23,3.5210119682499914,2020,"{""type"":""MultiPoint"",""coordinates"":[]}"
35_00000000000000000018,25,3.7228924992266474,2020,"{""type"":""MultiPoint"",""coordinates"":[]}"
35_0000000000000000001d,30,0.8968948272705234,2020,"{""type"":""MultiPoint"",""coordinates"":[]}"
35_0000000000000000001e,31,0.0,2020,"{""type"":""MultiPoint"",""coordinates"":[]}"
35_0000000000000000001f,32,1.7444830091963248,2020,"{""type"":""MultiPoint"",""coordinates"":[]}"
35_00000000000000000021,34,3.3147405045514287,2020,"{""type"":""MultiPoint"",""coordinates"":[]}"
35_00000000000000000023,36,0.281210177775783,2020,"{""type"":""MultiPoint"",""coordinates"":[]}"
35_00000000000000000025,38,0.9904586012550511,2020,"{""type"":""MultiPoint"",""coordinates"":[]}"
35_00000000000000000027,40,2.018520276730643,2020,"{""type"":""MultiPoint"",""coordinates"":[]}"
35_00000000000000000029,42,0.730394952399878,2020,"{""type"":""MultiPoint"",""coordinates"":[]}"
35_0000000000000000002b,44,7.519959432424268,2020,"{""type"":""MultiPoint"",""coordinates"":[]}"
35_0000000000000000002d,46,2.564200449560064,2020,"{""type"":""MultiPoint"",""coordinates"":[]}"
35_0000000000000000002e,47,15.168080013983054,2020,"{""type"":""MultiPoint"",""coordinates"":[]}"
35_00000000000000000030,49,1.3942765792135772,2020,"{""type"":""MultiPoint"",""coordinates"":[]}"
35_00000000000000000032,51,6.635526259320906,2020,"{""type"":""MultiPoint"",""coordinates"":[]}"
35_00000000000000000034,53,0.6744968302693696,2020,"{""type"":""MultiPoint"",""coordinates"":[]}"
35_00000000000000000036,55,8.753488139101275,2020,"{""type"":""MultiPoint"",""coordinates"":[]}"
35_00000000000000000038,57,0.8511269587964817,2020,"{""type"":""MultiPoint"",""coordinates"":[]}"
35_0000000000000000003a,59,9.839911015104752,2020,"{""type"":""MultiPoint"",""coordinates"":[]}"
35_0000000000000000003c,61,10.446844036673072,2020,"{""type"":""MultiPoint"",""coordinates"":[]}"
35_0000000000000000003e,63,1.1324993635864256,2020,"{""type"":""MultiPoint"",""coordinates"":[]}"
35_00000000000000000040,65,4.2424518927035235,2020,"{""type"":""MultiPoint"",""coordinates"":[]}"
35_00000000000000000042,67,0.6936263529421343,2020,"{""type"":""MultiPoint"",""coordinates"":[]}"
35_00000000000000000044,69,0.03741728076171874,2020,"{""type"":""MultiPoint"",""coordinates"":[]}"
35_00000000000000000045,70,0.0,2020,"{""type"":""MultiPoint"",""coordinates"":[]}"
35_00000000000000000046,71,0.2810760751953125,2020,"{""type"":""MultiPoint"",""coordinates"":[]}"
35_00000000000000000048,73,3.145599060674696,2020,"{""type"":""MultiPoint"",""coordinates"":[]}"
35_0000000000000000004a,75,5.445630583093455,2020,"{""type"":""MultiPoint"",""coordinates"":[]}"
35_0000000000000000004c,77,5.182788743535751,2020,"{""type"":""MultiPoint"",""coordinates"":[]}"
35_0000000000000000004f,80,7.8542192933727195,2020,"{""type"":""MultiPoint"",""coordinates"":[]}"
35_00000000000000000051,82,5.099629445881186,2020,"{""type"":""MultiPoint"",""coordinates"":[]}"
35_00000000000000000053,84,21.073925996654612,2020,"{""type"":""MultiPoint"",""coordinates"":[]}"
35_00000000000000000055,86,0.007125615783691407,2020,"{""type"":""MultiPoint"",""coordinates"":[]}"
35_00000000000000000057,88,10.770675457554269,2020,"{""type"":""MultiPoint"",""coordinates"":[]}"
35_00000000000000000059,90,1.309084080136048,2020,"{""type"":""MultiPoint"",""coordinates"":[]}"
35_0000000000000000005b,92,6.7961867872136965,2020,"{""type"":""MultiPoint"",""coordinates"":[]}"
35_0000000000000000005d,94,59.67489352511369,2020,"{""type"":""MultiPoint"",""coordinates"":[]}"
35_0000000000000000005f,96,129.60894719292295,2020,"{""type"":""MultiPoint"",""coordinates"":[]}"
35_00000000000000000061,98,86.04868168843511,2020,"{""type"":""MultiPoint"",""coordinates"":[]}"
35_00000000000000000063,100,22.394382394474036,2020,"{""type"":""MultiPoint"",""coordinates"":[]}"
35_00000000000000000065,102,57.62874002628996,2020,"{""type"":""MultiPoint"",""coordinates"":[]}"
35_00000000000000000067,104,16.789814394600985,2020,"{""type"":""MultiPoint"",""coordinates"":[]}"
35_0000000000000000006c,109,1.231638110473637,2020,"{""type"":""MultiPoint"",""coordinates"":[]}"
35_0000000000000000006d,110,13.460205868281562,2020,"{""type"":""MultiPoint"",""coordinates"":[]}"
35_0000000000000000006e,111,0.0,2020,"{""type"":""MultiPoint"",""coordinates"":[]}"
35_0000000000000000006f,112,0.0,2020,"{""type"":""MultiPoint"",""coordinates"":[]}"
35_00000000000000000070,113,0.9830869841404332,2020,"{""type"":""MultiPoint"",""coordinates"":[]}"
35_00000000000000000072,115,20.304513535010706,2020,"{""type"":""MultiPoint"",""coordinates"":[]}"
35_00000000000000000074,117,1.2138429277437064,2020,"{""type"":""MultiPoint"",""coordinates"":[]}"
35_00000000000000000076,119,0.1553159589108934,2020,"{""type"":""MultiPoint"",""coordinates"":[]}"
35_00000000000000000078,121,10.88631471341863,2020,"{""type"":""MultiPoint"",""coordinates"":[]}"
35_00000000000000000079,122,4.406666271761547,2020,"{""type"":""MultiPoint"",""coordinates"":[]}"
35_0000000000000000007a,123,13.653020945751482,2020,"{""type"":""MultiPoint"",""coordinates"":[]}"
35_0000000000000000007b,124,7.830474678696108,2020,"{""type"":""MultiPoint"",""coordinates"":[]}"
35_0000000000000000007d,126,18.34507610580776,2020,"{""type"":""MultiPoint"",""coordinates"":[]}"
35_0000000000000000007f,128,2.24668240835248,2020,"{""type"":""MultiPoint"",""coordinates"":[]}"
35_00000000000000000081,130,3.4952223179282975,2020,"{""type"":""MultiPoint"",""coordinates"":[]}"
35_00000000000000000083,132,0.2814044475339404,2020,"{""type"":""MultiPoint"",""coordinates"":[]}"
35_00000000000000000085,134,7.049294558093977,2020,"{""type"":""MultiPoint"",""coordinates"":[]}"
35_00000000000000000087,136,0.07637764343261719,2020,"{""type"":""MultiPoint"",""coordinates"":[]}"
35_00000000000000000089,138,0.9018639375110096,2020,"{""type"":""MultiPoint"",""coordinates"":[]}"
35_0000000000000000008b,140,2.544680101383706,2020,"{""type"":""MultiPoint"",""coordinates"":[]}"
35_0000000000000000008c,141,10.659489990333705,2020,"{""type"":""MultiPoint"",""coordinates"":[]}"
35_0000000000000000008d,142,31.745890996522704,2020,"{""type"":""MultiPoint"",""coordinates"":[]}"
35_0000000000000000008e,143,14.494503059393711,2020,"{""type"":""MultiPoint"",""coordinates"":[]}"
35_0000000000000000008f,144,107.06252279837165,2020,"{""type"":""MultiPoint"",""coordinates"":[]}"
36_00000000000000000001,2,4.207039034240724,2021,"{""type"":""MultiPoint"",""coordinates"":[]}"
36_00000000000000000003,4,0.047322295665785864,2021,"{""type"":""MultiPoint"",""coordinates"":[]}"
36_00000000000000000005,6,0.5810810643506847,2021,"{""type"":""MultiPoint"",""coordinates"":[]}"
36_00000000000000000007,8,0.8135232723161264,2021,"{""type"":""MultiPoint"",""coordinates"":[]}"
36_00000000000000000009,10,0.17561553811370226,2021,"{""type"":""MultiPoint"",""coordinates"":[]}"
36_0000000000000000000b,12,0.8264049040182653,2021,"{""type"":""MultiPoint"",""coordinates"":[]}"
36_0000000000000000000d,14,0.6493916327181947,2021,"{""type"":""MultiPoint"",""coordinates"":[]}"
36_0000000000000000000f,16,0.6566277058110265,2021,"{""type"":""MultiPoint"",""coordinates"":[]}"
36_00000000000000000011,18,2.022863549865722,2021,"{""type"":""MultiPoint"",""coordinates"":[]}"
36_00000000000000000013,20,0.5886465272480074,2021,"{""type"":""MultiPoint"",""coordinates"":[]}"
36_00000000000000000015,22,0.07390037976074215,2021,"{""type"":""MultiPoint"",""coordinates"":[]}"
36_00000000000000000017,24,0.08338482565307619,2021,"{""type"":""MultiPoint"",""coordinates"":[]}"
36_00000000000000000019,26,0.8970246828918478,2021,"{""type"":""MultiPoint"",""coordinates"":[]}"
36_0000000000000000001a,27,0.0,2021,"{""type"":""MultiPoint"",""coordinates"":[]}"
36_0000000000000000001b,28,0.0,2021,"{""type"":""MultiPoint"",""coordinates"":[]}"
36_0000000000000000001c,29,2.6584756825561824,2021,"{""type"":""MultiPoint"",""coordinates"":[]}"
36_00000000000000000020,33,0.00872342840576172,2021,"{""type"":""MultiPoint"",""coordinates"":[]}"
36_00000000000000000022,35,0.0,2021,"{""type"":""MultiPoint"",""coordinates"":[]}"
36_00000000000000000024,37,0.010921256286621096,2021,"{""type"":""MultiPoint"",""coordinates"":[]}"
36_00000000000000000026,39,0.05431225775146484,2021,"{""type"":""MultiPoint"",""coordinates"":[]}"
36_00000000000000000028,41,0.013659947668935737,2021,"{""type"":""MultiPoint"",""coordinates"":[]}"
36_0000000000000000002a,43,0.021683375793457034,2021,"{""type"":""MultiPoint"",""coordinates"":[]}"
36_0000000000000000002c,45,0.0,2021,"{""type"":""MultiPoint"",""coordinates"":[]}"
36_0000000000000000002f,48,0.09315442712402341,2021,"{""type"":""MultiPoint"",""coordinates"":[]}"
36_00000000000000000031,50,0.3142603634643548,2021,"{""type"":""MultiPoint"",""coordinates"":[]}"
36_00000000000000000033,52,0.0,2021,"{""type"":""MultiPoint"",""coordinates"":[]}"
36_00000000000000000035,54,0.018803109191894533,2021,"{""type"":""MultiPoint"",""coordinates"":[]}"
36_00000000000000000037,56,0.13238825280761726,2021,"{""type"":""MultiPoint"",""coordinates"":[]}"
36_00000000000000000039,58,0.038749124084472654,2021,"{""type"":""MultiPoint"",""coordinates"":[]}"
36_0000000000000000003b,60,0.0,2021,"{""type"":""MultiPoint"",""coordinates"":[]}"
36_0000000000000000003d,62,0.024256817565917972,2021,"{""type"":""MultiPoint"",""coordinates"":[]}"
36_0000000000000000003f,64,0.005764519348144532,2021,"{""type"":""MultiPoint"",""coordinates"":[]}"
36_00000000000000000041,66,0.004028592163085937,2021,"{""type"":""MultiPoint"",""coordinates"":[]}"
36_00000000000000000043,68,0.04028049584960936,2021,"{""type"":""MultiPoint"",""coordinates"":[]}"
36_00000000000000000047,72,0.004608860351562501,2021,"{""type"":""MultiPoint"",""coordinates"":[]}"
36_00000000000000000049,74,0.0,2021,"{""type"":""MultiPoint"",""coordinates"":[]}"
36_0000000000000000004b,76,0.028891662068445526,2021,"{""type"":""MultiPoint"",""coordinates"":[]}"
36_0000000000000000004d,78,0.549846280578614,2021,"{""type"":""MultiPoint"",""coordinates"":[]}"
36_0000000000000000004e,79,0.0,2021,"{""type"":""MultiPoint"",""coordinates"":[]}"
36_00000000000000000050,81,1.3162615504760746,2021,"{""type"":""MultiPoint"",""coordinates"":[]}"
36_00000000000000000052,83,0.001604230553002451,2021,"{""type"":""MultiPoint"",""coordinates"":[]}"
36_00000000000000000054,85,0.013097590148925784,2021,"{""type"":""MultiPoint"",""coordinates"":[]}"
36_00000000000000000056,87,0.013633583251953123,2021,"{""type"":""MultiPoint"",""coordinates"":[]}"
36_00000000000000000058,89,0.19707599889633984,2021,"{""type"":""MultiPoint"",""coordinates"":[]}"
36_0000000000000000005a,91,0.2691276240220003,2021,"{""type"":""MultiPoint"",""coordinates"":[]}"
36_0000000000000000005c,93,0.150122807847924,2021,"{""type"":""MultiPoint"",""coordinates"":[]}"
36_0000000000000000005e,95,0.7296907966308585,2021,"{""type"":""MultiPoint"",""coordinates"":[]}"
36_00000000000000000060,97,0.16556770642089838,2021,"{""type"":""MultiPoint"",""coordinates"":[]}"
36_00000000000000000062,99,0.06771244287109375,2021,"{""type"":""MultiPoint"",""coordinates"":[]}"
36_00000000000000000064,101,1.2637756719920372,2021,"{""type"":""MultiPoint"",""coordinates"":[]}"
36_00000000000000000066,103,14.13879232083541,2021,"{""type"":""MultiPoint"",""coordinates"":[]}"
36_00000000000000000068,105,0.06935847155761718,2021,"{""type"":""MultiPoint"",""coordinates"":[]}"
36_00000000000000000069,106,0.15786843145751947,2021,"{""type"":""MultiPoint"",""coordinates"":[]}"
36_0000000000000000006a,107,0.0,2021,"{""type"":""MultiPoint"",""coordinates"":[]}"
36_0000000000000000006b,108,0.0,2021,"{""type"":""MultiPoint"",""coordinates"":[]}"
36_00000000000000000071,114,0.29347324164632077,2021,"{""type"":""MultiPoint"",""coordinates"":[]}"
36_00000000000000000073,116,0.22667597404354384,2021,"{""type"":""MultiPoint"",""coordinates"":[]}"
36_00000000000000000075,118,1.25793519973072,2021,"{""type"":""MultiPoint"",""coordinates"":[]}"
36_00000000000000000077,120,0.07267956373626121,2021,"{""type"":""MultiPoint"",""coordinates"":[]}"
36_0000000000000000007c,125,0.03297268878173828,2021,"{""type"":""MultiPoint"",""coordinates"":[]}"
36_0000000000000000007e,127,0.08859212487792975,2021,"{""type"":""MultiPoint"",""coordinates"":[]}"
36_00000000000000000080,129,0.531785307434082,2021,"{""type"":""MultiPoint"",""coordinates"":[]}"
36_00000000000000000082,131,0.14611869689223345,2021,"{""type"":""MultiPoint"",""coordinates"":[]}"
36_00000000000000000084,133,0.011896673950195313,2021,"{""type"":""MultiPoint"",""coordinates"":[]}"
36_00000000000000000086,135,0.21669422833251917,2021,"{""type"":""MultiPoint"",""coordinates"":[]}"
36_00000000000000000088,137,0.0,2021,"{""type"":""MultiPoint"",""coordinates"":[]}"
36_0000000000000000008a,139,0.0,2021,"{""type"":""MultiPoint"",""coordinates"":[]}"
36_00000000000000000000,1,17.049568180012052,2021,"{""type"":""MultiPoint"",""coordinates"":[]}"
36_00000000000000000002,3,11.132302448641443,2021,"{""type"":""MultiPoint"",""coordinates"":[]}"
36_00000000000000000004,5,6.210970986137081,2021,"{""type"":""MultiPoint"",""coordinates"":[]}"
36_00000000000000000006,7,15.872371939518043,2021,"{""type"":""MultiPoint"",""coordinates"":[]}"
36_00000000000000000008,9,0.55385108120955,2021,"{""type"":""MultiPoint"",""coordinates"":[]}"
36_0000000000000000000a,11,9.025978574258481,2021,"{""type"":""MultiPoint"",""coordinates"":[]}"
36_0000000000000000000c,13,0.64078687029742,2021,"{""type"":""MultiPoint"",""coordinates"":[]}"
36_0000000000000000000e,15,3.903049495451297,2021,"{""type"":""MultiPoint"",""coordinates"":[]}"
36_00000000000000000010,17,6.359680142982635,2021,"{""type"":""MultiPoint"",""coordinates"":[]}"
36_00000000000000000012,19,1.5970356653609952,2021,"{""type"":""MultiPoint"",""coordinates"":[]}"
36_00000000000000000014,21,9.173040555893357,2021,"{""type"":""MultiPoint"",""coordinates"":[]}"
36_00000000000000000016,23,3.525192985736563,2021,"{""type"":""MultiPoint"",""coordinates"":[]}"
36_00000000000000000018,25,3.7068951955767453,2021,"{""type"":""MultiPoint"",""coordinates"":[]}"
36_0000000000000000001d,30,0.8731892708130021,2021,"{""type"":""MultiPoint"",""coordinates"":[]}"
36_0000000000000000001e,31,0.0,2021,"{""type"":""MultiPoint"",""coordinates"":[]}"
36_0000000000000000001f,32,1.7559117458601432,2021,"{""type"":""MultiPoint"",""coordinates"":[]}"
36_00000000000000000021,34,3.3087494887433233,2021,"{""type"":""MultiPoint"",""coordinates"":[]}"
36_00000000000000000023,36,0.281210177775783,2021,"{""type"":""MultiPoint"",""coordinates"":[]}"
36_00000000000000000025,38,0.99942910467302,2021,"{""type"":""MultiPoint"",""coordinates"":[]}"
36_00000000000000000027,40,2.0245244957247834,2021,"{""type"":""MultiPoint"",""coordinates"":[]}"
36_00000000000000000029,42,0.7313986453320068,2021,"{""type"":""MultiPoint"",""coordinates"":[]}"
36_0000000000000000002b,44,7.53889133839961,2021,"{""type"":""MultiPoint"",""coordinates"":[]}"
36_0000000000000000002d,46,2.5693569907587945,2021,"{""type"":""MultiPoint"",""coordinates"":[]}"
36_0000000000000000002e,47,15.173273581243798,2021,"{""type"":""MultiPoint"",""coordinates"":[]}"
36_00000000000000000030,49,1.4077318905539093,2021,"{""type"":""MultiPoint"",""coordinates"":[]}"
36_00000000000000000032,51,6.631865946126302,2021,"{""type"":""MultiPoint"",""coordinates"":[]}"
36_00000000000000000034,53,0.6744968302693696,2021,"{""type"":""MultiPoint"",""coordinates"":[]}"
36_00000000000000000036,55,8.716746678713093,2021,"{""type"":""MultiPoint"",""coordinates"":[]}"
36_00000000000000000038,57,0.8472089725904269,2021,"{""type"":""MultiPoint"",""coordinates"":[]}"
36_0000000000000000003a,59,9.855862514433367,2021,"{""type"":""MultiPoint"",""coordinates"":[]}"
36_0000000000000000003c,61,10.41167084996653,2021,"{""type"":""MultiPoint"",""coordinates"":[]}"
36_0000000000000000003e,63,1.1255803392333983,2021,"{""type"":""MultiPoint"",""coordinates"":[]}"
36_00000000000000000040,65,4.232076763858309,2021,"{""type"":""MultiPoint"",""coordinates"":[]}"
36_00000000000000000042,67,0.6878708531862749,2021,"{""type"":""MultiPoint"",""coordinates"":[]}"
36_00000000000000000044,69,0.03511503186035156,2021,"{""type"":""MultiPoint"",""coordinates"":[]}"
36_00000000000000000045,70,0.0,2021,"{""type"":""MultiPoint"",""coordinates"":[]}"
36_00000000000000000046,71,0.2810760751953125,2021,"{""type"":""MultiPoint"",""coordinates"":[]}"
36_00000000000000000048,73,3.1467888639583887,2021,"{""type"":""MultiPoint"",""coordinates"":[]}"
36_0000000000000000004a,75,5.428521141992381,2021,"{""type"":""MultiPoint"",""coordinates"":[]}"
36_0000000000000000004c,77,5.1660621703445475,2021,"{""type"":""MultiPoint"",""coordinates"":[]}"
36_0000000000000000004f,80,7.854832209022134,2021,"{""type"":""MultiPoint"",""coordinates"":[]}"
36_00000000000000000051,82,5.101040611384115,2021,"{""type"":""MultiPoint"",""coordinates"":[]}"
36_00000000000000000053,84,21.071599913556557,2021,"{""type"":""MultiPoint"",""coordinates"":[]}"
36_00000000000000000055,86,0.007125615783691407,2021,"{""type"":""MultiPoint"",""coordinates"":[]}"
36_00000000000000000057,88,10.790203560200563,2021,"{""type"":""MultiPoint"",""coordinates"":[]}"
36_00000000000000000059,90,1.312858836965523,2021,"{""type"":""MultiPoint"",""coordinates"":[]}"
36_0000000000000000005b,92,6.774501376630201,2021,"{""type"":""MultiPoint"",""coordinates"":[]}"
36_0000000000000000005d,94,59.55058917347867,2021,"{""type"":""MultiPoint"",""coordinates"":[]}"
36_0000000000000000005f,96,129.31402602467824,2021,"{""type"":""MultiPoint"",""coordinates"":[]}"
36_00000000000000000061,98,85.99391151959968,2021,"{""type"":""MultiPoint"",""coordinates"":[]}"
36_00000000000000000063,100,22.922681184539655,2021,"{""type"":""MultiPoint"",""coordinates"":[]}"
36_00000000000000000065,102,57.614331208658314,2021,"{""type"":""MultiPoint"",""coordinates"":[]}"
36_00000000000000000067,104,16.763351219491113,2021,"{""type"":""MultiPoint"",""coordinates"":[]}"
36_0000000000000000006c,109,1.231638110473637,2021,"{""type"":""MultiPoint"",""coordinates"":[]}"
36_0000000000000000006d,110,13.469662697444155,2021,"{""type"":""MultiPoint"",""coordinates"":[]}"
36_0000000000000000006e,111,0.0,2021,"{""type"":""MultiPoint"",""coordinates"":[]}"
36_0000000000000000006f,112,0.0,2021,"{""type"":""MultiPoint"",""coordinates"":[]}"
36_00000000000000000070,113,0.9771487483616244,2021,"{""type"":""MultiPoint"",""coordinates"":[]}"
36_00000000000000000072,115,20.29405288348148,2021,"{""type"":""MultiPoint"",""coordinates"":[]}"
36_00000000000000000074,117,1.1983327667939996,2021,"{""type"":""MultiPoint"",""coordinates"":[]}"
36_00000000000000000076,119,0.1530026855954637,2021,"{""type"":""MultiPoint"",""coordinates"":[]}"
36_00000000000000000078,121,10.86483649369207,2021,"{""type"":""MultiPoint"",""coordinates"":[]}"
36_00000000000000000079,122,4.403087309237132,2021,"{""type"":""MultiPoint"",""coordinates"":[]}"
36_0000000000000000007a,123,13.57791205011753,2021,"{""type"":""MultiPoint"",""coordinates"":[]}"
36_0000000000000000007b,124,7.820328047409487,2021,"{""type"":""MultiPoint"",""coordinates"":[]}"
36_0000000000000000007d,126,18.299933727562134,2021,"{""type"":""MultiPoint"",""coordinates"":[]}"
36_0000000000000000007f,128,2.2332164435087307,2021,"{""type"":""MultiPoint"",""coordinates"":[]}"
36_00000000000000000081,130,3.4793789402427504,2021,"{""type"":""MultiPoint"",""coordinates"":[]}"
36_00000000000000000083,132,0.2766528374265185,2021,"{""type"":""MultiPoint"",""coordinates"":[]}"
36_00000000000000000085,134,6.999936527088118,2021,"{""type"":""MultiPoint"",""coordinates"":[]}"
36_00000000000000000087,136,0.07637764343261719,2021,"{""type"":""MultiPoint"",""coordinates"":[]}"
36_00000000000000000089,138,0.9012407699695056,2021,"{""type"":""MultiPoint"",""coordinates"":[]}"
36_0000000000000000008b,140,2.537988551395912,2021,"{""type"":""MultiPoint"",""coordinates"":[]}"
36_0000000000000000008c,141,10.587158907997276,2021,"{""type"":""MultiPoint"",""coordinates"":[]}"
36_0000000000000000008d,142,31.573868893800537,2021,"{""type"":""MultiPoint"",""coordinates"":[]}"
36_0000000000000000008e,143,14.438995023002887,2021,"{""type"":""MultiPoint"",""coordinates"":[]}"
36_0000000000000000008f,144,106.81357910092171,2021,"{""type"":""MultiPoint"",""coordinates"":[]}"
37_00000000000000000001,2,4.118360352111821,2022,"{""type"":""MultiPoint"",""coordinates"":[]}"
37_00000000000000000003,4,0.04845757252125461,2022,"{""type"":""MultiPoint"",""coordinates"":[]}"
37_00000000000000000005,6,0.5793806984449227,2022,"{""type"":""MultiPoint"",""coordinates"":[]}"
37_00000000000000000007,8,0.809022600350651,2022,"{""type"":""MultiPoint"",""coordinates"":[]}"
37_00000000000000000009,10,0.17561553811370226,2022,"{""type"":""MultiPoint"",""coordinates"":[]}"
37_0000000000000000000b,12,0.8242383767355502,2022,"{""type"":""MultiPoint"",""coordinates"":[]}"
37_0000000000000000000d,14,0.6311475692416321,2022,"{""type"":""MultiPoint"",""coordinates"":[]}"
37_0000000000000000000f,16,0.6566266546635655,2022,"{""type"":""MultiPoint"",""coordinates"":[]}"
37_00000000000000000011,18,2.0111962702026336,2022,"{""type"":""MultiPoint"",""coordinates"":[]}"
37_00000000000000000013,20,0.5786266507221284,2022,"{""type"":""MultiPoint"",""coordinates"":[]}"
37_00000000000000000015,22,0.07390037976074215,2022,"{""type"":""MultiPoint"",""coordinates"":[]}"
37_00000000000000000017,24,0.07732171395874021,2022,"{""type"":""MultiPoint"",""coordinates"":[]}"
37_00000000000000000019,26,0.88760828039551,2022,"{""type"":""MultiPoint"",""coordinates"":[]}"
37_0000000000000000001a,27,0.0,2022,"{""type"":""MultiPoint"",""coordinates"":[]}"
37_0000000000000000001b,28,9.89726318359375E-4,2022,"{""type"":""MultiPoint"",""coordinates"":[]}"
37_0000000000000000001c,29,2.6188911211853285,2022,"{""type"":""MultiPoint"",""coordinates"":[]}"
37_00000000000000000020,33,0.00872342840576172,2022,"{""type"":""MultiPoint"",""coordinates"":[]}"
37_00000000000000000022,35,0.0,2022,"{""type"":""MultiPoint"",""coordinates"":[]}"
37_00000000000000000024,37,0.010921256286621096,2022,"{""type"":""MultiPoint"",""coordinates"":[]}"
37_00000000000000000026,39,0.05431225775146484,2022,"{""type"":""MultiPoint"",""coordinates"":[]}"
37_00000000000000000028,41,0.013659947668935737,2022,"{""type"":""MultiPoint"",""coordinates"":[]}"
37_0000000000000000002a,43,0.021683375793457034,2022,"{""type"":""MultiPoint"",""coordinates"":[]}"
37_0000000000000000002c,45,0.0,2022,"{""type"":""MultiPoint"",""coordinates"":[]}"
37_0000000000000000002f,48,0.09315442712402341,2022,"{""type"":""MultiPoint"",""coordinates"":[]}"
37_00000000000000000031,50,0.309950673645019,2022,"{""type"":""MultiPoint"",""coordinates"":[]}"
37_00000000000000000033,52,0.0,2022,"{""type"":""MultiPoint"",""coordinates"":[]}"
37_00000000000000000035,54,0.018803109191894533,2022,"{""type"":""MultiPoint"",""coordinates"":[]}"
37_00000000000000000037,56,0.13238825280761726,2022,"{""type"":""MultiPoint"",""coordinates"":[]}"
37_00000000000000000039,58,0.038749124084472654,2022,"{""type"":""MultiPoint"",""coordinates"":[]}"
37_0000000000000000003b,60,0.0,2022,"{""type"":""MultiPoint"",""coordinates"":[]}"
37_0000000000000000003d,62,0.024256817565917972,2022,"{""type"":""MultiPoint"",""coordinates"":[]}"
37_0000000000000000003f,64,0.005764519348144532,2022,"{""type"":""MultiPoint"",""coordinates"":[]}"
37_00000000000000000041,66,0.007481607543945312,2022,"{""type"":""MultiPoint"",""coordinates"":[]}"
37_00000000000000000043,68,0.0506306646118164,2022,"{""type"":""MultiPoint"",""coordinates"":[]}"
37_00000000000000000047,72,0.004608860351562501,2022,"{""type"":""MultiPoint"",""coordinates"":[]}"
37_00000000000000000049,74,0.0,2022,"{""type"":""MultiPoint"",""coordinates"":[]}"
37_0000000000000000004b,76,0.028891662068445526,2022,"{""type"":""MultiPoint"",""coordinates"":[]}"
37_0000000000000000004d,78,0.554643746643067,2022,"{""type"":""MultiPoint"",""coordinates"":[]}"
37_0000000000000000004e,79,0.0,2022,"{""type"":""MultiPoint"",""coordinates"":[]}"
37_00000000000000000050,81,1.3317993821411136,2022,"{""type"":""MultiPoint"",""coordinates"":[]}"
37_00000000000000000052,83,0.001604230553002451,2022,"{""type"":""MultiPoint"",""coordinates"":[]}"
37_00000000000000000054,85,0.013097590148925784,2022,"{""type"":""MultiPoint"",""coordinates"":[]}"
37_00000000000000000056,87,0.013633583251953123,2022,"{""type"":""MultiPoint"",""coordinates"":[]}"
37_00000000000000000058,89,0.195871788019875,2022,"{""type"":""MultiPoint"",""coordinates"":[]}"
37_0000000000000000005a,91,0.26852762109231276,2022,"{""type"":""MultiPoint"",""coordinates"":[]}"
37_0000000000000000005c,93,0.16217703465456465,2022,"{""type"":""MultiPoint"",""coordinates"":[]}"
37_0000000000000000005e,95,0.7346025373535143,2022,"{""type"":""MultiPoint"",""coordinates"":[]}"
37_00000000000000000060,97,0.16556770642089838,2022,"{""type"":""MultiPoint"",""coordinates"":[]}"
37_00000000000000000062,99,0.0670732734375,2022,"{""type"":""MultiPoint"",""coordinates"":[]}"
37_00000000000000000064,101,1.2745626933543421,2022,"{""type"":""MultiPoint"",""coordinates"":[]}"
37_00000000000000000066,103,13.893260042270926,2022,"{""type"":""MultiPoint"",""coordinates"":[]}"
37_00000000000000000068,105,0.06935847155761718,2022,"{""type"":""MultiPoint"",""coordinates"":[]}"
37_00000000000000000069,106,0.16287319226074212,2022,"{""type"":""MultiPoint"",""coordinates"":[]}"
37_0000000000000000006a,107,0.0,2022,"{""type"":""MultiPoint"",""coordinates"":[]}"
37_0000000000000000006b,108,0.0,2022,"{""type"":""MultiPoint"",""coordinates"":[]}"
37_00000000000000000071,114,0.2899450130086256,2022,"{""type"":""MultiPoint"",""coordinates"":[]}"
37_00000000000000000073,116,0.2198073110796766,2022,"{""type"":""MultiPoint"",""coordinates"":[]}"
37_00000000000000000075,118,1.25793519973072,2022,"{""type"":""MultiPoint"",""coordinates"":[]}"
37_00000000000000000077,120,0.07267956373626121,2022,"{""type"":""MultiPoint"",""coordinates"":[]}"
37_0000000000000000007c,125,0.031207659179687503,2022,"{""type"":""MultiPoint"",""coordinates"":[]}"
37_0000000000000000007e,127,0.08859212487792975,2022,"{""type"":""MultiPoint"",""coordinates"":[]}"
37_00000000000000000080,129,0.4952694449462891,2022,"{""type"":""MultiPoint"",""coordinates"":[]}"
37_00000000000000000082,131,0.14196233641860068,2022,"{""type"":""MultiPoint"",""coordinates"":[]}"
37_00000000000000000084,133,0.00892258575439453,2022,"{""type"":""MultiPoint"",""coordinates"":[]}"
37_00000000000000000086,135,0.2160900348510738,2022,"{""type"":""MultiPoint"",""coordinates"":[]}"
37_00000000000000000088,137,0.0,2022,"{""type"":""MultiPoint"",""coordinates"":[]}"
37_0000000000000000008a,139,0.0,2022,"{""type"":""MultiPoint"",""coordinates"":[]}"
37_00000000000000000000,1,17.06080318806869,2022,"{""type"":""MultiPoint"",""coordinates"":[]}"
37_00000000000000000002,3,11.076254197473162,2022,"{""type"":""MultiPoint"",""coordinates"":[]}"
37_00000000000000000004,5,6.170967705436395,2022,"{""type"":""MultiPoint"",""coordinates"":[]}"
37_00000000000000000006,7,15.790425584476536,2022,"{""type"":""MultiPoint"",""coordinates"":[]}"
37_00000000000000000008,9,0.5512097321178967,2022,"{""type"":""MultiPoint"",""coordinates"":[]}"
37_0000000000000000000a,11,8.984233691079773,2022,"{""type"":""MultiPoint"",""coordinates"":[]}"
37_0000000000000000000c,13,0.6391682256440996,2022,"{""type"":""MultiPoint"",""coordinates"":[]}"
37_0000000000000000000e,15,3.898231423246707,2022,"{""type"":""MultiPoint"",""coordinates"":[]}"
37_00000000000000000010,17,6.33361722592941,2022,"{""type"":""MultiPoint"",""coordinates"":[]}"
37_00000000000000000012,19,1.585952952104159,2022,"{""type"":""MultiPoint"",""coordinates"":[]}"
37_00000000000000000014,21,9.146634364310946,2022,"{""type"":""MultiPoint"",""coordinates"":[]}"
37_00000000000000000016,23,3.493415014469881,2022,"{""type"":""MultiPoint"",""coordinates"":[]}"
37_00000000000000000018,25,3.6966864185076513,2022,"{""type"":""MultiPoint"",""coordinates"":[]}"
37_0000000000000000001d,30,0.856458538604749,2022,"{""type"":""MultiPoint"",""coordinates"":[]}"
37_0000000000000000001e,31,0.0,2022,"{""type"":""MultiPoint"",""coordinates"":[]}"
37_0000000000000000001f,32,1.7574299052875617,2022,"{""type"":""MultiPoint"",""coordinates"":[]}"
37_00000000000000000021,34,3.317978864201088,2022,"{""type"":""MultiPoint"",""coordinates"":[]}"
37_00000000000000000023,36,0.281210177775783,2022,"{""type"":""MultiPoint"",""coordinates"":[]}"
37_00000000000000000025,38,1.011206879434983,2022,"{""type"":""MultiPoint"",""coordinates"":[]}"
37_00000000000000000027,40,2.031516051968679,2022,"{""type"":""MultiPoint"",""coordinates"":[]}"
37_00000000000000000029,42,0.7313986453320068,2022,"{""type"":""MultiPoint"",""coordinates"":[]}"
37_0000000000000000002b,44,7.554725062490183,2022,"{""type"":""MultiPoint"",""coordinates"":[]}"
37_0000000000000000002d,46,2.571411218053716,2022,"{""type"":""MultiPoint"",""coordinates"":[]}"
37_0000000000000000002e,47,15.20001198792344,2022,"{""type"":""MultiPoint"",""coordinates"":[]}"
37_00000000000000000030,49,1.4035277041803074,2022,"{""type"":""MultiPoint"",""coordinates"":[]}"
37_00000000000000000032,51,6.5940551720262714,2022,"{""type"":""MultiPoint"",""coordinates"":[]}"
37_00000000000000000034,53,0.6718123859944672,2022,"{""type"":""MultiPoint"",""coordinates"":[]}"
37_00000000000000000036,55,8.693321642763388,2022,"{""type"":""MultiPoint"",""coordinates"":[]}"
37_00000000000000000038,57,0.8364860260572241,2022,"{""type"":""MultiPoint"",""coordinates"":[]}"
37_0000000000000000003a,59,9.855262413176037,2022,"{""type"":""MultiPoint"",""coordinates"":[]}"
37_0000000000000000003c,61,10.3972655542512,2022,"{""type"":""MultiPoint"",""coordinates"":[]}"
37_0000000000000000003e,63,1.1146177489013673,2022,"{""type"":""MultiPoint"",""coordinates"":[]}"
37_00000000000000000040,65,4.196949724063387,2022,"{""type"":""MultiPoint"",""coordinates"":[]}"
37_00000000000000000042,67,0.6872947734743609,2022,"{""type"":""MultiPoint"",""coordinates"":[]}"
37_00000000000000000044,69,0.03511503186035156,2022,"{""type"":""MultiPoint"",""coordinates"":[]}"
37_00000000000000000045,70,0.0,2022,"{""type"":""MultiPoint"",""coordinates"":[]}"
37_00000000000000000046,71,0.2816518196411133,2022,"{""type"":""MultiPoint"",""coordinates"":[]}"
37_00000000000000000048,73,3.128913342168838,2022,"{""type"":""MultiPoint"",""coordinates"":[]}"
37_0000000000000000004a,75,5.416577886014043,2022,"{""type"":""MultiPoint"",""coordinates"":[]}"
37_0000000000000000004c,77,5.145859288996891,2022,"{""type"":""MultiPoint"",""coordinates"":[]}"
37_0000000000000000004f,80,7.851761348426431,2022,"{""type"":""MultiPoint"",""coordinates"":[]}"
37_00000000000000000051,82,5.120071072382648,2022,"{""type"":""MultiPoint"",""coordinates"":[]}"
37_00000000000000000053,84,21.079123454632033,2022,"{""type"":""MultiPoint"",""coordinates"":[]}"
37_00000000000000000055,86,0.007125615783691407,2022,"{""type"":""MultiPoint"",""coordinates"":[]}"
37_00000000000000000057,88,10.767021004505386,2022,"{""type"":""MultiPoint"",""coordinates"":[]}"
37_00000000000000000059,90,1.3104504774684524,2022,"{""type"":""MultiPoint"",""coordinates"":[]}"
37_0000000000000000005b,92,6.761867938886065,2022,"{""type"":""MultiPoint"",""coordinates"":[]}"
37_0000000000000000005d,94,59.30203532329953,2022,"{""type"":""MultiPoint"",""coordinates"":[]}"
37_0000000000000000005f,96,128.6197850826667,2022,"{""type"":""MultiPoint"",""coordinates"":[]}"
37_00000000000000000061,98,85.91206600458504,2022,"{""type"":""MultiPoint"",""coordinates"":[]}"
37_00000000000000000063,100,22.91315214635391,2022,"{""type"":""MultiPoint"",""coordinates"":[]}"
37_00000000000000000065,102,57.494502156764874,2022,"{""type"":""MultiPoint"",""coordinates"":[]}"
37_00000000000000000067,104,16.75528272663223,2022,"{""type"":""MultiPoint"",""coordinates"":[]}"
37_0000000000000000006c,109,1.231638110473637,2022,"{""type"":""MultiPoint"",""coordinates"":[]}"
37_0000000000000000006d,110,13.460750418025206,2022,"{""type"":""MultiPoint"",""coordinates"":[]}"
37_0000000000000000006e,111,0.0,2022,"{""type"":""MultiPoint"",""coordinates"":[]}"
37_0000000000000000006f,112,0.0,2022,"{""type"":""MultiPoint"",""coordinates"":[]}"
37_00000000000000000070,113,0.970058700998343,2022,"{""type"":""MultiPoint"",""coordinates"":[]}"
37_00000000000000000072,115,20.290655610167487,2022,"{""type"":""MultiPoint"",""coordinates"":[]}"
37_00000000000000000074,117,1.1983327667939996,2022,"{""type"":""MultiPoint"",""coordinates"":[]}"
37_00000000000000000076,119,0.14723610838599102,2022,"{""type"":""MultiPoint"",""coordinates"":[]}"
37_00000000000000000078,121,10.844012465982104,2022,"{""type"":""MultiPoint"",""coordinates"":[]}"
37_00000000000000000079,122,4.3883985665003165,2022,"{""type"":""MultiPoint"",""coordinates"":[]}"
37_0000000000000000007a,123,13.536890593757665,2022,"{""type"":""MultiPoint"",""coordinates"":[]}"
37_0000000000000000007b,124,7.771978140121888,2022,"{""type"":""MultiPoint"",""coordinates"":[]}"
37_0000000000000000007d,126,18.28355543441027,2022,"{""type"":""MultiPoint"",""coordinates"":[]}"
37_0000000000000000007f,128,2.230847790310488,2022,"{""type"":""MultiPoint"",""coordinates"":[]}"
37_00000000000000000081,130,3.4540926411094492,2022,"{""type"":""MultiPoint"",""coordinates"":[]}"
37_00000000000000000083,132,0.2796274869626513,2022,"{""type"":""MultiPoint"",""coordinates"":[]}"
37_00000000000000000085,134,6.917250927844955,2022,"{""type"":""MultiPoint"",""coordinates"":[]}"
37_00000000000000000087,136,0.07637764343261719,2022,"{""type"":""MultiPoint"",""coordinates"":[]}"
37_00000000000000000089,138,0.8969863051867908,2022,"{""type"":""MultiPoint"",""coordinates"":[]}"
37_0000000000000000008b,140,2.4821745324139792,2022,"{""type"":""MultiPoint"",""coordinates"":[]}"
37_0000000000000000008c,141,10.51830506797042,2022,"{""type"":""MultiPoint"",""coordinates"":[]}"
37_0000000000000000008d,142,31.405293588403353,2022,"{""type"":""MultiPoint"",""coordinates"":[]}"
37_0000000000000000008e,143,14.26887528789688,2022,"{""type"":""MultiPoint"",""coordinates"":[]}"
37_0000000000000000008f,144,106.33546868366082,2022,"{""type"":""MultiPoint"",""coordinates"":[]}"
38_00000000000000000001,2,4.025412402221685,2023,"{""type"":""MultiPoint"",""coordinates"":[]}"
38_00000000000000000003,4,0.04732031483082491,2023,"{""type"":""MultiPoint"",""coordinates"":[]}"
38_00000000000000000005,6,0.5714571228223642,2023,"{""type"":""MultiPoint"",""coordinates"":[]}"
38_00000000000000000007,8,0.8039039134576517,2023,"{""type"":""MultiPoint"",""coordinates"":[]}"
38_00000000000000000009,10,0.17710949981162852,2023,"{""type"":""MultiPoint"",""coordinates"":[]}"
38_0000000000000000000b,12,0.8140019872091827,2023,"{""type"":""MultiPoint"",""coordinates"":[]}"
38_0000000000000000000d,14,0.6182713248568664,2023,"{""type"":""MultiPoint"",""coordinates"":[]}"
38_0000000000000000000f,16,0.638612073364737,2023,"{""type"":""MultiPoint"",""coordinates"":[]}"
38_00000000000000000011,18,1.9905065961914026,2023,"{""type"":""MultiPoint"",""coordinates"":[]}"
38_00000000000000000013,20,0.5607187685199803,2023,"{""type"":""MultiPoint"",""coordinates"":[]}"
38_00000000000000000015,22,0.0718329575195312,2023,"{""type"":""MultiPoint"",""coordinates"":[]}"
38_00000000000000000017,24,0.06620390127563476,2023,"{""type"":""MultiPoint"",""coordinates"":[]}"
38_00000000000000000019,26,0.8692577763061541,2023,"{""type"":""MultiPoint"",""coordinates"":[]}"
38_0000000000000000001a,27,0.0,2023,"{""type"":""MultiPoint"",""coordinates"":[]}"
38_0000000000000000001b,28,0.0,2023,"{""type"":""MultiPoint"",""coordinates"":[]}"
38_0000000000000000001c,29,2.585437891784682,2023,"{""type"":""MultiPoint"",""coordinates"":[]}"
38_00000000000000000020,33,0.00872342840576172,2023,"{""type"":""MultiPoint"",""coordinates"":[]}"
38_00000000000000000022,35,0.0,2023,"{""type"":""MultiPoint"",""coordinates"":[]}"
38_00000000000000000024,37,0.010921256286621096,2023,"{""type"":""MultiPoint"",""coordinates"":[]}"
38_00000000000000000026,39,0.05431225775146484,2023,"{""type"":""MultiPoint"",""coordinates"":[]}"
38_00000000000000000028,41,0.013659947668935737,2023,"{""type"":""MultiPoint"",""coordinates"":[]}"
38_0000000000000000002a,43,0.021178724426269533,2023,"{""type"":""MultiPoint"",""coordinates"":[]}"
38_0000000000000000002c,45,0.0,2023,"{""type"":""MultiPoint"",""coordinates"":[]}"
38_0000000000000000002f,48,0.09529835180664062,2023,"{""type"":""MultiPoint"",""coordinates"":[]}"
38_00000000000000000031,50,0.3056366969604488,2023,"{""type"":""MultiPoint"",""coordinates"":[]}"
38_00000000000000000033,52,0.0,2023,"{""type"":""MultiPoint"",""coordinates"":[]}"
38_00000000000000000035,54,0.018803109191894533,2023,"{""type"":""MultiPoint"",""coordinates"":[]}"
38_00000000000000000037,56,0.13238825280761726,2023,"{""type"":""MultiPoint"",""coordinates"":[]}"
38_00000000000000000039,58,0.03705927954101562,2023,"{""type"":""MultiPoint"",""coordinates"":[]}"
38_0000000000000000003b,60,0.0,2023,"{""type"":""MultiPoint"",""coordinates"":[]}"
38_0000000000000000003d,62,0.024256817565917972,2023,"{""type"":""MultiPoint"",""coordinates"":[]}"
38_0000000000000000003f,64,0.005764519348144532,2023,"{""type"":""MultiPoint"",""coordinates"":[]}"
38_00000000000000000041,66,0.007481607543945312,2023,"{""type"":""MultiPoint"",""coordinates"":[]}"
38_00000000000000000043,68,0.0506306646118164,2023,"{""type"":""MultiPoint"",""coordinates"":[]}"
38_00000000000000000047,72,0.004608860351562501,2023,"{""type"":""MultiPoint"",""coordinates"":[]}"
38_00000000000000000049,74,0.0,2023,"{""type"":""MultiPoint"",""coordinates"":[]}"
38_0000000000000000004b,76,0.028891662068445526,2023,"{""type"":""MultiPoint"",""coordinates"":[]}"
38_0000000000000000004d,78,0.5564433242797858,2023,"{""type"":""MultiPoint"",""coordinates"":[]}"
38_0000000000000000004e,79,0.0,2023,"{""type"":""MultiPoint"",""coordinates"":[]}"
38_00000000000000000050,81,1.339886455627442,2023,"{""type"":""MultiPoint"",""coordinates"":[]}"
38_00000000000000000052,83,0.001604230553002451,2023,"{""type"":""MultiPoint"",""coordinates"":[]}"
38_00000000000000000054,85,0.013097590148925784,2023,"{""type"":""MultiPoint"",""coordinates"":[]}"
38_00000000000000000056,87,0.013633583251953123,2023,"{""type"":""MultiPoint"",""coordinates"":[]}"
38_00000000000000000058,89,0.195871788019875,2023,"{""type"":""MultiPoint"",""coordinates"":[]}"
38_0000000000000000005a,91,0.2673276932969026,2023,"{""type"":""MultiPoint"",""coordinates"":[]}"
38_0000000000000000005c,93,0.16338227836794356,2023,"{""type"":""MultiPoint"",""coordinates"":[]}"
38_0000000000000000005e,95,0.7278496549682609,2023,"{""type"":""MultiPoint"",""coordinates"":[]}"
38_00000000000000000060,97,0.1629806962890624,2023,"{""type"":""MultiPoint"",""coordinates"":[]}"
38_00000000000000000062,99,0.06579494342041015,2023,"{""type"":""MultiPoint"",""coordinates"":[]}"
38_00000000000000000064,101,1.2739280443064906,2023,"{""type"":""MultiPoint"",""coordinates"":[]}"
38_00000000000000000066,103,13.679577583164406,2023,"{""type"":""MultiPoint"",""coordinates"":[]}"
38_00000000000000000068,105,0.06935847155761718,2023,"{""type"":""MultiPoint"",""coordinates"":[]}"
38_00000000000000000069,106,0.15724280072021476,2023,"{""type"":""MultiPoint"",""coordinates"":[]}"
38_0000000000000000006a,107,0.0,2023,"{""type"":""MultiPoint"",""coordinates"":[]}"
38_0000000000000000006b,108,0.0,2023,"{""type"":""MultiPoint"",""coordinates"":[]}"
38_00000000000000000071,114,0.28291580487539214,2023,"{""type"":""MultiPoint"",""coordinates"":[]}"
38_00000000000000000073,116,0.2163729440142469,2023,"{""type"":""MultiPoint"",""coordinates"":[]}"
38_00000000000000000075,118,1.25793519973072,2023,"{""type"":""MultiPoint"",""coordinates"":[]}"
38_00000000000000000077,120,0.05994861726409316,2023,"{""type"":""MultiPoint"",""coordinates"":[]}"
38_0000000000000000007c,125,0.031207659179687503,2023,"{""type"":""MultiPoint"",""coordinates"":[]}"
38_0000000000000000007e,127,0.08859212487792975,2023,"{""type"":""MultiPoint"",""coordinates"":[]}"
38_00000000000000000080,129,0.48819518115234395,2023,"{""type"":""MultiPoint"",""coordinates"":[]}"
38_00000000000000000082,131,0.14196233641860068,2023,"{""type"":""MultiPoint"",""coordinates"":[]}"
38_00000000000000000084,133,0.00892258575439453,2023,"{""type"":""MultiPoint"",""coordinates"":[]}"
38_00000000000000000086,135,0.21003377294921835,2023,"{""type"":""MultiPoint"",""coordinates"":[]}"
38_00000000000000000088,137,0.0,2023,"{""type"":""MultiPoint"",""coordinates"":[]}"
38_0000000000000000008a,139,0.0,2023,"{""type"":""MultiPoint"",""coordinates"":[]}"
38_00000000000000000000,1,17.07026247133287,2023,"{""type"":""MultiPoint"",""coordinates"":[]}"
38_00000000000000000002,3,10.982165084802258,2023,"{""type"":""MultiPoint"",""coordinates"":[]}"
38_00000000000000000004,5,6.133212519218139,2023,"{""type"":""MultiPoint"",""coordinates"":[]}"
38_00000000000000000006,7,15.713522350386851,2023,"{""type"":""MultiPoint"",""coordinates"":[]}"
38_00000000000000000008,9,0.5498739013492367,2023,"{""type"":""MultiPoint"",""coordinates"":[]}"
38_0000000000000000000a,11,8.975982352334658,2023,"{""type"":""MultiPoint"",""coordinates"":[]}"
38_0000000000000000000c,13,0.6310753256196854,2023,"{""type"":""MultiPoint"",""coordinates"":[]}"
38_0000000000000000000e,15,3.8742967522262006,2023,"{""type"":""MultiPoint"",""coordinates"":[]}"
38_00000000000000000010,17,6.295923209510953,2023,"{""type"":""MultiPoint"",""coordinates"":[]}"
38_00000000000000000012,19,1.5843696676192955,2023,"{""type"":""MultiPoint"",""coordinates"":[]}"
38_00000000000000000014,21,9.102129934379304,2023,"{""type"":""MultiPoint"",""coordinates"":[]}"
38_00000000000000000016,23,3.4662394181564036,2023,"{""type"":""MultiPoint"",""coordinates"":[]}"
38_00000000000000000018,25,3.674569286488606,2023,"{""type"":""MultiPoint"",""coordinates"":[]}"
38_0000000000000000001d,30,0.8332180765075787,2023,"{""type"":""MultiPoint"",""coordinates"":[]}"
38_0000000000000000001e,31,0.0,2023,"{""type"":""MultiPoint"",""coordinates"":[]}"
38_0000000000000000001f,32,1.762685393263636,2023,"{""type"":""MultiPoint"",""coordinates"":[]}"
38_00000000000000000021,34,3.3488322078595343,2023,"{""type"":""MultiPoint"",""coordinates"":[]}"
38_00000000000000000023,36,0.281210177775783,2023,"{""type"":""MultiPoint"",""coordinates"":[]}"
38_00000000000000000025,38,1.0151910087989968,2023,"{""type"":""MultiPoint"",""coordinates"":[]}"
38_00000000000000000027,40,2.0345211049471947,2023,"{""type"":""MultiPoint"",""coordinates"":[]}"
38_00000000000000000029,42,0.7283703247448485,2023,"{""type"":""MultiPoint"",""coordinates"":[]}"
38_0000000000000000002b,44,7.583286644338327,2023,"{""type"":""MultiPoint"",""coordinates"":[]}"
38_0000000000000000002d,46,2.552852700292486,2023,"{""type"":""MultiPoint"",""coordinates"":[]}"
38_0000000000000000002e,47,15.185140903660933,2023,"{""type"":""MultiPoint"",""coordinates"":[]}"
38_00000000000000000030,49,1.3891307447873555,2023,"{""type"":""MultiPoint"",""coordinates"":[]}"
38_00000000000000000032,51,6.580393946855374,2023,"{""type"":""MultiPoint"",""coordinates"":[]}"
38_00000000000000000034,53,0.6675146339192719,2023,"{""type"":""MultiPoint"",""coordinates"":[]}"
38_00000000000000000036,55,8.619382313722861,2023,"{""type"":""MultiPoint"",""coordinates"":[]}"
38_00000000000000000038,57,0.8353573031568337,2023,"{""type"":""MultiPoint"",""coordinates"":[]}"
38_0000000000000000003a,59,9.818144358183357,2023,"{""type"":""MultiPoint"",""coordinates"":[]}"
38_0000000000000000003c,61,10.374792737112527,2023,"{""type"":""MultiPoint"",""coordinates"":[]}"
38_0000000000000000003e,63,1.1169236596679688,2023,"{""type"":""MultiPoint"",""coordinates"":[]}"
38_00000000000000000040,65,4.172753347842685,2023,"{""type"":""MultiPoint"",""coordinates"":[]}"
38_00000000000000000042,67,0.6740588473268998,2023,"{""type"":""MultiPoint"",""coordinates"":[]}"
38_00000000000000000044,69,0.030509285888671866,2023,"{""type"":""MultiPoint"",""coordinates"":[]}"
38_00000000000000000045,70,0.0,2023,"{""type"":""MultiPoint"",""coordinates"":[]}"
38_00000000000000000046,71,0.2816518196411133,2023,"{""type"":""MultiPoint"",""coordinates"":[]}"
38_00000000000000000048,73,3.1069812463436435,2023,"{""type"":""MultiPoint"",""coordinates"":[]}"
38_0000000000000000004a,75,5.408342687893926,2023,"{""type"":""MultiPoint"",""coordinates"":[]}"
38_0000000000000000004c,77,5.125277017035483,2023,"{""type"":""MultiPoint"",""coordinates"":[]}"
38_0000000000000000004f,80,7.843183036048501,2023,"{""type"":""MultiPoint"",""coordinates"":[]}"
38_00000000000000000051,82,5.1170119412791335,2023,"{""type"":""MultiPoint"",""coordinates"":[]}"
38_00000000000000000053,84,21.05858064683078,2023,"{""type"":""MultiPoint"",""coordinates"":[]}"
38_00000000000000000055,86,0.007125615783691407,2023,"{""type"":""MultiPoint"",""coordinates"":[]}"
38_00000000000000000057,88,10.727142198772148,2023,"{""type"":""MultiPoint"",""coordinates"":[]}"
38_00000000000000000059,90,1.3110511200465775,2023,"{""type"":""MultiPoint"",""coordinates"":[]}"
38_0000000000000000005b,92,6.757058122601885,2023,"{""type"":""MultiPoint"",""coordinates"":[]}"
38_0000000000000000005d,94,58.93605127733995,2023,"{""type"":""MultiPoint"",""coordinates"":[]}"
38_0000000000000000005f,96,127.90194515241579,2023,"{""type"":""MultiPoint"",""coordinates"":[]}"
38_00000000000000000061,98,85.80953743079357,2023,"{""type"":""MultiPoint"",""coordinates"":[]}"
38_00000000000000000063,100,22.82891315311349,2023,"{""type"":""MultiPoint"",""coordinates"":[]}"
38_00000000000000000065,102,57.25018995397243,2023,"{""type"":""MultiPoint"",""coordinates"":[]}"
38_00000000000000000067,104,16.635161769967194,2023,"{""type"":""MultiPoint"",""coordinates"":[]}"
38_0000000000000000006c,109,1.2303701840210006,2023,"{""type"":""MultiPoint"",""coordinates"":[]}"
38_0000000000000000006d,110,13.416272594844056,2023,"{""type"":""MultiPoint"",""coordinates"":[]}"
38_0000000000000000006e,111,0.0,2023,"{""type"":""MultiPoint"",""coordinates"":[]}"
38_0000000000000000006f,112,0.0,2023,"{""type"":""MultiPoint"",""coordinates"":[]}"
38_00000000000000000070,113,0.9605785417576205,2023,"{""type"":""MultiPoint"",""coordinates"":[]}"
38_00000000000000000072,115,20.20680853412821,2023,"{""type"":""MultiPoint"",""coordinates"":[]}"
38_00000000000000000074,117,1.1868509163301326,2023,"{""type"":""MultiPoint"",""coordinates"":[]}"
38_00000000000000000076,119,0.14723610838599102,2023,"{""type"":""MultiPoint"",""coordinates"":[]}"
38_00000000000000000078,121,10.848368441637696,2023,"{""type"":""MultiPoint"",""coordinates"":[]}"
38_00000000000000000079,122,4.379263970980296,2023,"{""type"":""MultiPoint"",""coordinates"":[]}"
38_0000000000000000007a,123,13.488973502388035,2023,"{""type"":""MultiPoint"",""coordinates"":[]}"
38_0000000000000000007b,124,7.724115296677066,2023,"{""type"":""MultiPoint"",""coordinates"":[]}"
38_0000000000000000007d,126,18.256137262571414,2023,"{""type"":""MultiPoint"",""coordinates"":[]}"
38_0000000000000000007f,128,2.2109008307157616,2023,"{""type"":""MultiPoint"",""coordinates"":[]}"
38_00000000000000000081,130,3.428879238582594,2023,"{""type"":""MultiPoint"",""coordinates"":[]}"
38_00000000000000000083,132,0.28736019515356925,2023,"{""type"":""MultiPoint"",""coordinates"":[]}"
38_00000000000000000085,134,6.85259804637523,2023,"{""type"":""MultiPoint"",""coordinates"":[]}"
38_00000000000000000087,136,0.07637764343261719,2023,"{""type"":""MultiPoint"",""coordinates"":[]}"
38_00000000000000000089,138,0.8969863051867908,2023,"{""type"":""MultiPoint"",""coordinates"":[]}"
38_0000000000000000008b,140,2.447564174503822,2023,"{""type"":""MultiPoint"",""coordinates"":[]}"
38_0000000000000000008c,141,10.488812282142788,2023,"{""type"":""MultiPoint"",""coordinates"":[]}"
38_0000000000000000008d,142,31.217059906857035,2023,"{""type"":""MultiPoint"",""coordinates"":[]}"
38_0000000000000000008e,143,14.023693984505687,2023,"{""type"":""MultiPoint"",""coordinates"":[]}"
38_0000000000000000008f,144,105.74264362455773,2023,"{""type"":""MultiPoint"",""coordinates"":[]}"
39_00000000000000000001,2,4.020695799743658,2024,"{""type"":""MultiPoint"",""coordinates"":[]}"
39_00000000000000000003,4,0.04278235102467258,2024,"{""type"":""MultiPoint"",""coordinates"":[]}"
39_00000000000000000005,6,0.5714571228223642,2024,"{""type"":""MultiPoint"",""coordinates"":[]}"
39_00000000000000000007,8,0.8039039134576517,2024,"{""type"":""MultiPoint"",""coordinates"":[]}"
39_00000000000000000009,10,0.1754743908638746,2024,"{""type"":""MultiPoint"",""coordinates"":[]}"
39_0000000000000000000b,12,0.809682143398148,2024,"{""type"":""MultiPoint"",""coordinates"":[]}"
39_0000000000000000000d,14,0.6182713248568664,2024,"{""type"":""MultiPoint"",""coordinates"":[]}"
39_0000000000000000000f,16,0.6311939472661039,2024,"{""type"":""MultiPoint"",""coordinates"":[]}"
39_00000000000000000011,18,1.9862610860595673,2024,"{""type"":""MultiPoint"",""coordinates"":[]}"
39_00000000000000000013,20,0.5607187685199803,2024,"{""type"":""MultiPoint"",""coordinates"":[]}"
39_00000000000000000015,22,0.0718329575195312,2024,"{""type"":""MultiPoint"",""coordinates"":[]}"
39_00000000000000000017,24,0.06620390127563476,2024,"{""type"":""MultiPoint"",""coordinates"":[]}"
39_00000000000000000019,26,0.8682654884643574,2024,"{""type"":""MultiPoint"",""coordinates"":[]}"
39_0000000000000000001a,27,0.0,2024,"{""type"":""MultiPoint"",""coordinates"":[]}"
39_0000000000000000001b,28,0.0,2024,"{""type"":""MultiPoint"",""coordinates"":[]}"
39_0000000000000000001c,29,2.5533602623291154,2024,"{""type"":""MultiPoint"",""coordinates"":[]}"
39_00000000000000000020,33,0.00872342840576172,2024,"{""type"":""MultiPoint"",""coordinates"":[]}"
39_00000000000000000022,35,0.0,2024,"{""type"":""MultiPoint"",""coordinates"":[]}"
39_00000000000000000024,37,0.010921256286621096,2024,"{""type"":""MultiPoint"",""coordinates"":[]}"
39_00000000000000000026,39,0.05431225775146484,2024,"{""type"":""MultiPoint"",""coordinates"":[]}"
39_00000000000000000028,41,0.013659947668935737,2024,"{""type"":""MultiPoint"",""coordinates"":[]}"
39_0000000000000000002a,43,0.021178724426269533,2024,"{""type"":""MultiPoint"",""coordinates"":[]}"
39_0000000000000000002c,45,0.0,2024,"{""type"":""MultiPoint"",""coordinates"":[]}"
39_0000000000000000002f,48,0.09529835180664062,2024,"{""type"":""MultiPoint"",""coordinates"":[]}"
39_00000000000000000031,50,0.3056366969604488,2024,"{""type"":""MultiPoint"",""coordinates"":[]}"
39_00000000000000000033,52,0.0,2024,"{""type"":""MultiPoint"",""coordinates"":[]}"
39_00000000000000000035,54,0.018803109191894533,2024,"{""type"":""MultiPoint"",""coordinates"":[]}"
39_00000000000000000037,56,0.13238825280761726,2024,"{""type"":""MultiPoint"",""coordinates"":[]}"
39_00000000000000000039,58,0.03705927954101562,2024,"{""type"":""MultiPoint"",""coordinates"":[]}"
39_0000000000000000003b,60,0.0,2024,"{""type"":""MultiPoint"",""coordinates"":[]}"
39_0000000000000000003d,62,0.024256817565917972,2024,"{""type"":""MultiPoint"",""coordinates"":[]}"
39_0000000000000000003f,64,0.005764519348144532,2024,"{""type"":""MultiPoint"",""coordinates"":[]}"
39_00000000000000000041,66,0.007481607543945312,2024,"{""type"":""MultiPoint"",""coordinates"":[]}"
39_00000000000000000043,68,0.0506306646118164,2024,"{""type"":""MultiPoint"",""coordinates"":[]}"
39_00000000000000000047,72,0.004608860351562501,2024,"{""type"":""MultiPoint"",""coordinates"":[]}"
39_00000000000000000049,74,0.0,2024,"{""type"":""MultiPoint"",""coordinates"":[]}"
39_0000000000000000004b,76,0.028891662068445526,2024,"{""type"":""MultiPoint"",""coordinates"":[]}"
39_0000000000000000004d,78,0.5564433242797858,2024,"{""type"":""MultiPoint"",""coordinates"":[]}"
39_0000000000000000004e,79,0.0,2024,"{""type"":""MultiPoint"",""coordinates"":[]}"
39_00000000000000000050,81,1.3361618056640627,2024,"{""type"":""MultiPoint"",""coordinates"":[]}"
39_00000000000000000052,83,0.001604230553002451,2024,"{""type"":""MultiPoint"",""coordinates"":[]}"
39_00000000000000000054,85,0.013097590148925784,2024,"{""type"":""MultiPoint"",""coordinates"":[]}"
39_00000000000000000056,87,0.013633583251953123,2024,"{""type"":""MultiPoint"",""coordinates"":[]}"
39_00000000000000000058,89,0.195871788019875,2024,"{""type"":""MultiPoint"",""coordinates"":[]}"
39_0000000000000000005a,91,0.2673276932969026,2024,"{""type"":""MultiPoint"",""coordinates"":[]}"
39_0000000000000000005c,93,0.15976395372194746,2024,"{""type"":""MultiPoint"",""coordinates"":[]}"
39_0000000000000000005e,95,0.7278496549682609,2024,"{""type"":""MultiPoint"",""coordinates"":[]}"
39_00000000000000000060,97,0.1629806962890624,2024,"{""type"":""MultiPoint"",""coordinates"":[]}"
39_00000000000000000062,99,0.06579494342041015,2024,"{""type"":""MultiPoint"",""coordinates"":[]}"
39_00000000000000000064,101,1.2739280443064906,2024,"{""type"":""MultiPoint"",""coordinates"":[]}"
39_00000000000000000066,103,13.569635127048683,2024,"{""type"":""MultiPoint"",""coordinates"":[]}"
39_00000000000000000068,105,0.06557751556396486,2024,"{""type"":""MultiPoint"",""coordinates"":[]}"
39_00000000000000000069,106,0.14721533813476556,2024,"{""type"":""MultiPoint"",""coordinates"":[]}"
39_0000000000000000006a,107,0.0,2024,"{""type"":""MultiPoint"",""coordinates"":[]}"
39_0000000000000000006b,108,0.0,2024,"{""type"":""MultiPoint"",""coordinates"":[]}"
39_00000000000000000071,114,0.28291580487539214,2024,"{""type"":""MultiPoint"",""coordinates"":[]}"
39_00000000000000000073,116,0.2163729440142469,2024,"{""type"":""MultiPoint"",""coordinates"":[]}"
39_00000000000000000075,118,1.25793519973072,2024,"{""type"":""MultiPoint"",""coordinates"":[]}"
39_00000000000000000077,120,0.05994861726409316,2024,"{""type"":""MultiPoint"",""coordinates"":[]}"
39_0000000000000000007c,125,0.031207659179687503,2024,"{""type"":""MultiPoint"",""coordinates"":[]}"
39_0000000000000000007e,127,0.08859212487792975,2024,"{""type"":""MultiPoint"",""coordinates"":[]}"
39_00000000000000000080,129,0.48819518115234395,2024,"{""type"":""MultiPoint"",""coordinates"":[]}"
39_00000000000000000082,131,0.14196233641860068,2024,"{""type"":""MultiPoint"",""coordinates"":[]}"
39_00000000000000000084,133,0.00892258575439453,2024,"{""type"":""MultiPoint"",""coordinates"":[]}"
39_00000000000000000086,135,0.21003377294921835,2024,"{""type"":""MultiPoint"",""coordinates"":[]}"
39_00000000000000000088,137,0.0,2024,"{""type"":""MultiPoint"",""coordinates"":[]}"
39_0000000000000000008a,139,0.0,2024,"{""type"":""MultiPoint"",""coordinates"":[]}"
39_00000000000000000000,1,17.06790164076647,2024,"{""type"":""MultiPoint"",""coordinates"":[]}"
39_00000000000000000002,3,10.972923253747572,2024,"{""type"":""MultiPoint"",""coordinates"":[]}"
39_00000000000000000004,5,6.13094730522888,2024,"{""type"":""MultiPoint"",""coordinates"":[]}"
39_00000000000000000006,7,15.710189671859018,2024,"{""type"":""MultiPoint"",""coordinates"":[]}"
39_00000000000000000008,9,0.5498739013492367,2024,"{""type"":""MultiPoint"",""coordinates"":[]}"
39_0000000000000000000a,11,8.969519427713076,2024,"{""type"":""MultiPoint"",""coordinates"":[]}"
39_0000000000000000000c,13,0.6310753256196854,2024,"{""type"":""MultiPoint"",""coordinates"":[]}"
39_0000000000000000000e,15,3.8742967522262006,2024,"{""type"":""MultiPoint"",""coordinates"":[]}"
39_00000000000000000010,17,6.293803017372281,2024,"{""type"":""MultiPoint"",""coordinates"":[]}"
39_00000000000000000012,19,1.5822598531661707,2024,"{""type"":""MultiPoint"",""coordinates"":[]}"
39_00000000000000000014,21,9.080530855643952,2024,"{""type"":""MultiPoint"",""coordinates"":[]}"
39_00000000000000000016,23,3.4652169646041577,2024,"{""type"":""MultiPoint"",""coordinates"":[]}"
39_00000000000000000018,25,3.674569286488606,2024,"{""type"":""MultiPoint"",""coordinates"":[]}"
39_0000000000000000001d,30,0.8332180765075787,2024,"{""type"":""MultiPoint"",""coordinates"":[]}"
39_0000000000000000001e,31,0.0,2024,"{""type"":""MultiPoint"",""coordinates"":[]}"
39_0000000000000000001f,32,1.7626853932636355,2024,"{""type"":""MultiPoint"",""coordinates"":[]}"
39_00000000000000000021,34,3.3488322078595343,2024,"{""type"":""MultiPoint"",""coordinates"":[]}"
39_00000000000000000023,36,0.281210177775783,2024,"{""type"":""MultiPoint"",""coordinates"":[]}"
39_00000000000000000025,38,1.0151910087989968,2024,"{""type"":""MultiPoint"",""coordinates"":[]}"
39_00000000000000000027,40,2.0345211049471947,2024,"{""type"":""MultiPoint"",""coordinates"":[]}"
39_00000000000000000029,42,0.7283703247448485,2024,"{""type"":""MultiPoint"",""coordinates"":[]}"
39_0000000000000000002b,44,7.583286644338327,2024,"{""type"":""MultiPoint"",""coordinates"":[]}"
39_0000000000000000002d,46,2.552852700292486,2024,"{""type"":""MultiPoint"",""coordinates"":[]}"
39_0000000000000000002e,47,15.1776335532581,2024,"{""type"":""MultiPoint"",""coordinates"":[]}"
39_00000000000000000030,49,1.3950501246701683,2024,"{""type"":""MultiPoint"",""coordinates"":[]}"
39_00000000000000000032,51,6.574941812296072,2024,"{""type"":""MultiPoint"",""coordinates"":[]}"
39_00000000000000000034,53,0.6675146339192719,2024,"{""type"":""MultiPoint"",""coordinates"":[]}"
39_00000000000000000036,55,8.619382313722861,2024,"{""type"":""MultiPoint"",""coordinates"":[]}"
39_00000000000000000038,57,0.8308427482251932,2024,"{""type"":""MultiPoint"",""coordinates"":[]}"
39_0000000000000000003a,59,9.815853845610114,2024,"{""type"":""MultiPoint"",""coordinates"":[]}"
39_0000000000000000003c,61,10.375933774588113,2024,"{""type"":""MultiPoint"",""coordinates"":[]}"
39_0000000000000000003e,63,1.1169236596679688,2024,"{""type"":""MultiPoint"",""coordinates"":[]}"
39_00000000000000000040,65,4.157785965884676,2024,"{""type"":""MultiPoint"",""coordinates"":[]}"
39_00000000000000000042,67,0.6740588473268998,2024,"{""type"":""MultiPoint"",""coordinates"":[]}"
39_00000000000000000044,69,0.030509285888671866,2024,"{""type"":""MultiPoint"",""coordinates"":[]}"
39_00000000000000000045,70,0.0,2024,"{""type"":""MultiPoint"",""coordinates"":[]}"
39_00000000000000000046,71,0.2816518196411133,2024,"{""type"":""MultiPoint"",""coordinates"":[]}"
39_00000000000000000048,73,3.103520933599502,2024,"{""type"":""MultiPoint"",""coordinates"":[]}"
39_0000000000000000004a,75,5.401845410367065,2024,"{""type"":""MultiPoint"",""coordinates"":[]}"
39_0000000000000000004c,77,5.1063207743597,2024,"{""type"":""MultiPoint"",""coordinates"":[]}"
39_0000000000000000004f,80,7.841962988807291,2024,"{""type"":""MultiPoint"",""coordinates"":[]}"
39_00000000000000000051,82,5.117011941279133,2024,"{""type"":""MultiPoint"",""coordinates"":[]}"
39_00000000000000000053,84,21.03424428083023,2024,"{""type"":""MultiPoint"",""coordinates"":[]}"
39_00000000000000000055,86,0.007125615783691407,2024,"{""type"":""MultiPoint"",""coordinates"":[]}"
39_00000000000000000057,88,10.722352732277097,2024,"{""type"":""MultiPoint"",""coordinates"":[]}"
39_00000000000000000059,90,1.3162882788665164,2024,"{""type"":""MultiPoint"",""coordinates"":[]}"
39_0000000000000000005b,92,6.748638272138016,2024,"{""type"":""MultiPoint"",""coordinates"":[]}"
39_0000000000000000005d,94,57.78913291801978,2024,"{""type"":""MultiPoint"",""coordinates"":[]}"
39_0000000000000000005f,96,127.75375148994017,2024,"{""type"":""MultiPoint"",""coordinates"":[]}"
39_00000000000000000061,98,85.70821659546644,2024,"{""type"":""MultiPoint"",""coordinates"":[]}"
39_00000000000000000063,100,22.811100672522663,2024,"{""type"":""MultiPoint"",""coordinates"":[]}"
39_00000000000000000065,102,57.131848925952056,2024,"{""type"":""MultiPoint"",""coordinates"":[]}"
39_00000000000000000067,104,16.630108277718666,2024,"{""type"":""MultiPoint"",""coordinates"":[]}"
39_0000000000000000006c,109,1.2303701840210006,2024,"{""type"":""MultiPoint"",""coordinates"":[]}"
39_0000000000000000006d,110,13.414965623957826,2024,"{""type"":""MultiPoint"",""coordinates"":[]}"
39_0000000000000000006e,111,0.0,2024,"{""type"":""MultiPoint"",""coordinates"":[]}"
39_0000000000000000006f,112,0.0,2024,"{""type"":""MultiPoint"",""coordinates"":[]}"
39_00000000000000000070,113,0.9605785417576205,2024,"{""type"":""MultiPoint"",""coordinates"":[]}"
39_00000000000000000072,115,20.20213813312724,2024,"{""type"":""MultiPoint"",""coordinates"":[]}"
39_00000000000000000074,117,1.1868509163301328,2024,"{""type"":""MultiPoint"",""coordinates"":[]}"
39_00000000000000000076,119,0.14723610838599102,2024,"{""type"":""MultiPoint"",""coordinates"":[]}"
39_00000000000000000078,121,10.845441049791994,2024,"{""type"":""MultiPoint"",""coordinates"":[]}"
39_00000000000000000079,122,4.379263970980297,2024,"{""type"":""MultiPoint"",""coordinates"":[]}"
39_0000000000000000007a,123,13.490008239936863,2024,"{""type"":""MultiPoint"",""coordinates"":[]}"
39_0000000000000000007b,124,7.722368180099918,2024,"{""type"":""MultiPoint"",""coordinates"":[]}"
39_0000000000000000007d,126,18.247438418333132,2024,"{""type"":""MultiPoint"",""coordinates"":[]}"
39_0000000000000000007f,128,2.199776309780703,2024,"{""type"":""MultiPoint"",""coordinates"":[]}"
39_00000000000000000081,130,3.426528476497633,2024,"{""type"":""MultiPoint"",""coordinates"":[]}"
39_00000000000000000083,132,0.28736019515356925,2024,"{""type"":""MultiPoint"",""coordinates"":[]}"
39_00000000000000000085,134,6.853209431812242,2024,"{""type"":""MultiPoint"",""coordinates"":[]}"
39_00000000000000000087,136,0.07637764343261719,2024,"{""type"":""MultiPoint"",""coordinates"":[]}"
39_00000000000000000089,138,0.8969863051867908,2024,"{""type"":""MultiPoint"",""coordinates"":[]}"
39_0000000000000000008b,140,2.442096803104896,2024,"{""type"":""MultiPoint"",""coordinates"":[]}"
39_0000000000000000008c,141,10.445306505714573,2024,"{""type"":""MultiPoint"",""coordinates"":[]}"
39_0000000000000000008d,142,31.19706014434482,2024,"{""type"":""MultiPoint"",""coordinates"":[]}"
39_0000000000000000008e,143,13.9701528060389,2024,"{""type"":""MultiPoint"",""coordinates"":[]}"
39_0000000000000000008f,144,105.59301770654014,2024,"{""type"":""MultiPoint"",""coordinates"":[]}"
