HYBAS_ID,basin_ID,coast,basin_coast_property,PFAF_ID,upstream_area_km2,active_human_pressure_context,human_pressure_marsh_context_ha,ghm_year,human_pressure_mean,human_pressure_p75,human_pressure_pixel_count,source,asset,local_source_scale
7060016100,1,Pacific,1,,4507.2,whole_basin_in_local_ghm_domain,,1990,0.47452598810195923,0.6943749189376831,21688,Local GHM overall human modification raster; basin-year mean,CATidalMarsh_DECODE/SupportiveData/Raw/GHM_Pacific_1990.tif,0_to_1
7060016100,1,Pacific,1,,4507.2,whole_basin_in_local_ghm_domain,,1995,0.4832226037979126,0.7194429039955139,21688,Local GHM overall human modification raster; basin-year mean,CATidalMarsh_DECODE/SupportiveData/Raw/GHM_Pacific_1995.tif,0_to_1
7060016100,1,Pacific,1,,4507.2,whole_basin_in_local_ghm_domain,,2000,0.4922187030315399,0.738810122013092,21688,Local GHM overall human modification raster; basin-year mean,CATidalMarsh_DECODE/SupportiveData/Raw/GHM_Pacific_2000.tif,0_to_1
7060016100,1,Pacific,1,,4507.2,whole_basin_in_local_ghm_domain,,2005,0.49676647782325745,0.7509201765060425,21688,Local GHM overall human modification raster; basin-year mean,CATidalMarsh_DECODE/SupportiveData/Raw/GHM_Pacific_2005.tif,0_to_1
7060016100,1,Pacific,1,,4507.2,whole_basin_in_local_ghm_domain,,2010,0.5041570663452148,0.7710608243942261,21688,Local GHM overall human modification raster; basin-year mean,CATidalMarsh_DECODE/SupportiveData/Raw/GHM_Pacific_2010.tif,0_to_1
7060016100,1,Pacific,1,,4507.2,whole_basin_in_local_ghm_domain,,2015,0.5120389461517334,0.7884746789932251,21688,Local GHM overall human modification raster; basin-year mean,CATidalMarsh_DECODE/SupportiveData/Raw/GHM_Pacific_2015.tif,0_to_1
7060016100,1,Pacific,1,,4507.2,whole_basin_in_local_ghm_domain,,2020,0.5185363292694092,0.8005617260932922,21688,Local GHM overall human modification raster; basin-year mean,CATidalMarsh_DECODE/SupportiveData/Raw/GHM_Pacific_2020.tif,0_to_1
7060016260,2,Pacific,0,,230830.7,whole_basin_in_local_ghm_domain,,1990,0.061912789940834045,0.008024835959076881,326384,Local GHM overall human modification raster; basin-year mean,CATidalMarsh_DECODE/SupportiveData/Raw/GHM_Pacific_1990.tif,0_to_1
7060016260,2,Pacific,0,,230830.7,whole_basin_in_local_ghm_domain,,1995,0.06337757408618927,0.007968524470925331,326384,Local GHM overall human modification raster; basin-year mean,CATidalMarsh_DECODE/SupportiveData/Raw/GHM_Pacific_1995.tif,0_to_1
7060016260,2,Pacific,0,,230830.7,whole_basin_in_local_ghm_domain,,2000,0.06486523151397705,0.00821541715413332,326384,Local GHM overall human modification raster; basin-year mean,CATidalMarsh_DECODE/SupportiveData/Raw/GHM_Pacific_2000.tif,0_to_1
7060016260,2,Pacific,0,,230830.7,whole_basin_in_local_ghm_domain,,2005,0.06634917855262756,0.008372864685952663,326384,Local GHM overall human modification raster; basin-year mean,CATidalMarsh_DECODE/SupportiveData/Raw/GHM_Pacific_2005.tif,0_to_1
7060016260,2,Pacific,0,,230830.7,whole_basin_in_local_ghm_domain,,2010,0.06949136406183243,0.008992110379040241,326384,Local GHM overall human modification raster; basin-year mean,CATidalMarsh_DECODE/SupportiveData/Raw/GHM_Pacific_2010.tif,0_to_1
7060016260,2,Pacific,0,,230830.7,whole_basin_in_local_ghm_domain,,2015,0.07291829586029053,0.010646033100783825,326384,Local GHM overall human modification raster; basin-year mean,CATidalMarsh_DECODE/SupportiveData/Raw/GHM_Pacific_2015.tif,0_to_1
7060016260,2,Pacific,0,,230830.7,whole_basin_in_local_ghm_domain,,2020,0.07623780518770218,0.013326185755431652,326384,Local GHM overall human modification raster; basin-year mean,CATidalMarsh_DECODE/SupportiveData/Raw/GHM_Pacific_2020.tif,0_to_1
7060016270,3,Pacific,1,,19022.7,whole_basin_in_local_ghm_domain,,1990,0.03616725653409958,0.007120388559997082,314405,Local GHM overall human modification raster; basin-year mean,CATidalMarsh_DECODE/SupportiveData/Raw/GHM_Pacific_1990.tif,0_to_1
7060016270,3,Pacific,1,,19022.7,whole_basin_in_local_ghm_domain,,1995,0.03719359636306763,0.007187209092080593,314405,Local GHM overall human modification raster; basin-year mean,CATidalMarsh_DECODE/SupportiveData/Raw/GHM_Pacific_1995.tif,0_to_1
7060016270,3,Pacific,1,,19022.7,whole_basin_in_local_ghm_domain,,2000,0.03819761425256729,0.007452959660440683,314405,Local GHM overall human modification raster; basin-year mean,CATidalMarsh_DECODE/SupportiveData/Raw/GHM_Pacific_2000.tif,0_to_1
7060016270,3,Pacific,1,,19022.7,whole_basin_in_local_ghm_domain,,2005,0.03962312266230583,0.0077163949608802795,314405,Local GHM overall human modification raster; basin-year mean,CATidalMarsh_DECODE/SupportiveData/Raw/GHM_Pacific_2005.tif,0_to_1
7060016270,3,Pacific,1,,19022.7,whole_basin_in_local_ghm_domain,,2010,0.041586436331272125,0.007338717579841614,314405,Local GHM overall human modification raster; basin-year mean,CATidalMarsh_DECODE/SupportiveData/Raw/GHM_Pacific_2010.tif,0_to_1
7060016270,3,Pacific,1,,19022.7,whole_basin_in_local_ghm_domain,,2015,0.04504109174013138,0.007874608971178532,314405,Local GHM overall human modification raster; basin-year mean,CATidalMarsh_DECODE/SupportiveData/Raw/GHM_Pacific_2015.tif,0_to_1
7060016270,3,Pacific,1,,19022.7,whole_basin_in_local_ghm_domain,,2020,0.04807470738887787,0.00845552608370781,314405,Local GHM overall human modification raster; basin-year mean,CATidalMarsh_DECODE/SupportiveData/Raw/GHM_Pacific_2020.tif,0_to_1
7060016850,4,Pacific,0,,5747.0,whole_basin_in_local_ghm_domain,,1990,0.0015224372036755085,0.0016987943090498447,100636,Local GHM overall human modification raster; basin-year mean,CATidalMarsh_DECODE/SupportiveData/Raw/GHM_Pacific_1990.tif,0_to_1
7060016850,4,Pacific,0,,5747.0,whole_basin_in_local_ghm_domain,,1995,0.0015046825865283608,0.001621444709599018,100636,Local GHM overall human modification raster; basin-year mean,CATidalMarsh_DECODE/SupportiveData/Raw/GHM_Pacific_1995.tif,0_to_1
7060016850,4,Pacific,0,,5747.0,whole_basin_in_local_ghm_domain,,2000,0.001657529384829104,0.0016265243757516146,100636,Local GHM overall human modification raster; basin-year mean,CATidalMarsh_DECODE/SupportiveData/Raw/GHM_Pacific_2000.tif,0_to_1
7060016850,4,Pacific,0,,5747.0,whole_basin_in_local_ghm_domain,,2005,0.0016867450904101133,0.0015515624545514584,100636,Local GHM overall human modification raster; basin-year mean,CATidalMarsh_DECODE/SupportiveData/Raw/GHM_Pacific_2005.tif,0_to_1
7060016850,4,Pacific,0,,5747.0,whole_basin_in_local_ghm_domain,,2010,0.0017701605102047324,0.0015283557586371899,100636,Local GHM overall human modification raster; basin-year mean,CATidalMarsh_DECODE/SupportiveData/Raw/GHM_Pacific_2010.tif,0_to_1
7060016850,4,Pacific,0,,5747.0,whole_basin_in_local_ghm_domain,,2015,0.002034983830526471,0.0015432997606694698,100636,Local GHM overall human modification raster; basin-year mean,CATidalMarsh_DECODE/SupportiveData/Raw/GHM_Pacific_2015.tif,0_to_1
7060016850,4,Pacific,0,,5747.0,whole_basin_in_local_ghm_domain,,2020,0.0025774622336030006,0.0015579076716676354,100636,Local GHM overall human modification raster; basin-year mean,CATidalMarsh_DECODE/SupportiveData/Raw/GHM_Pacific_2020.tif,0_to_1
7060016860,5,Pacific,1,,5767.7,whole_basin_in_local_ghm_domain,,1990,0.003864653641358018,0.0033010970801115036,93251,Local GHM overall human modification raster; basin-year mean,CATidalMarsh_DECODE/SupportiveData/Raw/GHM_Pacific_1990.tif,0_to_1
7060016860,5,Pacific,1,,5767.7,whole_basin_in_local_ghm_domain,,1995,0.00408164132386446,0.003149284515529871,93251,Local GHM overall human modification raster; basin-year mean,CATidalMarsh_DECODE/SupportiveData/Raw/GHM_Pacific_1995.tif,0_to_1
7060016860,5,Pacific,1,,5767.7,whole_basin_in_local_ghm_domain,,2000,0.004668878391385078,0.003383843693882227,93251,Local GHM overall human modification raster; basin-year mean,CATidalMarsh_DECODE/SupportiveData/Raw/GHM_Pacific_2000.tif,0_to_1
7060016860,5,Pacific,1,,5767.7,whole_basin_in_local_ghm_domain,,2005,0.006642848718911409,0.003722787369042635,93251,Local GHM overall human modification raster; basin-year mean,CATidalMarsh_DECODE/SupportiveData/Raw/GHM_Pacific_2005.tif,0_to_1
7060016860,5,Pacific,1,,5767.7,whole_basin_in_local_ghm_domain,,2010,0.009092453867197037,0.0038752914406359196,93251,Local GHM overall human modification raster; basin-year mean,CATidalMarsh_DECODE/SupportiveData/Raw/GHM_Pacific_2010.tif,0_to_1
7060016860,5,Pacific,1,,5767.7,whole_basin_in_local_ghm_domain,,2015,0.013999823480844498,0.00409015454351902,93251,Local GHM overall human modification raster; basin-year mean,CATidalMarsh_DECODE/SupportiveData/Raw/GHM_Pacific_2015.tif,0_to_1
7060016860,5,Pacific,1,,5767.7,whole_basin_in_local_ghm_domain,,2020,0.01844066008925438,0.004179374314844608,93251,Local GHM overall human modification raster; basin-year mean,CATidalMarsh_DECODE/SupportiveData/Raw/GHM_Pacific_2020.tif,0_to_1
7060017140,6,Pacific,0,,5839.7,whole_basin_in_local_ghm_domain,,1990,0.0027720103971660137,0.002183108124881983,103787,Local GHM overall human modification raster; basin-year mean,CATidalMarsh_DECODE/SupportiveData/Raw/GHM_Pacific_1990.tif,0_to_1
7060017140,6,Pacific,0,,5839.7,whole_basin_in_local_ghm_domain,,1995,0.00285421428270638,0.0021476256661117077,103787,Local GHM overall human modification raster; basin-year mean,CATidalMarsh_DECODE/SupportiveData/Raw/GHM_Pacific_1995.tif,0_to_1
7060017140,6,Pacific,0,,5839.7,whole_basin_in_local_ghm_domain,,2000,0.0029966605361551046,0.0021887999027967453,103787,Local GHM overall human modification raster; basin-year mean,CATidalMarsh_DECODE/SupportiveData/Raw/GHM_Pacific_2000.tif,0_to_1
7060017140,6,Pacific,0,,5839.7,whole_basin_in_local_ghm_domain,,2005,0.003789239563047886,0.0021201707422733307,103787,Local GHM overall human modification raster; basin-year mean,CATidalMarsh_DECODE/SupportiveData/Raw/GHM_Pacific_2005.tif,0_to_1
7060017140,6,Pacific,0,,5839.7,whole_basin_in_local_ghm_domain,,2010,0.00402606138959527,0.0021361412946134806,103787,Local GHM overall human modification raster; basin-year mean,CATidalMarsh_DECODE/SupportiveData/Raw/GHM_Pacific_2010.tif,0_to_1
7060017140,6,Pacific,0,,5839.7,whole_basin_in_local_ghm_domain,,2015,0.005285088904201984,0.002159788738936186,103787,Local GHM overall human modification raster; basin-year mean,CATidalMarsh_DECODE/SupportiveData/Raw/GHM_Pacific_2015.tif,0_to_1
7060017140,6,Pacific,0,,5839.7,whole_basin_in_local_ghm_domain,,2020,0.008502732031047344,0.0022122107911854982,103787,Local GHM overall human modification raster; basin-year mean,CATidalMarsh_DECODE/SupportiveData/Raw/GHM_Pacific_2020.tif,0_to_1
7060017150,7,Pacific,1,,19689.5,whole_basin_in_local_ghm_domain,,1990,0.0014411138836294413,0.0015353802591562271,330297,Local GHM overall human modification raster; basin-year mean,CATidalMarsh_DECODE/SupportiveData/Raw/GHM_Pacific_1990.tif,0_to_1
7060017150,7,Pacific,1,,19689.5,whole_basin_in_local_ghm_domain,,1995,0.0014739190228283405,0.001490825554355979,330297,Local GHM overall human modification raster; basin-year mean,CATidalMarsh_DECODE/SupportiveData/Raw/GHM_Pacific_1995.tif,0_to_1
7060017150,7,Pacific,1,,19689.5,whole_basin_in_local_ghm_domain,,2000,0.001750708557665348,0.001589651801623404,330297,Local GHM overall human modification raster; basin-year mean,CATidalMarsh_DECODE/SupportiveData/Raw/GHM_Pacific_2000.tif,0_to_1
7060017150,7,Pacific,1,,19689.5,whole_basin_in_local_ghm_domain,,2005,0.002480429597198963,0.0016483134822919965,330297,Local GHM overall human modification raster; basin-year mean,CATidalMarsh_DECODE/SupportiveData/Raw/GHM_Pacific_2005.tif,0_to_1
7060017150,7,Pacific,1,,19689.5,whole_basin_in_local_ghm_domain,,2010,0.003203391097486019,0.0016318344278261065,330297,Local GHM overall human modification raster; basin-year mean,CATidalMarsh_DECODE/SupportiveData/Raw/GHM_Pacific_2010.tif,0_to_1
7060017150,7,Pacific,1,,19689.5,whole_basin_in_local_ghm_domain,,2015,0.004532547667622566,0.0016640572575852275,330297,Local GHM overall human modification raster; basin-year mean,CATidalMarsh_DECODE/SupportiveData/Raw/GHM_Pacific_2015.tif,0_to_1
7060017150,7,Pacific,1,,19689.5,whole_basin_in_local_ghm_domain,,2020,0.00560216186568141,0.0016847447259351611,330297,Local GHM overall human modification raster; basin-year mean,CATidalMarsh_DECODE/SupportiveData/Raw/GHM_Pacific_2020.tif,0_to_1
7060017930,8,Pacific,0,,5358.3,whole_basin_in_local_ghm_domain,,1990,0.00604080269113183,0.0026964726857841015,94901,Local GHM overall human modification raster; basin-year mean,CATidalMarsh_DECODE/SupportiveData/Raw/GHM_Pacific_1990.tif,0_to_1
7060017930,8,Pacific,0,,5358.3,whole_basin_in_local_ghm_domain,,1995,0.006018286105245352,0.0026510886382311583,94901,Local GHM overall human modification raster; basin-year mean,CATidalMarsh_DECODE/SupportiveData/Raw/GHM_Pacific_1995.tif,0_to_1
7060017930,8,Pacific,0,,5358.3,whole_basin_in_local_ghm_domain,,2000,0.006348481867462397,0.0027184458449482918,94901,Local GHM overall human modification raster; basin-year mean,CATidalMarsh_DECODE/SupportiveData/Raw/GHM_Pacific_2000.tif,0_to_1
7060017930,8,Pacific,0,,5358.3,whole_basin_in_local_ghm_domain,,2005,0.0067044696770608425,0.0025895487051457167,94901,Local GHM overall human modification raster; basin-year mean,CATidalMarsh_DECODE/SupportiveData/Raw/GHM_Pacific_2005.tif,0_to_1
7060017930,8,Pacific,0,,5358.3,whole_basin_in_local_ghm_domain,,2010,0.007111592683941126,0.0025888769887387753,94901,Local GHM overall human modification raster; basin-year mean,CATidalMarsh_DECODE/SupportiveData/Raw/GHM_Pacific_2010.tif,0_to_1
7060017930,8,Pacific,0,,5358.3,whole_basin_in_local_ghm_domain,,2015,0.007460963912308216,0.0026147952303290367,94901,Local GHM overall human modification raster; basin-year mean,CATidalMarsh_DECODE/SupportiveData/Raw/GHM_Pacific_2015.tif,0_to_1
7060017930,8,Pacific,0,,5358.3,whole_basin_in_local_ghm_domain,,2020,0.008641812019050121,0.0026190534699708223,94901,Local GHM overall human modification raster; basin-year mean,CATidalMarsh_DECODE/SupportiveData/Raw/GHM_Pacific_2020.tif,0_to_1
7060017940,9,Pacific,1,,1072.6,whole_basin_in_local_ghm_domain,,1990,0.0016007854137569666,0.0015080419834703207,18996,Local GHM overall human modification raster; basin-year mean,CATidalMarsh_DECODE/SupportiveData/Raw/GHM_Pacific_1990.tif,0_to_1
7060017940,9,Pacific,1,,1072.6,whole_basin_in_local_ghm_domain,,1995,0.0015948978252708912,0.0014742383500561118,18996,Local GHM overall human modification raster; basin-year mean,CATidalMarsh_DECODE/SupportiveData/Raw/GHM_Pacific_1995.tif,0_to_1
7060017940,9,Pacific,1,,1072.6,whole_basin_in_local_ghm_domain,,2000,0.0017366328975185752,0.0015298945363610983,18996,Local GHM overall human modification raster; basin-year mean,CATidalMarsh_DECODE/SupportiveData/Raw/GHM_Pacific_2000.tif,0_to_1
7060017940,9,Pacific,1,,1072.6,whole_basin_in_local_ghm_domain,,2005,0.0017971605993807316,0.0014227631036192179,18996,Local GHM overall human modification raster; basin-year mean,CATidalMarsh_DECODE/SupportiveData/Raw/GHM_Pacific_2005.tif,0_to_1
7060017940,9,Pacific,1,,1072.6,whole_basin_in_local_ghm_domain,,2010,0.0018331421306356788,0.0013423546915873885,18996,Local GHM overall human modification raster; basin-year mean,CATidalMarsh_DECODE/SupportiveData/Raw/GHM_Pacific_2010.tif,0_to_1
7060017940,9,Pacific,1,,1072.6,whole_basin_in_local_ghm_domain,,2015,0.0020405540708452463,0.0013486770913004875,18996,Local GHM overall human modification raster; basin-year mean,CATidalMarsh_DECODE/SupportiveData/Raw/GHM_Pacific_2015.tif,0_to_1
7060017940,9,Pacific,1,,1072.6,whole_basin_in_local_ghm_domain,,2020,0.002238093176856637,0.0013500467175617814,18996,Local GHM overall human modification raster; basin-year mean,CATidalMarsh_DECODE/SupportiveData/Raw/GHM_Pacific_2020.tif,0_to_1
7060018020,10,Pacific,0,,7767.9,whole_basin_in_local_ghm_domain,,1990,0.004949506837874651,0.00226413831114769,140346,Local GHM overall human modification raster; basin-year mean,CATidalMarsh_DECODE/SupportiveData/Raw/GHM_Pacific_1990.tif,0_to_1
7060018020,10,Pacific,0,,7767.9,whole_basin_in_local_ghm_domain,,1995,0.004961367696523666,0.002198799280449748,140346,Local GHM overall human modification raster; basin-year mean,CATidalMarsh_DECODE/SupportiveData/Raw/GHM_Pacific_1995.tif,0_to_1
7060018020,10,Pacific,0,,7767.9,whole_basin_in_local_ghm_domain,,2000,0.005079456139355898,0.002228006487712264,140346,Local GHM overall human modification raster; basin-year mean,CATidalMarsh_DECODE/SupportiveData/Raw/GHM_Pacific_2000.tif,0_to_1
7060018020,10,Pacific,0,,7767.9,whole_basin_in_local_ghm_domain,,2005,0.007749586831778288,0.002181688789278269,140346,Local GHM overall human modification raster; basin-year mean,CATidalMarsh_DECODE/SupportiveData/Raw/GHM_Pacific_2005.tif,0_to_1
7060018020,10,Pacific,0,,7767.9,whole_basin_in_local_ghm_domain,,2010,0.010018877685070038,0.0022285827435553074,140346,Local GHM overall human modification raster; basin-year mean,CATidalMarsh_DECODE/SupportiveData/Raw/GHM_Pacific_2010.tif,0_to_1
7060018020,10,Pacific,0,,7767.9,whole_basin_in_local_ghm_domain,,2015,0.01099533773958683,0.002275824313983321,140346,Local GHM overall human modification raster; basin-year mean,CATidalMarsh_DECODE/SupportiveData/Raw/GHM_Pacific_2015.tif,0_to_1
7060018020,10,Pacific,0,,7767.9,whole_basin_in_local_ghm_domain,,2020,0.01342932041734457,0.0023208346683532,140346,Local GHM overall human modification raster; basin-year mean,CATidalMarsh_DECODE/SupportiveData/Raw/GHM_Pacific_2020.tif,0_to_1
7060018030,11,Pacific,1,,12403.2,whole_basin_in_local_ghm_domain,,1990,0.002965913387015462,0.0027929451316595078,204958,Local GHM overall human modification raster; basin-year mean,CATidalMarsh_DECODE/SupportiveData/Raw/GHM_Pacific_1990.tif,0_to_1
7060018030,11,Pacific,1,,12403.2,whole_basin_in_local_ghm_domain,,1995,0.003006949322298169,0.0026162806898355484,204958,Local GHM overall human modification raster; basin-year mean,CATidalMarsh_DECODE/SupportiveData/Raw/GHM_Pacific_1995.tif,0_to_1
7060018030,11,Pacific,1,,12403.2,whole_basin_in_local_ghm_domain,,2000,0.003244836116209626,0.002819497138261795,204958,Local GHM overall human modification raster; basin-year mean,CATidalMarsh_DECODE/SupportiveData/Raw/GHM_Pacific_2000.tif,0_to_1
7060018030,11,Pacific,1,,12403.2,whole_basin_in_local_ghm_domain,,2005,0.0034620778169482946,0.003143100533634424,204958,Local GHM overall human modification raster; basin-year mean,CATidalMarsh_DECODE/SupportiveData/Raw/GHM_Pacific_2005.tif,0_to_1
7060018030,11,Pacific,1,,12403.2,whole_basin_in_local_ghm_domain,,2010,0.0036592415999621153,0.003215739969164133,204958,Local GHM overall human modification raster; basin-year mean,CATidalMarsh_DECODE/SupportiveData/Raw/GHM_Pacific_2010.tif,0_to_1
7060018030,11,Pacific,1,,12403.2,whole_basin_in_local_ghm_domain,,2015,0.004250029567629099,0.0033083814196288586,204958,Local GHM overall human modification raster; basin-year mean,CATidalMarsh_DECODE/SupportiveData/Raw/GHM_Pacific_2015.tif,0_to_1
7060018030,11,Pacific,1,,12403.2,whole_basin_in_local_ghm_domain,,2020,0.005450081545859575,0.0033569415099918842,204958,Local GHM overall human modification raster; basin-year mean,CATidalMarsh_DECODE/SupportiveData/Raw/GHM_Pacific_2020.tif,0_to_1
7060018590,12,Pacific,0,,3175.0,whole_basin_in_local_ghm_domain,,1990,0.0006074781413190067,0.000640189100522548,58201,Local GHM overall human modification raster; basin-year mean,CATidalMarsh_DECODE/SupportiveData/Raw/GHM_Pacific_1990.tif,0_to_1
7060018590,12,Pacific,0,,3175.0,whole_basin_in_local_ghm_domain,,1995,0.0006229597493074834,0.000640996266156435,58201,Local GHM overall human modification raster; basin-year mean,CATidalMarsh_DECODE/SupportiveData/Raw/GHM_Pacific_1995.tif,0_to_1
7060018590,12,Pacific,0,,3175.0,whole_basin_in_local_ghm_domain,,2000,0.0008829368744045496,0.0006922836182639003,58201,Local GHM overall human modification raster; basin-year mean,CATidalMarsh_DECODE/SupportiveData/Raw/GHM_Pacific_2000.tif,0_to_1
7060018590,12,Pacific,0,,3175.0,whole_basin_in_local_ghm_domain,,2005,0.000883435714058578,0.0006939904415048659,58201,Local GHM overall human modification raster; basin-year mean,CATidalMarsh_DECODE/SupportiveData/Raw/GHM_Pacific_2005.tif,0_to_1
7060018590,12,Pacific,0,,3175.0,whole_basin_in_local_ghm_domain,,2010,0.0009424632298760116,0.0006243946845643222,58201,Local GHM overall human modification raster; basin-year mean,CATidalMarsh_DECODE/SupportiveData/Raw/GHM_Pacific_2010.tif,0_to_1
7060018590,12,Pacific,0,,3175.0,whole_basin_in_local_ghm_domain,,2015,0.0012219512136653066,0.0006293923361226916,58201,Local GHM overall human modification raster; basin-year mean,CATidalMarsh_DECODE/SupportiveData/Raw/GHM_Pacific_2015.tif,0_to_1
7060018590,12,Pacific,0,,3175.0,whole_basin_in_local_ghm_domain,,2020,0.0016896778251975775,0.000631566799711436,58201,Local GHM overall human modification raster; basin-year mean,CATidalMarsh_DECODE/SupportiveData/Raw/GHM_Pacific_2020.tif,0_to_1
7060018600,13,Pacific,1,,156.4,whole_basin_in_local_ghm_domain,,1990,0.0008147939806804061,0.0006245561526156962,2765,Local GHM overall human modification raster; basin-year mean,CATidalMarsh_DECODE/SupportiveData/Raw/GHM_Pacific_1990.tif,0_to_1
7060018600,13,Pacific,1,,156.4,whole_basin_in_local_ghm_domain,,1995,0.000825251976493746,0.0006185447564348578,2765,Local GHM overall human modification raster; basin-year mean,CATidalMarsh_DECODE/SupportiveData/Raw/GHM_Pacific_1995.tif,0_to_1
7060018600,13,Pacific,1,,156.4,whole_basin_in_local_ghm_domain,,2000,0.0008804256794974208,0.0006584644434042275,2765,Local GHM overall human modification raster; basin-year mean,CATidalMarsh_DECODE/SupportiveData/Raw/GHM_Pacific_2000.tif,0_to_1
7060018600,13,Pacific,1,,156.4,whole_basin_in_local_ghm_domain,,2005,0.0009263342362828553,0.0006378353573381901,2765,Local GHM overall human modification raster; basin-year mean,CATidalMarsh_DECODE/SupportiveData/Raw/GHM_Pacific_2005.tif,0_to_1
7060018600,13,Pacific,1,,156.4,whole_basin_in_local_ghm_domain,,2010,0.0008584482129663229,0.0005630179075524211,2765,Local GHM overall human modification raster; basin-year mean,CATidalMarsh_DECODE/SupportiveData/Raw/GHM_Pacific_2010.tif,0_to_1
7060018600,13,Pacific,1,,156.4,whole_basin_in_local_ghm_domain,,2015,0.0012399519328027964,0.0005619453149847686,2765,Local GHM overall human modification raster; basin-year mean,CATidalMarsh_DECODE/SupportiveData/Raw/GHM_Pacific_2015.tif,0_to_1
7060018600,13,Pacific,1,,156.4,whole_basin_in_local_ghm_domain,,2020,0.0012399519328027964,0.0005619453149847686,2765,Local GHM overall human modification raster; basin-year mean,CATidalMarsh_DECODE/SupportiveData/Raw/GHM_Pacific_2020.tif,0_to_1
7060018610,14,Pacific,0,,1304.7,whole_basin_in_local_ghm_domain,,1990,0.008041027002036572,0.0010427299421280622,24351,Local GHM overall human modification raster; basin-year mean,CATidalMarsh_DECODE/SupportiveData/Raw/GHM_Pacific_1990.tif,0_to_1
7060018610,14,Pacific,0,,1304.7,whole_basin_in_local_ghm_domain,,1995,0.008369027636945248,0.001067671226337552,24351,Local GHM overall human modification raster; basin-year mean,CATidalMarsh_DECODE/SupportiveData/Raw/GHM_Pacific_1995.tif,0_to_1
7060018610,14,Pacific,0,,1304.7,whole_basin_in_local_ghm_domain,,2000,0.009010461159050465,0.001128606148995459,24351,Local GHM overall human modification raster; basin-year mean,CATidalMarsh_DECODE/SupportiveData/Raw/GHM_Pacific_2000.tif,0_to_1
7060018610,14,Pacific,0,,1304.7,whole_basin_in_local_ghm_domain,,2005,0.009064183570444584,0.0011051723267883062,24351,Local GHM overall human modification raster; basin-year mean,CATidalMarsh_DECODE/SupportiveData/Raw/GHM_Pacific_2005.tif,0_to_1
7060018610,14,Pacific,0,,1304.7,whole_basin_in_local_ghm_domain,,2010,0.009030027315020561,0.0009559688623994589,24351,Local GHM overall human modification raster; basin-year mean,CATidalMarsh_DECODE/SupportiveData/Raw/GHM_Pacific_2010.tif,0_to_1
7060018610,14,Pacific,0,,1304.7,whole_basin_in_local_ghm_domain,,2015,0.009183097630739212,0.0009577839518897235,24351,Local GHM overall human modification raster; basin-year mean,CATidalMarsh_DECODE/SupportiveData/Raw/GHM_Pacific_2015.tif,0_to_1
7060018610,14,Pacific,0,,1304.7,whole_basin_in_local_ghm_domain,,2020,0.01048344373703003,0.0009611080167815089,24351,Local GHM overall human modification raster; basin-year mean,CATidalMarsh_DECODE/SupportiveData/Raw/GHM_Pacific_2020.tif,0_to_1
7060018620,15,Pacific,1,,2305.6,whole_basin_in_local_ghm_domain,,1990,0.007935496978461742,0.006271077319979668,42306,Local GHM overall human modification raster; basin-year mean,CATidalMarsh_DECODE/SupportiveData/Raw/GHM_Pacific_1990.tif,0_to_1
7060018620,15,Pacific,1,,2305.6,whole_basin_in_local_ghm_domain,,1995,0.008196020498871803,0.006483192555606365,42306,Local GHM overall human modification raster; basin-year mean,CATidalMarsh_DECODE/SupportiveData/Raw/GHM_Pacific_1995.tif,0_to_1
7060018620,15,Pacific,1,,2305.6,whole_basin_in_local_ghm_domain,,2000,0.00847406405955553,0.006643086671829224,42306,Local GHM overall human modification raster; basin-year mean,CATidalMarsh_DECODE/SupportiveData/Raw/GHM_Pacific_2000.tif,0_to_1
7060018620,15,Pacific,1,,2305.6,whole_basin_in_local_ghm_domain,,2005,0.00862075388431549,0.006615635007619858,42306,Local GHM overall human modification raster; basin-year mean,CATidalMarsh_DECODE/SupportiveData/Raw/GHM_Pacific_2005.tif,0_to_1
7060018620,15,Pacific,1,,2305.6,whole_basin_in_local_ghm_domain,,2010,0.00863246712833643,0.00583223719149828,42306,Local GHM overall human modification raster; basin-year mean,CATidalMarsh_DECODE/SupportiveData/Raw/GHM_Pacific_2010.tif,0_to_1
7060018620,15,Pacific,1,,2305.6,whole_basin_in_local_ghm_domain,,2015,0.009184450842440128,0.00572809437289834,42306,Local GHM overall human modification raster; basin-year mean,CATidalMarsh_DECODE/SupportiveData/Raw/GHM_Pacific_2015.tif,0_to_1
7060018620,15,Pacific,1,,2305.6,whole_basin_in_local_ghm_domain,,2020,0.0113320117816329,0.005779674276709557,42306,Local GHM overall human modification raster; basin-year mean,CATidalMarsh_DECODE/SupportiveData/Raw/GHM_Pacific_2020.tif,0_to_1
7060018780,16,Pacific,0,,2011.1,whole_basin_in_local_ghm_domain,,1990,0.017980286851525307,0.007586783729493618,38171,Local GHM overall human modification raster; basin-year mean,CATidalMarsh_DECODE/SupportiveData/Raw/GHM_Pacific_1990.tif,0_to_1
7060018780,16,Pacific,0,,2011.1,whole_basin_in_local_ghm_domain,,1995,0.018928132951259613,0.007765382993966341,38171,Local GHM overall human modification raster; basin-year mean,CATidalMarsh_DECODE/SupportiveData/Raw/GHM_Pacific_1995.tif,0_to_1
7060018780,16,Pacific,0,,2011.1,whole_basin_in_local_ghm_domain,,2000,0.019109247252345085,0.007924895733594894,38171,Local GHM overall human modification raster; basin-year mean,CATidalMarsh_DECODE/SupportiveData/Raw/GHM_Pacific_2000.tif,0_to_1
7060018780,16,Pacific,0,,2011.1,whole_basin_in_local_ghm_domain,,2005,0.01942269131541252,0.007863987237215042,38171,Local GHM overall human modification raster; basin-year mean,CATidalMarsh_DECODE/SupportiveData/Raw/GHM_Pacific_2005.tif,0_to_1
7060018780,16,Pacific,0,,2011.1,whole_basin_in_local_ghm_domain,,2010,0.019691159948706627,0.0070844534784555435,38171,Local GHM overall human modification raster; basin-year mean,CATidalMarsh_DECODE/SupportiveData/Raw/GHM_Pacific_2010.tif,0_to_1
7060018780,16,Pacific,0,,2011.1,whole_basin_in_local_ghm_domain,,2015,0.02166144736111164,0.007068959064781666,38171,Local GHM overall human modification raster; basin-year mean,CATidalMarsh_DECODE/SupportiveData/Raw/GHM_Pacific_2015.tif,0_to_1
7060018780,16,Pacific,0,,2011.1,whole_basin_in_local_ghm_domain,,2020,0.024189135059714317,0.007144662085920572,38171,Local GHM overall human modification raster; basin-year mean,CATidalMarsh_DECODE/SupportiveData/Raw/GHM_Pacific_2020.tif,0_to_1
7060018790,17,Pacific,1,,2697.6,whole_basin_in_local_ghm_domain,,1990,0.00783334020525217,0.003554536495357752,46610,Local GHM overall human modification raster; basin-year mean,CATidalMarsh_DECODE/SupportiveData/Raw/GHM_Pacific_1990.tif,0_to_1
7060018790,17,Pacific,1,,2697.6,whole_basin_in_local_ghm_domain,,1995,0.008457656018435955,0.003404945833608508,46610,Local GHM overall human modification raster; basin-year mean,CATidalMarsh_DECODE/SupportiveData/Raw/GHM_Pacific_1995.tif,0_to_1
7060018790,17,Pacific,1,,2697.6,whole_basin_in_local_ghm_domain,,2000,0.00864425115287304,0.003604011842980981,46610,Local GHM overall human modification raster; basin-year mean,CATidalMarsh_DECODE/SupportiveData/Raw/GHM_Pacific_2000.tif,0_to_1
7060018790,17,Pacific,1,,2697.6,whole_basin_in_local_ghm_domain,,2005,0.008918484672904015,0.003939772490411997,46610,Local GHM overall human modification raster; basin-year mean,CATidalMarsh_DECODE/SupportiveData/Raw/GHM_Pacific_2005.tif,0_to_1
7060018790,17,Pacific,1,,2697.6,whole_basin_in_local_ghm_domain,,2010,0.009370999410748482,0.004013111349195242,46610,Local GHM overall human modification raster; basin-year mean,CATidalMarsh_DECODE/SupportiveData/Raw/GHM_Pacific_2010.tif,0_to_1
7060018790,17,Pacific,1,,2697.6,whole_basin_in_local_ghm_domain,,2015,0.010619406588375568,0.00410531647503376,46610,Local GHM overall human modification raster; basin-year mean,CATidalMarsh_DECODE/SupportiveData/Raw/GHM_Pacific_2015.tif,0_to_1
7060018790,17,Pacific,1,,2697.6,whole_basin_in_local_ghm_domain,,2020,0.011696862056851387,0.004107006825506687,46610,Local GHM overall human modification raster; basin-year mean,CATidalMarsh_DECODE/SupportiveData/Raw/GHM_Pacific_2020.tif,0_to_1
7060018950,18,Pacific,0,,1370.0,whole_basin_in_local_ghm_domain,,1990,0.0018347854493185878,0.0023820328060537577,24776,Local GHM overall human modification raster; basin-year mean,CATidalMarsh_DECODE/SupportiveData/Raw/GHM_Pacific_1990.tif,0_to_1
7060018950,18,Pacific,0,,1370.0,whole_basin_in_local_ghm_domain,,1995,0.0017357675824314356,0.0022395732812583447,24776,Local GHM overall human modification raster; basin-year mean,CATidalMarsh_DECODE/SupportiveData/Raw/GHM_Pacific_1995.tif,0_to_1
7060018950,18,Pacific,0,,1370.0,whole_basin_in_local_ghm_domain,,2000,0.0018476200057193637,0.0023962256964296103,24776,Local GHM overall human modification raster; basin-year mean,CATidalMarsh_DECODE/SupportiveData/Raw/GHM_Pacific_2000.tif,0_to_1
7060018950,18,Pacific,0,,1370.0,whole_basin_in_local_ghm_domain,,2005,0.0020973659120500088,0.0026211109943687916,24776,Local GHM overall human modification raster; basin-year mean,CATidalMarsh_DECODE/SupportiveData/Raw/GHM_Pacific_2005.tif,0_to_1
7060018950,18,Pacific,0,,1370.0,whole_basin_in_local_ghm_domain,,2010,0.0021585996728390455,0.002666192129254341,24776,Local GHM overall human modification raster; basin-year mean,CATidalMarsh_DECODE/SupportiveData/Raw/GHM_Pacific_2010.tif,0_to_1
7060018950,18,Pacific,0,,1370.0,whole_basin_in_local_ghm_domain,,2015,0.002325816312804818,0.0027481336146593094,24776,Local GHM overall human modification raster; basin-year mean,CATidalMarsh_DECODE/SupportiveData/Raw/GHM_Pacific_2015.tif,0_to_1
7060018950,18,Pacific,0,,1370.0,whole_basin_in_local_ghm_domain,,2020,0.0023321497719734907,0.0027484027668833733,24776,Local GHM overall human modification raster; basin-year mean,CATidalMarsh_DECODE/SupportiveData/Raw/GHM_Pacific_2020.tif,0_to_1
7060018960,19,Pacific,1,,489.2,whole_basin_in_local_ghm_domain,,1990,0.0019757552072405815,0.0021897717379033566,8835,Local GHM overall human modification raster; basin-year mean,CATidalMarsh_DECODE/SupportiveData/Raw/GHM_Pacific_1990.tif,0_to_1
7060018960,19,Pacific,1,,489.2,whole_basin_in_local_ghm_domain,,1995,0.001887219026684761,0.002090604044497013,8835,Local GHM overall human modification raster; basin-year mean,CATidalMarsh_DECODE/SupportiveData/Raw/GHM_Pacific_1995.tif,0_to_1
7060018960,19,Pacific,1,,489.2,whole_basin_in_local_ghm_domain,,2000,0.00194052595179528,0.0021460694260895252,8835,Local GHM overall human modification raster; basin-year mean,CATidalMarsh_DECODE/SupportiveData/Raw/GHM_Pacific_2000.tif,0_to_1
7060018960,19,Pacific,1,,489.2,whole_basin_in_local_ghm_domain,,2005,0.001926330616697669,0.002127916319295764,8835,Local GHM overall human modification raster; basin-year mean,CATidalMarsh_DECODE/SupportiveData/Raw/GHM_Pacific_2005.tif,0_to_1
7060018960,19,Pacific,1,,489.2,whole_basin_in_local_ghm_domain,,2010,0.0019475275184959173,0.0021553775295615196,8835,Local GHM overall human modification raster; basin-year mean,CATidalMarsh_DECODE/SupportiveData/Raw/GHM_Pacific_2010.tif,0_to_1
7060018960,19,Pacific,1,,489.2,whole_basin_in_local_ghm_domain,,2015,0.002088797278702259,0.00228106789290905,8835,Local GHM overall human modification raster; basin-year mean,CATidalMarsh_DECODE/SupportiveData/Raw/GHM_Pacific_2015.tif,0_to_1
7060018960,19,Pacific,1,,489.2,whole_basin_in_local_ghm_domain,,2020,0.002088796580210328,0.00228106789290905,8835,Local GHM overall human modification raster; basin-year mean,CATidalMarsh_DECODE/SupportiveData/Raw/GHM_Pacific_2020.tif,0_to_1
7060019010,20,Pacific,0,,51784.9,whole_basin_in_local_ghm_domain,,1990,0.01349212322384119,0.0037795209791511297,70245,Local GHM overall human modification raster; basin-year mean,CATidalMarsh_DECODE/SupportiveData/Raw/GHM_Pacific_1990.tif,0_to_1
7060019010,20,Pacific,0,,51784.9,whole_basin_in_local_ghm_domain,,1995,0.01348187867552042,0.0036208161618560553,70245,Local GHM overall human modification raster; basin-year mean,CATidalMarsh_DECODE/SupportiveData/Raw/GHM_Pacific_1995.tif,0_to_1
7060019010,20,Pacific,0,,51784.9,whole_basin_in_local_ghm_domain,,2000,0.013535400852560997,0.003613509004935622,70245,Local GHM overall human modification raster; basin-year mean,CATidalMarsh_DECODE/SupportiveData/Raw/GHM_Pacific_2000.tif,0_to_1
7060019010,20,Pacific,0,,51784.9,whole_basin_in_local_ghm_domain,,2005,0.013648487627506256,0.003405665745958686,70245,Local GHM overall human modification raster; basin-year mean,CATidalMarsh_DECODE/SupportiveData/Raw/GHM_Pacific_2005.tif,0_to_1
7060019010,20,Pacific,0,,51784.9,whole_basin_in_local_ghm_domain,,2010,0.014367127791047096,0.0034170171711593866,70245,Local GHM overall human modification raster; basin-year mean,CATidalMarsh_DECODE/SupportiveData/Raw/GHM_Pacific_2010.tif,0_to_1
7060019010,20,Pacific,0,,51784.9,whole_basin_in_local_ghm_domain,,2015,0.0155616020783782,0.0035543637350201607,70245,Local GHM overall human modification raster; basin-year mean,CATidalMarsh_DECODE/SupportiveData/Raw/GHM_Pacific_2015.tif,0_to_1
7060019010,20,Pacific,0,,51784.9,whole_basin_in_local_ghm_domain,,2020,0.016683077439665794,0.0035601735580712557,70245,Local GHM overall human modification raster; basin-year mean,CATidalMarsh_DECODE/SupportiveData/Raw/GHM_Pacific_2020.tif,0_to_1
7060019020,21,Pacific,1,,4770.4,whole_basin_in_local_ghm_domain,,1990,0.011604885570704937,0.003259957069531083,85515,Local GHM overall human modification raster; basin-year mean,CATidalMarsh_DECODE/SupportiveData/Raw/GHM_Pacific_1990.tif,0_to_1
7060019020,21,Pacific,1,,4770.4,whole_basin_in_local_ghm_domain,,1995,0.011624951846897602,0.0031013053376227617,85515,Local GHM overall human modification raster; basin-year mean,CATidalMarsh_DECODE/SupportiveData/Raw/GHM_Pacific_1995.tif,0_to_1
7060019020,21,Pacific,1,,4770.4,whole_basin_in_local_ghm_domain,,2000,0.011832447722554207,0.0032685683108866215,85515,Local GHM overall human modification raster; basin-year mean,CATidalMarsh_DECODE/SupportiveData/Raw/GHM_Pacific_2000.tif,0_to_1
7060019020,21,Pacific,1,,4770.4,whole_basin_in_local_ghm_domain,,2005,0.011988889425992966,0.0034935460425913334,85515,Local GHM overall human modification raster; basin-year mean,CATidalMarsh_DECODE/SupportiveData/Raw/GHM_Pacific_2005.tif,0_to_1
7060019020,21,Pacific,1,,4770.4,whole_basin_in_local_ghm_domain,,2010,0.012268098071217537,0.003638551104813814,85515,Local GHM overall human modification raster; basin-year mean,CATidalMarsh_DECODE/SupportiveData/Raw/GHM_Pacific_2010.tif,0_to_1
7060019020,21,Pacific,1,,4770.4,whole_basin_in_local_ghm_domain,,2015,0.012596424669027328,0.003954731393605471,85515,Local GHM overall human modification raster; basin-year mean,CATidalMarsh_DECODE/SupportiveData/Raw/GHM_Pacific_2015.tif,0_to_1
7060019020,21,Pacific,1,,4770.4,whole_basin_in_local_ghm_domain,,2020,0.012899492867290974,0.00395376468077302,85515,Local GHM overall human modification raster; basin-year mean,CATidalMarsh_DECODE/SupportiveData/Raw/GHM_Pacific_2020.tif,0_to_1
7060019190,22,Pacific,0,,19829.5,whole_basin_in_local_ghm_domain,,1990,0.004589791875332594,0.0024266678374260664,391930,Local GHM overall human modification raster; basin-year mean,CATidalMarsh_DECODE/SupportiveData/Raw/GHM_Pacific_1990.tif,0_to_1
7060019190,22,Pacific,0,,19829.5,whole_basin_in_local_ghm_domain,,1995,0.004614635836333036,0.0024483846500515938,391930,Local GHM overall human modification raster; basin-year mean,CATidalMarsh_DECODE/SupportiveData/Raw/GHM_Pacific_1995.tif,0_to_1
7060019190,22,Pacific,0,,19829.5,whole_basin_in_local_ghm_domain,,2000,0.004676589276641607,0.0025316858664155006,391930,Local GHM overall human modification raster; basin-year mean,CATidalMarsh_DECODE/SupportiveData/Raw/GHM_Pacific_2000.tif,0_to_1
7060019190,22,Pacific,0,,19829.5,whole_basin_in_local_ghm_domain,,2005,0.004787573590874672,0.0024629835970699787,391930,Local GHM overall human modification raster; basin-year mean,CATidalMarsh_DECODE/SupportiveData/Raw/GHM_Pacific_2005.tif,0_to_1
7060019190,22,Pacific,0,,19829.5,whole_basin_in_local_ghm_domain,,2010,0.005273701157420874,0.0025708023458719254,391930,Local GHM overall human modification raster; basin-year mean,CATidalMarsh_DECODE/SupportiveData/Raw/GHM_Pacific_2010.tif,0_to_1
7060019190,22,Pacific,0,,19829.5,whole_basin_in_local_ghm_domain,,2015,0.006042864639312029,0.0026616717223078012,391930,Local GHM overall human modification raster; basin-year mean,CATidalMarsh_DECODE/SupportiveData/Raw/GHM_Pacific_2015.tif,0_to_1
7060019190,22,Pacific,0,,19829.5,whole_basin_in_local_ghm_domain,,2020,0.007234463468194008,0.0026750368997454643,391930,Local GHM overall human modification raster; basin-year mean,CATidalMarsh_DECODE/SupportiveData/Raw/GHM_Pacific_2020.tif,0_to_1
7060019200,23,Pacific,1,,3577.9,whole_basin_in_local_ghm_domain,,1990,0.0027658066246658564,0.0017223560716956854,68189,Local GHM overall human modification raster; basin-year mean,CATidalMarsh_DECODE/SupportiveData/Raw/GHM_Pacific_1990.tif,0_to_1
7060019200,23,Pacific,1,,3577.9,whole_basin_in_local_ghm_domain,,1995,0.0028035687282681465,0.0017602185253053904,68189,Local GHM overall human modification raster; basin-year mean,CATidalMarsh_DECODE/SupportiveData/Raw/GHM_Pacific_1995.tif,0_to_1
7060019200,23,Pacific,1,,3577.9,whole_basin_in_local_ghm_domain,,2000,0.0029455458279699087,0.0018785505089908838,68189,Local GHM overall human modification raster; basin-year mean,CATidalMarsh_DECODE/SupportiveData/Raw/GHM_Pacific_2000.tif,0_to_1
7060019200,23,Pacific,1,,3577.9,whole_basin_in_local_ghm_domain,,2005,0.003017424140125513,0.0019465874647721648,68189,Local GHM overall human modification raster; basin-year mean,CATidalMarsh_DECODE/SupportiveData/Raw/GHM_Pacific_2005.tif,0_to_1
7060019200,23,Pacific,1,,3577.9,whole_basin_in_local_ghm_domain,,2010,0.0033548513893038034,0.0023021928500384092,68189,Local GHM overall human modification raster; basin-year mean,CATidalMarsh_DECODE/SupportiveData/Raw/GHM_Pacific_2010.tif,0_to_1
7060019200,23,Pacific,1,,3577.9,whole_basin_in_local_ghm_domain,,2015,0.00378839997574687,0.0024901507422327995,68189,Local GHM overall human modification raster; basin-year mean,CATidalMarsh_DECODE/SupportiveData/Raw/GHM_Pacific_2015.tif,0_to_1
7060019200,23,Pacific,1,,3577.9,whole_basin_in_local_ghm_domain,,2020,0.003784723812714219,0.002490199403837323,68189,Local GHM overall human modification raster; basin-year mean,CATidalMarsh_DECODE/SupportiveData/Raw/GHM_Pacific_2020.tif,0_to_1
7060019440,24,Pacific,0,,717.3,whole_basin_in_local_ghm_domain,,1990,0.010070309042930603,0.0026598519179970026,14208,Local GHM overall human modification raster; basin-year mean,CATidalMarsh_DECODE/SupportiveData/Raw/GHM_Pacific_1990.tif,0_to_1
7060019440,24,Pacific,0,,717.3,whole_basin_in_local_ghm_domain,,1995,0.01033349335193634,0.002735732588917017,14208,Local GHM overall human modification raster; basin-year mean,CATidalMarsh_DECODE/SupportiveData/Raw/GHM_Pacific_1995.tif,0_to_1
7060019440,24,Pacific,0,,717.3,whole_basin_in_local_ghm_domain,,2000,0.011015724390745163,0.0029298816807568073,14208,Local GHM overall human modification raster; basin-year mean,CATidalMarsh_DECODE/SupportiveData/Raw/GHM_Pacific_2000.tif,0_to_1
7060019440,24,Pacific,0,,717.3,whole_basin_in_local_ghm_domain,,2005,0.01105845533311367,0.002966593950986862,14208,Local GHM overall human modification raster; basin-year mean,CATidalMarsh_DECODE/SupportiveData/Raw/GHM_Pacific_2005.tif,0_to_1
7060019440,24,Pacific,0,,717.3,whole_basin_in_local_ghm_domain,,2010,0.01140148751437664,0.0033342763781547546,14208,Local GHM overall human modification raster; basin-year mean,CATidalMarsh_DECODE/SupportiveData/Raw/GHM_Pacific_2010.tif,0_to_1
7060019440,24,Pacific,0,,717.3,whole_basin_in_local_ghm_domain,,2015,0.011700136587023735,0.003555932315066457,14208,Local GHM overall human modification raster; basin-year mean,CATidalMarsh_DECODE/SupportiveData/Raw/GHM_Pacific_2015.tif,0_to_1
7060019440,24,Pacific,0,,717.3,whole_basin_in_local_ghm_domain,,2020,0.011793531477451324,0.0035560515243560076,14208,Local GHM overall human modification raster; basin-year mean,CATidalMarsh_DECODE/SupportiveData/Raw/GHM_Pacific_2020.tif,0_to_1
7060019450,25,Pacific,1,,6607.4,whole_basin_in_local_ghm_domain,,1990,0.00277815037406981,0.002203571144491434,39430,Local GHM overall human modification raster; basin-year mean,CATidalMarsh_DECODE/SupportiveData/Raw/GHM_Pacific_1990.tif,0_to_1
7060019450,25,Pacific,1,,6607.4,whole_basin_in_local_ghm_domain,,1995,0.0028599523939192295,0.002252435777336359,39430,Local GHM overall human modification raster; basin-year mean,CATidalMarsh_DECODE/SupportiveData/Raw/GHM_Pacific_1995.tif,0_to_1
7060019450,25,Pacific,1,,6607.4,whole_basin_in_local_ghm_domain,,2000,0.0031721098348498344,0.0024245548993349075,39430,Local GHM overall human modification raster; basin-year mean,CATidalMarsh_DECODE/SupportiveData/Raw/GHM_Pacific_2000.tif,0_to_1
7060019450,25,Pacific,1,,6607.4,whole_basin_in_local_ghm_domain,,2005,0.003237503580749035,0.0025472340639680624,39430,Local GHM overall human modification raster; basin-year mean,CATidalMarsh_DECODE/SupportiveData/Raw/GHM_Pacific_2005.tif,0_to_1
7060019450,25,Pacific,1,,6607.4,whole_basin_in_local_ghm_domain,,2010,0.0034033991396427155,0.0028427024371922016,39430,Local GHM overall human modification raster; basin-year mean,CATidalMarsh_DECODE/SupportiveData/Raw/GHM_Pacific_2010.tif,0_to_1
7060019450,25,Pacific,1,,6607.4,whole_basin_in_local_ghm_domain,,2015,0.0042154863476753235,0.0032348616514354944,39430,Local GHM overall human modification raster; basin-year mean,CATidalMarsh_DECODE/SupportiveData/Raw/GHM_Pacific_2015.tif,0_to_1
7060019450,25,Pacific,1,,6607.4,whole_basin_in_local_ghm_domain,,2020,0.004197136033326387,0.0032348360400646925,39430,Local GHM overall human modification raster; basin-year mean,CATidalMarsh_DECODE/SupportiveData/Raw/GHM_Pacific_2020.tif,0_to_1
7060020090,26,Pacific,0,,50659.0,whole_basin_in_local_ghm_domain,,1990,0.001038108835928142,0.0010956635233014822,19218,Local GHM overall human modification raster; basin-year mean,CATidalMarsh_DECODE/SupportiveData/Raw/GHM_Pacific_1990.tif,0_to_1
7060020090,26,Pacific,0,,50659.0,whole_basin_in_local_ghm_domain,,1995,0.0009714312618598342,0.0010158680379390717,19218,Local GHM overall human modification raster; basin-year mean,CATidalMarsh_DECODE/SupportiveData/Raw/GHM_Pacific_1995.tif,0_to_1
7060020090,26,Pacific,0,,50659.0,whole_basin_in_local_ghm_domain,,2000,0.0009630011627450585,0.0009963822085410357,19218,Local GHM overall human modification raster; basin-year mean,CATidalMarsh_DECODE/SupportiveData/Raw/GHM_Pacific_2000.tif,0_to_1
7060020090,26,Pacific,0,,50659.0,whole_basin_in_local_ghm_domain,,2005,0.0009521678439341486,0.000988013343885541,19218,Local GHM overall human modification raster; basin-year mean,CATidalMarsh_DECODE/SupportiveData/Raw/GHM_Pacific_2005.tif,0_to_1
7060020090,26,Pacific,0,,50659.0,whole_basin_in_local_ghm_domain,,2010,0.0009067623759619892,0.0009543360793031752,19218,Local GHM overall human modification raster; basin-year mean,CATidalMarsh_DECODE/SupportiveData/Raw/GHM_Pacific_2010.tif,0_to_1
7060020090,26,Pacific,0,,50659.0,whole_basin_in_local_ghm_domain,,2015,0.0014132971409708261,0.0016057968605309725,19218,Local GHM overall human modification raster; basin-year mean,CATidalMarsh_DECODE/SupportiveData/Raw/GHM_Pacific_2015.tif,0_to_1
7060020090,26,Pacific,0,,50659.0,whole_basin_in_local_ghm_domain,,2020,0.0014132971409708261,0.0016057968605309725,19218,Local GHM overall human modification raster; basin-year mean,CATidalMarsh_DECODE/SupportiveData/Raw/GHM_Pacific_2020.tif,0_to_1
7060123580,28,Pacific,0,,9516.5,whole_basin_in_local_ghm_domain,,1990,0.003934731241315603,0.0023698536679148674,190978,Local GHM overall human modification raster; basin-year mean,CATidalMarsh_DECODE/SupportiveData/Raw/GHM_Pacific_1990.tif,0_to_1
7060123580,28,Pacific,0,,9516.5,whole_basin_in_local_ghm_domain,,1995,0.00404560100287199,0.002366849919781089,190978,Local GHM overall human modification raster; basin-year mean,CATidalMarsh_DECODE/SupportiveData/Raw/GHM_Pacific_1995.tif,0_to_1
7060123580,28,Pacific,0,,9516.5,whole_basin_in_local_ghm_domain,,2000,0.0041661919094622135,0.002416271483525634,190978,Local GHM overall human modification raster; basin-year mean,CATidalMarsh_DECODE/SupportiveData/Raw/GHM_Pacific_2000.tif,0_to_1
7060123580,28,Pacific,0,,9516.5,whole_basin_in_local_ghm_domain,,2005,0.004187503829598427,0.002303259214386344,190978,Local GHM overall human modification raster; basin-year mean,CATidalMarsh_DECODE/SupportiveData/Raw/GHM_Pacific_2005.tif,0_to_1
7060123580,28,Pacific,0,,9516.5,whole_basin_in_local_ghm_domain,,2010,0.004392680246382952,0.0023978478275239468,190978,Local GHM overall human modification raster; basin-year mean,CATidalMarsh_DECODE/SupportiveData/Raw/GHM_Pacific_2010.tif,0_to_1
7060123580,28,Pacific,0,,9516.5,whole_basin_in_local_ghm_domain,,2015,0.00581298628821969,0.002438226016238332,190978,Local GHM overall human modification raster; basin-year mean,CATidalMarsh_DECODE/SupportiveData/Raw/GHM_Pacific_2015.tif,0_to_1
7060123580,28,Pacific,0,,9516.5,whole_basin_in_local_ghm_domain,,2020,0.006099991034716368,0.002438990632072091,190978,Local GHM overall human modification raster; basin-year mean,CATidalMarsh_DECODE/SupportiveData/Raw/GHM_Pacific_2020.tif,0_to_1
7060020500,29,Pacific,0,,17420.4,whole_basin_in_local_ghm_domain,,1990,0.000477377965580672,0.0006753987399861217,362613,Local GHM overall human modification raster; basin-year mean,CATidalMarsh_DECODE/SupportiveData/Raw/GHM_Pacific_1990.tif,0_to_1
7060020500,29,Pacific,0,,17420.4,whole_basin_in_local_ghm_domain,,1995,0.0005031127366237342,0.0007357149152085185,362613,Local GHM overall human modification raster; basin-year mean,CATidalMarsh_DECODE/SupportiveData/Raw/GHM_Pacific_1995.tif,0_to_1
7060020500,29,Pacific,0,,17420.4,whole_basin_in_local_ghm_domain,,2000,0.0005598841817118227,0.000827083713375032,362613,Local GHM overall human modification raster; basin-year mean,CATidalMarsh_DECODE/SupportiveData/Raw/GHM_Pacific_2000.tif,0_to_1
7060020500,29,Pacific,0,,17420.4,whole_basin_in_local_ghm_domain,,2005,0.0006720606470480561,0.0009074821136891842,362613,Local GHM overall human modification raster; basin-year mean,CATidalMarsh_DECODE/SupportiveData/Raw/GHM_Pacific_2005.tif,0_to_1
7060020500,29,Pacific,0,,17420.4,whole_basin_in_local_ghm_domain,,2010,0.0007590260938741267,0.0010657539824023843,362613,Local GHM overall human modification raster; basin-year mean,CATidalMarsh_DECODE/SupportiveData/Raw/GHM_Pacific_2010.tif,0_to_1
7060020500,29,Pacific,0,,17420.4,whole_basin_in_local_ghm_domain,,2015,0.0009776907972991467,0.0011439709924161434,362613,Local GHM overall human modification raster; basin-year mean,CATidalMarsh_DECODE/SupportiveData/Raw/GHM_Pacific_2015.tif,0_to_1
7060020500,29,Pacific,0,,17420.4,whole_basin_in_local_ghm_domain,,2020,0.0011680129682645202,0.0011463843984529376,362613,Local GHM overall human modification raster; basin-year mean,CATidalMarsh_DECODE/SupportiveData/Raw/GHM_Pacific_2020.tif,0_to_1
7060020790,30,Pacific,1,,12167.9,whole_basin_in_local_ghm_domain,,1990,0.0007244510925374925,0.0009763076668605208,32012,Local GHM overall human modification raster; basin-year mean,CATidalMarsh_DECODE/SupportiveData/Raw/GHM_Pacific_1990.tif,0_to_1
7060020790,30,Pacific,1,,12167.9,whole_basin_in_local_ghm_domain,,1995,0.0007213532808236778,0.0009755464270710945,32012,Local GHM overall human modification raster; basin-year mean,CATidalMarsh_DECODE/SupportiveData/Raw/GHM_Pacific_1995.tif,0_to_1
7060020790,30,Pacific,1,,12167.9,whole_basin_in_local_ghm_domain,,2000,0.0007491965661756694,0.0010043513029813766,32012,Local GHM overall human modification raster; basin-year mean,CATidalMarsh_DECODE/SupportiveData/Raw/GHM_Pacific_2000.tif,0_to_1
7060020790,30,Pacific,1,,12167.9,whole_basin_in_local_ghm_domain,,2005,0.0007239026599563658,0.0009705042466521263,32012,Local GHM overall human modification raster; basin-year mean,CATidalMarsh_DECODE/SupportiveData/Raw/GHM_Pacific_2005.tif,0_to_1
7060020790,30,Pacific,1,,12167.9,whole_basin_in_local_ghm_domain,,2010,0.0007038130424916744,0.0009900645818561316,32012,Local GHM overall human modification raster; basin-year mean,CATidalMarsh_DECODE/SupportiveData/Raw/GHM_Pacific_2010.tif,0_to_1
7060020790,30,Pacific,1,,12167.9,whole_basin_in_local_ghm_domain,,2015,0.0007185214199125767,0.0010171938920393586,32012,Local GHM overall human modification raster; basin-year mean,CATidalMarsh_DECODE/SupportiveData/Raw/GHM_Pacific_2015.tif,0_to_1
7060020790,30,Pacific,1,,12167.9,whole_basin_in_local_ghm_domain,,2020,0.0007185214199125767,0.0010171938920393586,32012,Local GHM overall human modification raster; basin-year mean,CATidalMarsh_DECODE/SupportiveData/Raw/GHM_Pacific_2020.tif,0_to_1
7060029460,32,Atlantic,1,,20456.5,whole_basin_in_local_ghm_domain,,1990,0.0006760984542779624,0.000340962375048548,403615,Local GHM overall human modification raster; basin-year mean,CATidalMarsh_DECODE/SupportiveData/Raw/GHM_Atlantic_1990.tif,0_to_1
7060029460,32,Atlantic,1,,20456.5,whole_basin_in_local_ghm_domain,,1995,0.0006784824072383344,0.0003480563755147159,403615,Local GHM overall human modification raster; basin-year mean,CATidalMarsh_DECODE/SupportiveData/Raw/GHM_Atlantic_1995.tif,0_to_1
7060029460,32,Atlantic,1,,20456.5,whole_basin_in_local_ghm_domain,,2000,0.0007053593872115016,0.0003841828729491681,403615,Local GHM overall human modification raster; basin-year mean,CATidalMarsh_DECODE/SupportiveData/Raw/GHM_Atlantic_2000.tif,0_to_1
7060029460,32,Atlantic,1,,20456.5,whole_basin_in_local_ghm_domain,,2005,0.000734381377696991,0.00042027869494631886,403615,Local GHM overall human modification raster; basin-year mean,CATidalMarsh_DECODE/SupportiveData/Raw/GHM_Atlantic_2005.tif,0_to_1
7060029460,32,Atlantic,1,,20456.5,whole_basin_in_local_ghm_domain,,2010,0.0007467579562216997,0.00043898908188566566,403615,Local GHM overall human modification raster; basin-year mean,CATidalMarsh_DECODE/SupportiveData/Raw/GHM_Atlantic_2010.tif,0_to_1
7060029460,32,Atlantic,1,,20456.5,whole_basin_in_local_ghm_domain,,2015,0.00033917228574864566,0.00042340310756117105,403615,Local GHM overall human modification raster; basin-year mean,CATidalMarsh_DECODE/SupportiveData/Raw/GHM_Atlantic_2015.tif,0_to_1
7060029460,32,Atlantic,1,,20456.5,whole_basin_in_local_ghm_domain,,2020,0.0003396423126105219,0.00042340310756117105,403615,Local GHM overall human modification raster; basin-year mean,CATidalMarsh_DECODE/SupportiveData/Raw/GHM_Atlantic_2020.tif,0_to_1
7060030200,33,Atlantic,0,,1642.8,whole_basin_in_local_ghm_domain,,1990,0.001375624444335699,0.0031859171576797962,31597,Local GHM overall human modification raster; basin-year mean,CATidalMarsh_DECODE/SupportiveData/Raw/GHM_Atlantic_1990.tif,0_to_1
7060030200,33,Atlantic,0,,1642.8,whole_basin_in_local_ghm_domain,,1995,0.001395836821757257,0.0031696183141320944,31597,Local GHM overall human modification raster; basin-year mean,CATidalMarsh_DECODE/SupportiveData/Raw/GHM_Atlantic_1995.tif,0_to_1
7060030200,33,Atlantic,0,,1642.8,whole_basin_in_local_ghm_domain,,2000,0.0014143630396574736,0.0031894580461084843,31597,Local GHM overall human modification raster; basin-year mean,CATidalMarsh_DECODE/SupportiveData/Raw/GHM_Atlantic_2000.tif,0_to_1
7060030200,33,Atlantic,0,,1642.8,whole_basin_in_local_ghm_domain,,2005,0.0014436175115406513,0.003216609125956893,31597,Local GHM overall human modification raster; basin-year mean,CATidalMarsh_DECODE/SupportiveData/Raw/GHM_Atlantic_2005.tif,0_to_1
7060030200,33,Atlantic,0,,1642.8,whole_basin_in_local_ghm_domain,,2010,0.0014448328875005245,0.0032205728348344564,31597,Local GHM overall human modification raster; basin-year mean,CATidalMarsh_DECODE/SupportiveData/Raw/GHM_Atlantic_2010.tif,0_to_1
7060030200,33,Atlantic,0,,1642.8,whole_basin_in_local_ghm_domain,,2015,0.0003088833182118833,0.00028820859733968973,31597,Local GHM overall human modification raster; basin-year mean,CATidalMarsh_DECODE/SupportiveData/Raw/GHM_Atlantic_2015.tif,0_to_1
7060030200,33,Atlantic,0,,1642.8,whole_basin_in_local_ghm_domain,,2020,0.0003088833182118833,0.00028820859733968973,31597,Local GHM overall human modification raster; basin-year mean,CATidalMarsh_DECODE/SupportiveData/Raw/GHM_Atlantic_2020.tif,0_to_1
7060030210,34,Atlantic,1,,6337.3,whole_basin_in_local_ghm_domain,,1990,0.000735010951757431,0.0009103944175876677,113503,Local GHM overall human modification raster; basin-year mean,CATidalMarsh_DECODE/SupportiveData/Raw/GHM_Atlantic_1990.tif,0_to_1
7060030210,34,Atlantic,1,,6337.3,whole_basin_in_local_ghm_domain,,1995,0.0008001892128959298,0.0010063063818961382,113503,Local GHM overall human modification raster; basin-year mean,CATidalMarsh_DECODE/SupportiveData/Raw/GHM_Atlantic_1995.tif,0_to_1
7060030210,34,Atlantic,1,,6337.3,whole_basin_in_local_ghm_domain,,2000,0.0008707859669812024,0.001129097887314856,113503,Local GHM overall human modification raster; basin-year mean,CATidalMarsh_DECODE/SupportiveData/Raw/GHM_Atlantic_2000.tif,0_to_1
7060030210,34,Atlantic,1,,6337.3,whole_basin_in_local_ghm_domain,,2005,0.0009246169938705862,0.001229144399985671,113503,Local GHM overall human modification raster; basin-year mean,CATidalMarsh_DECODE/SupportiveData/Raw/GHM_Atlantic_2005.tif,0_to_1
7060030210,34,Atlantic,1,,6337.3,whole_basin_in_local_ghm_domain,,2010,0.0010415416909381747,0.001432676799595356,113503,Local GHM overall human modification raster; basin-year mean,CATidalMarsh_DECODE/SupportiveData/Raw/GHM_Atlantic_2010.tif,0_to_1
7060030210,34,Atlantic,1,,6337.3,whole_basin_in_local_ghm_domain,,2015,0.0009268301073461771,0.0014262101612985134,113503,Local GHM overall human modification raster; basin-year mean,CATidalMarsh_DECODE/SupportiveData/Raw/GHM_Atlantic_2015.tif,0_to_1
7060030210,34,Atlantic,1,,6337.3,whole_basin_in_local_ghm_domain,,2020,0.0009268595604225993,0.0014262187760323286,113503,Local GHM overall human modification raster; basin-year mean,CATidalMarsh_DECODE/SupportiveData/Raw/GHM_Atlantic_2020.tif,0_to_1
7060030410,36,Atlantic,1,,1052.5,whole_basin_in_local_ghm_domain,,1990,0.00173668609932065,0.0034219485241919756,20040,Local GHM overall human modification raster; basin-year mean,CATidalMarsh_DECODE/SupportiveData/Raw/GHM_Atlantic_1990.tif,0_to_1
7060030410,36,Atlantic,1,,1052.5,whole_basin_in_local_ghm_domain,,1995,0.001868934603407979,0.0034299110993742943,20040,Local GHM overall human modification raster; basin-year mean,CATidalMarsh_DECODE/SupportiveData/Raw/GHM_Atlantic_1995.tif,0_to_1
7060030410,36,Atlantic,1,,1052.5,whole_basin_in_local_ghm_domain,,2000,0.0019127260893583298,0.0034554172307252884,20040,Local GHM overall human modification raster; basin-year mean,CATidalMarsh_DECODE/SupportiveData/Raw/GHM_Atlantic_2000.tif,0_to_1
7060030410,36,Atlantic,1,,1052.5,whole_basin_in_local_ghm_domain,,2005,0.0018423788715153933,0.0034775855019688606,20040,Local GHM overall human modification raster; basin-year mean,CATidalMarsh_DECODE/SupportiveData/Raw/GHM_Atlantic_2005.tif,0_to_1
7060030410,36,Atlantic,1,,1052.5,whole_basin_in_local_ghm_domain,,2010,0.0018888326594606042,0.003490384668111801,20040,Local GHM overall human modification raster; basin-year mean,CATidalMarsh_DECODE/SupportiveData/Raw/GHM_Atlantic_2010.tif,0_to_1
7060030410,36,Atlantic,1,,1052.5,whole_basin_in_local_ghm_domain,,2015,0.0005480654654093087,0.0005775312893092632,20040,Local GHM overall human modification raster; basin-year mean,CATidalMarsh_DECODE/SupportiveData/Raw/GHM_Atlantic_2015.tif,0_to_1
7060030410,36,Atlantic,1,,1052.5,whole_basin_in_local_ghm_domain,,2020,0.0005480654654093087,0.0005775312893092632,20040,Local GHM overall human modification raster; basin-year mean,CATidalMarsh_DECODE/SupportiveData/Raw/GHM_Atlantic_2020.tif,0_to_1
7060030440,37,Atlantic,0,,1507.7,whole_basin_in_local_ghm_domain,,1990,0.001781510771252215,0.0034570544958114624,27587,Local GHM overall human modification raster; basin-year mean,CATidalMarsh_DECODE/SupportiveData/Raw/GHM_Atlantic_1990.tif,0_to_1
7060030440,37,Atlantic,0,,1507.7,whole_basin_in_local_ghm_domain,,1995,0.001918821595609188,0.003474749159067869,27587,Local GHM overall human modification raster; basin-year mean,CATidalMarsh_DECODE/SupportiveData/Raw/GHM_Atlantic_1995.tif,0_to_1
7060030440,37,Atlantic,0,,1507.7,whole_basin_in_local_ghm_domain,,2000,0.001966627547517419,0.003507944056764245,27587,Local GHM overall human modification raster; basin-year mean,CATidalMarsh_DECODE/SupportiveData/Raw/GHM_Atlantic_2000.tif,0_to_1
7060030440,37,Atlantic,0,,1507.7,whole_basin_in_local_ghm_domain,,2005,0.0019019092433154583,0.0035341130569577217,27587,Local GHM overall human modification raster; basin-year mean,CATidalMarsh_DECODE/SupportiveData/Raw/GHM_Atlantic_2005.tif,0_to_1
7060030440,37,Atlantic,0,,1507.7,whole_basin_in_local_ghm_domain,,2010,0.001966885756701231,0.0035590503830462694,27587,Local GHM overall human modification raster; basin-year mean,CATidalMarsh_DECODE/SupportiveData/Raw/GHM_Atlantic_2010.tif,0_to_1
7060030440,37,Atlantic,0,,1507.7,whole_basin_in_local_ghm_domain,,2015,0.0005947964382357895,0.0008084848523139954,27587,Local GHM overall human modification raster; basin-year mean,CATidalMarsh_DECODE/SupportiveData/Raw/GHM_Atlantic_2015.tif,0_to_1
7060030440,37,Atlantic,0,,1507.7,whole_basin_in_local_ghm_domain,,2020,0.0005947964382357895,0.0008084848523139954,27587,Local GHM overall human modification raster; basin-year mean,CATidalMarsh_DECODE/SupportiveData/Raw/GHM_Atlantic_2020.tif,0_to_1
7060030450,38,Atlantic,1,,724.9,whole_basin_in_local_ghm_domain,,1990,0.005269092973321676,0.0013476077001541853,11715,Local GHM overall human modification raster; basin-year mean,CATidalMarsh_DECODE/SupportiveData/Raw/GHM_Atlantic_1990.tif,0_to_1
7060030450,38,Atlantic,1,,724.9,whole_basin_in_local_ghm_domain,,1995,0.005860068369656801,0.0014300965704023838,11715,Local GHM overall human modification raster; basin-year mean,CATidalMarsh_DECODE/SupportiveData/Raw/GHM_Atlantic_1995.tif,0_to_1
7060030450,38,Atlantic,1,,724.9,whole_basin_in_local_ghm_domain,,2000,0.006696526892483234,0.0016161376843228936,11715,Local GHM overall human modification raster; basin-year mean,CATidalMarsh_DECODE/SupportiveData/Raw/GHM_Atlantic_2000.tif,0_to_1
7060030450,38,Atlantic,1,,724.9,whole_basin_in_local_ghm_domain,,2005,0.00703834742307663,0.0017253950936719775,11715,Local GHM overall human modification raster; basin-year mean,CATidalMarsh_DECODE/SupportiveData/Raw/GHM_Atlantic_2005.tif,0_to_1
7060030450,38,Atlantic,1,,724.9,whole_basin_in_local_ghm_domain,,2010,0.007378114853054285,0.0018483255989849567,11715,Local GHM overall human modification raster; basin-year mean,CATidalMarsh_DECODE/SupportiveData/Raw/GHM_Atlantic_2010.tif,0_to_1
7060030450,38,Atlantic,1,,724.9,whole_basin_in_local_ghm_domain,,2015,0.007706336677074432,0.0019389806548133492,11715,Local GHM overall human modification raster; basin-year mean,CATidalMarsh_DECODE/SupportiveData/Raw/GHM_Atlantic_2015.tif,0_to_1
7060030450,38,Atlantic,1,,724.9,whole_basin_in_local_ghm_domain,,2020,0.007747538387775421,0.0019381516613066196,11715,Local GHM overall human modification raster; basin-year mean,CATidalMarsh_DECODE/SupportiveData/Raw/GHM_Atlantic_2020.tif,0_to_1
7060030510,39,Atlantic,0,,1840.5,whole_basin_in_local_ghm_domain,,1990,0.001105533097870648,0.001432340475730598,33681,Local GHM overall human modification raster; basin-year mean,CATidalMarsh_DECODE/SupportiveData/Raw/GHM_Atlantic_1990.tif,0_to_1
7060030510,39,Atlantic,0,,1840.5,whole_basin_in_local_ghm_domain,,1995,0.0011520737316459417,0.0016123926034197211,33681,Local GHM overall human modification raster; basin-year mean,CATidalMarsh_DECODE/SupportiveData/Raw/GHM_Atlantic_1995.tif,0_to_1
7060030510,39,Atlantic,0,,1840.5,whole_basin_in_local_ghm_domain,,2000,0.001163509557954967,0.0015263042878359556,33681,Local GHM overall human modification raster; basin-year mean,CATidalMarsh_DECODE/SupportiveData/Raw/GHM_Atlantic_2000.tif,0_to_1
7060030510,39,Atlantic,0,,1840.5,whole_basin_in_local_ghm_domain,,2005,0.0011888418812304735,0.0013665101723745465,33681,Local GHM overall human modification raster; basin-year mean,CATidalMarsh_DECODE/SupportiveData/Raw/GHM_Atlantic_2005.tif,0_to_1
7060030510,39,Atlantic,0,,1840.5,whole_basin_in_local_ghm_domain,,2010,0.001289531122893095,0.0014176351251080632,33681,Local GHM overall human modification raster; basin-year mean,CATidalMarsh_DECODE/SupportiveData/Raw/GHM_Atlantic_2010.tif,0_to_1
7060030510,39,Atlantic,0,,1840.5,whole_basin_in_local_ghm_domain,,2015,0.0006221045623533428,0.0005404658149927855,33681,Local GHM overall human modification raster; basin-year mean,CATidalMarsh_DECODE/SupportiveData/Raw/GHM_Atlantic_2015.tif,0_to_1
7060030510,39,Atlantic,0,,1840.5,whole_basin_in_local_ghm_domain,,2020,0.0006221045623533428,0.0005404658149927855,33681,Local GHM overall human modification raster; basin-year mean,CATidalMarsh_DECODE/SupportiveData/Raw/GHM_Atlantic_2020.tif,0_to_1
7060030520,40,Atlantic,1,,2858.2,whole_basin_in_local_ghm_domain,,1990,0.0029270686209201813,0.001429267111234367,50292,Local GHM overall human modification raster; basin-year mean,CATidalMarsh_DECODE/SupportiveData/Raw/GHM_Atlantic_1990.tif,0_to_1
7060030520,40,Atlantic,1,,2858.2,whole_basin_in_local_ghm_domain,,1995,0.0033357543870806694,0.0015314524061977863,50292,Local GHM overall human modification raster; basin-year mean,CATidalMarsh_DECODE/SupportiveData/Raw/GHM_Atlantic_1995.tif,0_to_1
7060030520,40,Atlantic,1,,2858.2,whole_basin_in_local_ghm_domain,,2000,0.003626266261562705,0.001716835075058043,50292,Local GHM overall human modification raster; basin-year mean,CATidalMarsh_DECODE/SupportiveData/Raw/GHM_Atlantic_2000.tif,0_to_1
7060030520,40,Atlantic,1,,2858.2,whole_basin_in_local_ghm_domain,,2005,0.004057478159666061,0.0018018875271081924,50292,Local GHM overall human modification raster; basin-year mean,CATidalMarsh_DECODE/SupportiveData/Raw/GHM_Atlantic_2005.tif,0_to_1
7060030520,40,Atlantic,1,,2858.2,whole_basin_in_local_ghm_domain,,2010,0.005470027681440115,0.0018850588239729404,50292,Local GHM overall human modification raster; basin-year mean,CATidalMarsh_DECODE/SupportiveData/Raw/GHM_Atlantic_2010.tif,0_to_1
7060030520,40,Atlantic,1,,2858.2,whole_basin_in_local_ghm_domain,,2015,0.005701587535440922,0.0013034164439886808,50292,Local GHM overall human modification raster; basin-year mean,CATidalMarsh_DECODE/SupportiveData/Raw/GHM_Atlantic_2015.tif,0_to_1
7060030520,40,Atlantic,1,,2858.2,whole_basin_in_local_ghm_domain,,2020,0.006023397669196129,0.0013034265721216798,50292,Local GHM overall human modification raster; basin-year mean,CATidalMarsh_DECODE/SupportiveData/Raw/GHM_Atlantic_2020.tif,0_to_1
7060030610,41,Atlantic,0,,5366.9,whole_basin_in_local_ghm_domain,,1990,0.0013699961127713323,0.0027395677752792835,93101,Local GHM overall human modification raster; basin-year mean,CATidalMarsh_DECODE/SupportiveData/Raw/GHM_Atlantic_1990.tif,0_to_1
7060030610,41,Atlantic,0,,5366.9,whole_basin_in_local_ghm_domain,,1995,0.0014355304883792996,0.0028556331526488066,93101,Local GHM overall human modification raster; basin-year mean,CATidalMarsh_DECODE/SupportiveData/Raw/GHM_Atlantic_1995.tif,0_to_1
7060030610,41,Atlantic,0,,5366.9,whole_basin_in_local_ghm_domain,,2000,0.0014901035465300083,0.0028911361005157232,93101,Local GHM overall human modification raster; basin-year mean,CATidalMarsh_DECODE/SupportiveData/Raw/GHM_Atlantic_2000.tif,0_to_1
7060030610,41,Atlantic,0,,5366.9,whole_basin_in_local_ghm_domain,,2005,0.0014969861367717385,0.0027943304739892483,93101,Local GHM overall human modification raster; basin-year mean,CATidalMarsh_DECODE/SupportiveData/Raw/GHM_Atlantic_2005.tif,0_to_1
7060030610,41,Atlantic,0,,5366.9,whole_basin_in_local_ghm_domain,,2010,0.0015647776890546083,0.0027869148179888725,93101,Local GHM overall human modification raster; basin-year mean,CATidalMarsh_DECODE/SupportiveData/Raw/GHM_Atlantic_2010.tif,0_to_1
7060030610,41,Atlantic,0,,5366.9,whole_basin_in_local_ghm_domain,,2015,0.0007244569133035839,0.0011744009098038077,93101,Local GHM overall human modification raster; basin-year mean,CATidalMarsh_DECODE/SupportiveData/Raw/GHM_Atlantic_2015.tif,0_to_1
7060030610,41,Atlantic,0,,5366.9,whole_basin_in_local_ghm_domain,,2020,0.0007267224136739969,0.0011744352523237467,93101,Local GHM overall human modification raster; basin-year mean,CATidalMarsh_DECODE/SupportiveData/Raw/GHM_Atlantic_2020.tif,0_to_1
7060030620,42,Atlantic,1,,927.6,whole_basin_in_local_ghm_domain,,1990,0.001117743318900466,0.001212799921631813,13824,Local GHM overall human modification raster; basin-year mean,CATidalMarsh_DECODE/SupportiveData/Raw/GHM_Atlantic_1990.tif,0_to_1
7060030620,42,Atlantic,1,,927.6,whole_basin_in_local_ghm_domain,,1995,0.0011543167056515813,0.0012490436201915145,13824,Local GHM overall human modification raster; basin-year mean,CATidalMarsh_DECODE/SupportiveData/Raw/GHM_Atlantic_1995.tif,0_to_1
7060030620,42,Atlantic,1,,927.6,whole_basin_in_local_ghm_domain,,2000,0.0013033230789005756,0.0014116526581346989,13824,Local GHM overall human modification raster; basin-year mean,CATidalMarsh_DECODE/SupportiveData/Raw/GHM_Atlantic_2000.tif,0_to_1
7060030620,42,Atlantic,1,,927.6,whole_basin_in_local_ghm_domain,,2005,0.0013463455252349377,0.0014551819767802954,13824,Local GHM overall human modification raster; basin-year mean,CATidalMarsh_DECODE/SupportiveData/Raw/GHM_Atlantic_2005.tif,0_to_1
7060030620,42,Atlantic,1,,927.6,whole_basin_in_local_ghm_domain,,2010,0.0012106604408472776,0.001393220154568553,13824,Local GHM overall human modification raster; basin-year mean,CATidalMarsh_DECODE/SupportiveData/Raw/GHM_Atlantic_2010.tif,0_to_1
7060030620,42,Atlantic,1,,927.6,whole_basin_in_local_ghm_domain,,2015,0.0012240627547726035,0.0014367910334840417,13824,Local GHM overall human modification raster; basin-year mean,CATidalMarsh_DECODE/SupportiveData/Raw/GHM_Atlantic_2015.tif,0_to_1
7060030620,42,Atlantic,1,,927.6,whole_basin_in_local_ghm_domain,,2020,0.0012240627547726035,0.0014367910334840417,13824,Local GHM overall human modification raster; basin-year mean,CATidalMarsh_DECODE/SupportiveData/Raw/GHM_Atlantic_2020.tif,0_to_1
7060030660,43,Atlantic,0,,5064.3,whole_basin_in_local_ghm_domain,,1990,0.001029011094942689,0.002148583997040987,91648,Local GHM overall human modification raster; basin-year mean,CATidalMarsh_DECODE/SupportiveData/Raw/GHM_Atlantic_1990.tif,0_to_1
7060030660,43,Atlantic,0,,5064.3,whole_basin_in_local_ghm_domain,,1995,0.0010605078423395753,0.0022577662020921707,91648,Local GHM overall human modification raster; basin-year mean,CATidalMarsh_DECODE/SupportiveData/Raw/GHM_Atlantic_1995.tif,0_to_1
7060030660,43,Atlantic,0,,5064.3,whole_basin_in_local_ghm_domain,,2000,0.0010486830724403262,0.002158609451726079,91648,Local GHM overall human modification raster; basin-year mean,CATidalMarsh_DECODE/SupportiveData/Raw/GHM_Atlantic_2000.tif,0_to_1
7060030660,43,Atlantic,0,,5064.3,whole_basin_in_local_ghm_domain,,2005,0.0010579726658761501,0.001969696953892708,91648,Local GHM overall human modification raster; basin-year mean,CATidalMarsh_DECODE/SupportiveData/Raw/GHM_Atlantic_2005.tif,0_to_1
7060030660,43,Atlantic,0,,5064.3,whole_basin_in_local_ghm_domain,,2010,0.0010061395587399602,0.0014191982336342335,91648,Local GHM overall human modification raster; basin-year mean,CATidalMarsh_DECODE/SupportiveData/Raw/GHM_Atlantic_2010.tif,0_to_1
7060030660,43,Atlantic,0,,5064.3,whole_basin_in_local_ghm_domain,,2015,0.00020283959747757763,0.00017894181655719876,91648,Local GHM overall human modification raster; basin-year mean,CATidalMarsh_DECODE/SupportiveData/Raw/GHM_Atlantic_2015.tif,0_to_1
7060030660,43,Atlantic,0,,5064.3,whole_basin_in_local_ghm_domain,,2020,0.00020285893697291613,0.00017894181655719876,91648,Local GHM overall human modification raster; basin-year mean,CATidalMarsh_DECODE/SupportiveData/Raw/GHM_Atlantic_2020.tif,0_to_1
7060030670,44,Atlantic,1,,7350.3,whole_basin_in_local_ghm_domain,,1990,0.0016404702328145504,0.0012868772028014064,127739,Local GHM overall human modification raster; basin-year mean,CATidalMarsh_DECODE/SupportiveData/Raw/GHM_Atlantic_1990.tif,0_to_1
7060030670,44,Atlantic,1,,7350.3,whole_basin_in_local_ghm_domain,,1995,0.0016974519239738584,0.0013152359751984477,127739,Local GHM overall human modification raster; basin-year mean,CATidalMarsh_DECODE/SupportiveData/Raw/GHM_Atlantic_1995.tif,0_to_1
7060030670,44,Atlantic,1,,7350.3,whole_basin_in_local_ghm_domain,,2000,0.0017682992620393634,0.0014415408950299025,127739,Local GHM overall human modification raster; basin-year mean,CATidalMarsh_DECODE/SupportiveData/Raw/GHM_Atlantic_2000.tif,0_to_1
7060030670,44,Atlantic,1,,7350.3,whole_basin_in_local_ghm_domain,,2005,0.0019364900654181838,0.0014494581846520305,127739,Local GHM overall human modification raster; basin-year mean,CATidalMarsh_DECODE/SupportiveData/Raw/GHM_Atlantic_2005.tif,0_to_1
7060030670,44,Atlantic,1,,7350.3,whole_basin_in_local_ghm_domain,,2010,0.0018043916206806898,0.0011816725600510836,127739,Local GHM overall human modification raster; basin-year mean,CATidalMarsh_DECODE/SupportiveData/Raw/GHM_Atlantic_2010.tif,0_to_1
7060030670,44,Atlantic,1,,7350.3,whole_basin_in_local_ghm_domain,,2015,0.0014961475972086191,0.0010487670078873634,127739,Local GHM overall human modification raster; basin-year mean,CATidalMarsh_DECODE/SupportiveData/Raw/GHM_Atlantic_2015.tif,0_to_1
7060030670,44,Atlantic,1,,7350.3,whole_basin_in_local_ghm_domain,,2020,0.0014966126764193177,0.0010487670078873634,127739,Local GHM overall human modification raster; basin-year mean,CATidalMarsh_DECODE/SupportiveData/Raw/GHM_Atlantic_2020.tif,0_to_1
7060030880,46,Atlantic,1,,1414.4,whole_basin_in_local_ghm_domain,,1990,0.0008546295575797558,0.0010762602323666215,22770,Local GHM overall human modification raster; basin-year mean,CATidalMarsh_DECODE/SupportiveData/Raw/GHM_Atlantic_1990.tif,0_to_1
7060030880,46,Atlantic,1,,1414.4,whole_basin_in_local_ghm_domain,,1995,0.0007795999990776181,0.001039148773998022,22770,Local GHM overall human modification raster; basin-year mean,CATidalMarsh_DECODE/SupportiveData/Raw/GHM_Atlantic_1995.tif,0_to_1
7060030880,46,Atlantic,1,,1414.4,whole_basin_in_local_ghm_domain,,2000,0.0008649079827591777,0.0011618504067882895,22770,Local GHM overall human modification raster; basin-year mean,CATidalMarsh_DECODE/SupportiveData/Raw/GHM_Atlantic_2000.tif,0_to_1
7060030880,46,Atlantic,1,,1414.4,whole_basin_in_local_ghm_domain,,2005,0.0010015799198299646,0.0012796184746548533,22770,Local GHM overall human modification raster; basin-year mean,CATidalMarsh_DECODE/SupportiveData/Raw/GHM_Atlantic_2005.tif,0_to_1
7060030880,46,Atlantic,1,,1414.4,whole_basin_in_local_ghm_domain,,2010,0.0008988409535959363,0.0010917754843831062,22770,Local GHM overall human modification raster; basin-year mean,CATidalMarsh_DECODE/SupportiveData/Raw/GHM_Atlantic_2010.tif,0_to_1
7060030880,46,Atlantic,1,,1414.4,whole_basin_in_local_ghm_domain,,2015,0.0008163574384525418,0.001004853518679738,22770,Local GHM overall human modification raster; basin-year mean,CATidalMarsh_DECODE/SupportiveData/Raw/GHM_Atlantic_2015.tif,0_to_1
7060030880,46,Atlantic,1,,1414.4,whole_basin_in_local_ghm_domain,,2020,0.0008163574384525418,0.001004853518679738,22770,Local GHM overall human modification raster; basin-year mean,CATidalMarsh_DECODE/SupportiveData/Raw/GHM_Atlantic_2020.tif,0_to_1
7060030950,47,Atlantic,1,,21745.7,whole_basin_in_local_ghm_domain,,1990,0.001518384669907391,0.0012483480386435986,373792,Local GHM overall human modification raster; basin-year mean,CATidalMarsh_DECODE/SupportiveData/Raw/GHM_Atlantic_1990.tif,0_to_1
7060030950,47,Atlantic,1,,21745.7,whole_basin_in_local_ghm_domain,,1995,0.001573458663187921,0.0012917055282741785,373792,Local GHM overall human modification raster; basin-year mean,CATidalMarsh_DECODE/SupportiveData/Raw/GHM_Atlantic_1995.tif,0_to_1
7060030950,47,Atlantic,1,,21745.7,whole_basin_in_local_ghm_domain,,2000,0.0017275046557188034,0.0014368272386491299,373792,Local GHM overall human modification raster; basin-year mean,CATidalMarsh_DECODE/SupportiveData/Raw/GHM_Atlantic_2000.tif,0_to_1
7060030950,47,Atlantic,1,,21745.7,whole_basin_in_local_ghm_domain,,2005,0.0018157465383410454,0.0015369800385087729,373792,Local GHM overall human modification raster; basin-year mean,CATidalMarsh_DECODE/SupportiveData/Raw/GHM_Atlantic_2005.tif,0_to_1
7060030950,47,Atlantic,1,,21745.7,whole_basin_in_local_ghm_domain,,2010,0.0018463784363120794,0.0015397976385429502,373792,Local GHM overall human modification raster; basin-year mean,CATidalMarsh_DECODE/SupportiveData/Raw/GHM_Atlantic_2010.tif,0_to_1
7060030950,47,Atlantic,1,,21745.7,whole_basin_in_local_ghm_domain,,2015,0.0015977671137079597,0.00141067523509264,373792,Local GHM overall human modification raster; basin-year mean,CATidalMarsh_DECODE/SupportiveData/Raw/GHM_Atlantic_2015.tif,0_to_1
7060030950,47,Atlantic,1,,21745.7,whole_basin_in_local_ghm_domain,,2020,0.0016050254926085472,0.0014107032911852002,373792,Local GHM overall human modification raster; basin-year mean,CATidalMarsh_DECODE/SupportiveData/Raw/GHM_Atlantic_2020.tif,0_to_1
7060031660,48,Atlantic,0,,14658.4,whole_basin_in_local_ghm_domain,,1990,0.0013688425533473492,0.0008281336049549282,245617,Local GHM overall human modification raster; basin-year mean,CATidalMarsh_DECODE/SupportiveData/Raw/GHM_Atlantic_1990.tif,0_to_1
7060031660,48,Atlantic,0,,14658.4,whole_basin_in_local_ghm_domain,,1995,0.001397233339957893,0.000844844151288271,245617,Local GHM overall human modification raster; basin-year mean,CATidalMarsh_DECODE/SupportiveData/Raw/GHM_Atlantic_1995.tif,0_to_1
7060031660,48,Atlantic,0,,14658.4,whole_basin_in_local_ghm_domain,,2000,0.0014848674181848764,0.0009325447026640177,245617,Local GHM overall human modification raster; basin-year mean,CATidalMarsh_DECODE/SupportiveData/Raw/GHM_Atlantic_2000.tif,0_to_1
7060031660,48,Atlantic,0,,14658.4,whole_basin_in_local_ghm_domain,,2005,0.0016133448807522655,0.0009953732369467616,245617,Local GHM overall human modification raster; basin-year mean,CATidalMarsh_DECODE/SupportiveData/Raw/GHM_Atlantic_2005.tif,0_to_1
7060031660,48,Atlantic,0,,14658.4,whole_basin_in_local_ghm_domain,,2010,0.0017011758172884583,0.0009903786703944206,245617,Local GHM overall human modification raster; basin-year mean,CATidalMarsh_DECODE/SupportiveData/Raw/GHM_Atlantic_2010.tif,0_to_1
7060031660,48,Atlantic,0,,14658.4,whole_basin_in_local_ghm_domain,,2015,0.0018533827969804406,0.0009852936491370201,245617,Local GHM overall human modification raster; basin-year mean,CATidalMarsh_DECODE/SupportiveData/Raw/GHM_Atlantic_2015.tif,0_to_1
7060031660,48,Atlantic,0,,14658.4,whole_basin_in_local_ghm_domain,,2020,0.0018644353840500116,0.0009852955117821693,245617,Local GHM overall human modification raster; basin-year mean,CATidalMarsh_DECODE/SupportiveData/Raw/GHM_Atlantic_2020.tif,0_to_1
7060031670,49,Atlantic,1,,3811.8,whole_basin_in_local_ghm_domain,,1990,0.009298667311668396,0.002184254350140691,66075,Local GHM overall human modification raster; basin-year mean,CATidalMarsh_DECODE/SupportiveData/Raw/GHM_Atlantic_1990.tif,0_to_1
7060031670,49,Atlantic,1,,3811.8,whole_basin_in_local_ghm_domain,,1995,0.009952185675501823,0.0021947966888546944,66075,Local GHM overall human modification raster; basin-year mean,CATidalMarsh_DECODE/SupportiveData/Raw/GHM_Atlantic_1995.tif,0_to_1
7060031670,49,Atlantic,1,,3811.8,whole_basin_in_local_ghm_domain,,2000,0.010788314044475555,0.0022808685898780823,66075,Local GHM overall human modification raster; basin-year mean,CATidalMarsh_DECODE/SupportiveData/Raw/GHM_Atlantic_2000.tif,0_to_1
7060031670,49,Atlantic,1,,3811.8,whole_basin_in_local_ghm_domain,,2005,0.010891865938901901,0.0021480671130120754,66075,Local GHM overall human modification raster; basin-year mean,CATidalMarsh_DECODE/SupportiveData/Raw/GHM_Atlantic_2005.tif,0_to_1
7060031670,49,Atlantic,1,,3811.8,whole_basin_in_local_ghm_domain,,2010,0.011795596219599247,0.0021644080989062786,66075,Local GHM overall human modification raster; basin-year mean,CATidalMarsh_DECODE/SupportiveData/Raw/GHM_Atlantic_2010.tif,0_to_1
7060031670,49,Atlantic,1,,3811.8,whole_basin_in_local_ghm_domain,,2015,0.011919843964278698,0.002059005666524172,66075,Local GHM overall human modification raster; basin-year mean,CATidalMarsh_DECODE/SupportiveData/Raw/GHM_Atlantic_2015.tif,0_to_1
7060031670,49,Atlantic,1,,3811.8,whole_basin_in_local_ghm_domain,,2020,0.012096739374101162,0.002059532329440117,66075,Local GHM overall human modification raster; basin-year mean,CATidalMarsh_DECODE/SupportiveData/Raw/GHM_Atlantic_2020.tif,0_to_1
7060031710,50,Atlantic,0,,92709.6,whole_basin_in_local_ghm_domain,,1990,0.006647954229265451,0.002388104796409607,216637,Local GHM overall human modification raster; basin-year mean,CATidalMarsh_DECODE/SupportiveData/Raw/GHM_Atlantic_1990.tif,0_to_1
7060031710,50,Atlantic,0,,92709.6,whole_basin_in_local_ghm_domain,,1995,0.007009558379650116,0.0023878682404756546,216637,Local GHM overall human modification raster; basin-year mean,CATidalMarsh_DECODE/SupportiveData/Raw/GHM_Atlantic_1995.tif,0_to_1
7060031710,50,Atlantic,0,,92709.6,whole_basin_in_local_ghm_domain,,2000,0.00723248440772295,0.002455437555909157,216637,Local GHM overall human modification raster; basin-year mean,CATidalMarsh_DECODE/SupportiveData/Raw/GHM_Atlantic_2000.tif,0_to_1
7060031710,50,Atlantic,0,,92709.6,whole_basin_in_local_ghm_domain,,2005,0.007205137517303228,0.002371945884078741,216637,Local GHM overall human modification raster; basin-year mean,CATidalMarsh_DECODE/SupportiveData/Raw/GHM_Atlantic_2005.tif,0_to_1
7060031710,50,Atlantic,0,,92709.6,whole_basin_in_local_ghm_domain,,2010,0.00740801589563489,0.0024297554045915604,216637,Local GHM overall human modification raster; basin-year mean,CATidalMarsh_DECODE/SupportiveData/Raw/GHM_Atlantic_2010.tif,0_to_1
7060031710,50,Atlantic,0,,92709.6,whole_basin_in_local_ghm_domain,,2015,0.008764217607676983,0.002455448266118765,216637,Local GHM overall human modification raster; basin-year mean,CATidalMarsh_DECODE/SupportiveData/Raw/GHM_Atlantic_2015.tif,0_to_1
7060031710,50,Atlantic,0,,92709.6,whole_basin_in_local_ghm_domain,,2020,0.009264967404305935,0.0024554976262152195,216637,Local GHM overall human modification raster; basin-year mean,CATidalMarsh_DECODE/SupportiveData/Raw/GHM_Atlantic_2020.tif,0_to_1
7060031720,51,Atlantic,1,,14128.6,whole_basin_in_local_ghm_domain,,1990,0.0016906404634937644,0.0012135031865909696,246924,Local GHM overall human modification raster; basin-year mean,CATidalMarsh_DECODE/SupportiveData/Raw/GHM_Atlantic_1990.tif,0_to_1
7060031720,51,Atlantic,1,,14128.6,whole_basin_in_local_ghm_domain,,1995,0.0017333958530798554,0.001267758198082447,246924,Local GHM overall human modification raster; basin-year mean,CATidalMarsh_DECODE/SupportiveData/Raw/GHM_Atlantic_1995.tif,0_to_1
7060031720,51,Atlantic,1,,14128.6,whole_basin_in_local_ghm_domain,,2000,0.001847405917942524,0.0014007100835442543,246924,Local GHM overall human modification raster; basin-year mean,CATidalMarsh_DECODE/SupportiveData/Raw/GHM_Atlantic_2000.tif,0_to_1
7060031720,51,Atlantic,1,,14128.6,whole_basin_in_local_ghm_domain,,2005,0.0019408625084906816,0.0015093463007360697,246924,Local GHM overall human modification raster; basin-year mean,CATidalMarsh_DECODE/SupportiveData/Raw/GHM_Atlantic_2005.tif,0_to_1
7060031720,51,Atlantic,1,,14128.6,whole_basin_in_local_ghm_domain,,2010,0.0020266405772417784,0.0015924525214359164,246924,Local GHM overall human modification raster; basin-year mean,CATidalMarsh_DECODE/SupportiveData/Raw/GHM_Atlantic_2010.tif,0_to_1
7060031720,51,Atlantic,1,,14128.6,whole_basin_in_local_ghm_domain,,2015,0.0018702148227021098,0.0015449568163603544,246924,Local GHM overall human modification raster; basin-year mean,CATidalMarsh_DECODE/SupportiveData/Raw/GHM_Atlantic_2015.tif,0_to_1
7060031720,51,Atlantic,1,,14128.6,whole_basin_in_local_ghm_domain,,2020,0.0018709066789597273,0.0015449863858520985,246924,Local GHM overall human modification raster; basin-year mean,CATidalMarsh_DECODE/SupportiveData/Raw/GHM_Atlantic_2020.tif,0_to_1
7060032060,53,Atlantic,1,,159.1,whole_basin_in_local_ghm_domain,,1990,0.0009657063637860119,0.0008667832589708269,2584,Local GHM overall human modification raster; basin-year mean,CATidalMarsh_DECODE/SupportiveData/Raw/GHM_Atlantic_1990.tif,0_to_1
7060032060,53,Atlantic,1,,159.1,whole_basin_in_local_ghm_domain,,1995,0.000985858030617237,0.0008881299872882664,2584,Local GHM overall human modification raster; basin-year mean,CATidalMarsh_DECODE/SupportiveData/Raw/GHM_Atlantic_1995.tif,0_to_1
7060032060,53,Atlantic,1,,159.1,whole_basin_in_local_ghm_domain,,2000,0.0010777176357805729,0.0009841708233579993,2584,Local GHM overall human modification raster; basin-year mean,CATidalMarsh_DECODE/SupportiveData/Raw/GHM_Atlantic_2000.tif,0_to_1
7060032060,53,Atlantic,1,,159.1,whole_basin_in_local_ghm_domain,,2005,0.001151358475908637,0.0010539506329223514,2584,Local GHM overall human modification raster; basin-year mean,CATidalMarsh_DECODE/SupportiveData/Raw/GHM_Atlantic_2005.tif,0_to_1
7060032060,53,Atlantic,1,,159.1,whole_basin_in_local_ghm_domain,,2010,0.0014784489758312702,0.001092861988581717,2584,Local GHM overall human modification raster; basin-year mean,CATidalMarsh_DECODE/SupportiveData/Raw/GHM_Atlantic_2010.tif,0_to_1
7060032060,53,Atlantic,1,,159.1,whole_basin_in_local_ghm_domain,,2015,0.0015000004786998034,0.001114554237574339,2584,Local GHM overall human modification raster; basin-year mean,CATidalMarsh_DECODE/SupportiveData/Raw/GHM_Atlantic_2015.tif,0_to_1
7060032060,53,Atlantic,1,,159.1,whole_basin_in_local_ghm_domain,,2020,0.0015000002458691597,0.001114554237574339,2584,Local GHM overall human modification raster; basin-year mean,CATidalMarsh_DECODE/SupportiveData/Raw/GHM_Atlantic_2020.tif,0_to_1
7060032070,54,Atlantic,0,,5762.8,whole_basin_in_local_ghm_domain,,1990,0.004326101392507553,0.0008929239702410996,101134,Local GHM overall human modification raster; basin-year mean,CATidalMarsh_DECODE/SupportiveData/Raw/GHM_Atlantic_1990.tif,0_to_1
7060032070,54,Atlantic,0,,5762.8,whole_basin_in_local_ghm_domain,,1995,0.004380225669592619,0.0009175061713904142,101134,Local GHM overall human modification raster; basin-year mean,CATidalMarsh_DECODE/SupportiveData/Raw/GHM_Atlantic_1995.tif,0_to_1
7060032070,54,Atlantic,0,,5762.8,whole_basin_in_local_ghm_domain,,2000,0.004467095248401165,0.0010127561399713159,101134,Local GHM overall human modification raster; basin-year mean,CATidalMarsh_DECODE/SupportiveData/Raw/GHM_Atlantic_2000.tif,0_to_1
7060032070,54,Atlantic,0,,5762.8,whole_basin_in_local_ghm_domain,,2005,0.004512046463787556,0.0010977537604048848,101134,Local GHM overall human modification raster; basin-year mean,CATidalMarsh_DECODE/SupportiveData/Raw/GHM_Atlantic_2005.tif,0_to_1
7060032070,54,Atlantic,0,,5762.8,whole_basin_in_local_ghm_domain,,2010,0.004593041725456715,0.0011450941674411297,101134,Local GHM overall human modification raster; basin-year mean,CATidalMarsh_DECODE/SupportiveData/Raw/GHM_Atlantic_2010.tif,0_to_1
7060032070,54,Atlantic,0,,5762.8,whole_basin_in_local_ghm_domain,,2015,0.004369289148598909,0.0011531331110745668,101134,Local GHM overall human modification raster; basin-year mean,CATidalMarsh_DECODE/SupportiveData/Raw/GHM_Atlantic_2015.tif,0_to_1
7060032070,54,Atlantic,0,,5762.8,whole_basin_in_local_ghm_domain,,2020,0.004369289148598909,0.0011531331110745668,101134,Local GHM overall human modification raster; basin-year mean,CATidalMarsh_DECODE/SupportiveData/Raw/GHM_Atlantic_2020.tif,0_to_1
7060032080,55,Atlantic,1,,23255.0,whole_basin_in_local_ghm_domain,,1990,0.0066650970838963985,0.0043553439900279045,388266,Local GHM overall human modification raster; basin-year mean,CATidalMarsh_DECODE/SupportiveData/Raw/GHM_Atlantic_1990.tif,0_to_1
7060032080,55,Atlantic,1,,23255.0,whole_basin_in_local_ghm_domain,,1995,0.006941383704543114,0.004444212187081575,388266,Local GHM overall human modification raster; basin-year mean,CATidalMarsh_DECODE/SupportiveData/Raw/GHM_Atlantic_1995.tif,0_to_1
7060032080,55,Atlantic,1,,23255.0,whole_basin_in_local_ghm_domain,,2000,0.007104037329554558,0.00456467317417264,388266,Local GHM overall human modification raster; basin-year mean,CATidalMarsh_DECODE/SupportiveData/Raw/GHM_Atlantic_2000.tif,0_to_1
7060032080,55,Atlantic,1,,23255.0,whole_basin_in_local_ghm_domain,,2005,0.007120986469089985,0.004518012050539255,388266,Local GHM overall human modification raster; basin-year mean,CATidalMarsh_DECODE/SupportiveData/Raw/GHM_Atlantic_2005.tif,0_to_1
7060032080,55,Atlantic,1,,23255.0,whole_basin_in_local_ghm_domain,,2010,0.007303150836378336,0.004631710238754749,388266,Local GHM overall human modification raster; basin-year mean,CATidalMarsh_DECODE/SupportiveData/Raw/GHM_Atlantic_2010.tif,0_to_1
7060032080,55,Atlantic,1,,23255.0,whole_basin_in_local_ghm_domain,,2015,0.006588085554540157,0.0029788140673190355,388266,Local GHM overall human modification raster; basin-year mean,CATidalMarsh_DECODE/SupportiveData/Raw/GHM_Atlantic_2015.tif,0_to_1
7060032080,55,Atlantic,1,,23255.0,whole_basin_in_local_ghm_domain,,2020,0.006607826333492994,0.00297853397205472,388266,Local GHM overall human modification raster; basin-year mean,CATidalMarsh_DECODE/SupportiveData/Raw/GHM_Atlantic_2020.tif,0_to_1
7060032690,56,Atlantic,0,,7130.4,whole_basin_in_local_ghm_domain,,1990,0.0013390067033469677,0.0010245178127661347,122903,Local GHM overall human modification raster; basin-year mean,CATidalMarsh_DECODE/SupportiveData/Raw/GHM_Atlantic_1990.tif,0_to_1
7060032690,56,Atlantic,0,,7130.4,whole_basin_in_local_ghm_domain,,1995,0.0013689575716853142,0.0010449184337630868,122903,Local GHM overall human modification raster; basin-year mean,CATidalMarsh_DECODE/SupportiveData/Raw/GHM_Atlantic_1995.tif,0_to_1
7060032690,56,Atlantic,0,,7130.4,whole_basin_in_local_ghm_domain,,2000,0.0014750947011634707,0.0011558723635971546,122903,Local GHM overall human modification raster; basin-year mean,CATidalMarsh_DECODE/SupportiveData/Raw/GHM_Atlantic_2000.tif,0_to_1
7060032690,56,Atlantic,0,,7130.4,whole_basin_in_local_ghm_domain,,2005,0.0015508714132010937,0.00125090591609478,122903,Local GHM overall human modification raster; basin-year mean,CATidalMarsh_DECODE/SupportiveData/Raw/GHM_Atlantic_2005.tif,0_to_1
7060032690,56,Atlantic,0,,7130.4,whole_basin_in_local_ghm_domain,,2010,0.001592879882082343,0.0012418561382219195,122903,Local GHM overall human modification raster; basin-year mean,CATidalMarsh_DECODE/SupportiveData/Raw/GHM_Atlantic_2010.tif,0_to_1
7060032690,56,Atlantic,0,,7130.4,whole_basin_in_local_ghm_domain,,2015,0.0013768946519121528,0.0012357295490801334,122903,Local GHM overall human modification raster; basin-year mean,CATidalMarsh_DECODE/SupportiveData/Raw/GHM_Atlantic_2015.tif,0_to_1
7060032690,56,Atlantic,0,,7130.4,whole_basin_in_local_ghm_domain,,2020,0.001381347537972033,0.0012357402592897415,122903,Local GHM overall human modification raster; basin-year mean,CATidalMarsh_DECODE/SupportiveData/Raw/GHM_Atlantic_2020.tif,0_to_1
7060032700,57,Atlantic,1,,4302.9,whole_basin_in_local_ghm_domain,,1990,0.002738064853474498,0.0012880818685516715,67660,Local GHM overall human modification raster; basin-year mean,CATidalMarsh_DECODE/SupportiveData/Raw/GHM_Atlantic_1990.tif,0_to_1
7060032700,57,Atlantic,1,,4302.9,whole_basin_in_local_ghm_domain,,1995,0.002982646692544222,0.0013071930734440684,67660,Local GHM overall human modification raster; basin-year mean,CATidalMarsh_DECODE/SupportiveData/Raw/GHM_Atlantic_1995.tif,0_to_1
7060032700,57,Atlantic,1,,4302.9,whole_basin_in_local_ghm_domain,,2000,0.003193825716152787,0.001431926037184894,67660,Local GHM overall human modification raster; basin-year mean,CATidalMarsh_DECODE/SupportiveData/Raw/GHM_Atlantic_2000.tif,0_to_1
7060032700,57,Atlantic,1,,4302.9,whole_basin_in_local_ghm_domain,,2005,0.0032379310578107834,0.001460380619391799,67660,Local GHM overall human modification raster; basin-year mean,CATidalMarsh_DECODE/SupportiveData/Raw/GHM_Atlantic_2005.tif,0_to_1
7060032700,57,Atlantic,1,,4302.9,whole_basin_in_local_ghm_domain,,2010,0.003203120781108737,0.0013954953756183386,67660,Local GHM overall human modification raster; basin-year mean,CATidalMarsh_DECODE/SupportiveData/Raw/GHM_Atlantic_2010.tif,0_to_1
7060032700,57,Atlantic,1,,4302.9,whole_basin_in_local_ghm_domain,,2015,0.003236491931602359,0.001405768096446991,67660,Local GHM overall human modification raster; basin-year mean,CATidalMarsh_DECODE/SupportiveData/Raw/GHM_Atlantic_2015.tif,0_to_1
7060032700,57,Atlantic,1,,4302.9,whole_basin_in_local_ghm_domain,,2020,0.0032445918768644333,0.0014057840453460813,67660,Local GHM overall human modification raster; basin-year mean,CATidalMarsh_DECODE/SupportiveData/Raw/GHM_Atlantic_2020.tif,0_to_1
7060032800,58,Atlantic,0,,6387.7,whole_basin_in_local_ghm_domain,,1990,0.0014624004252254963,0.001027528429403901,110662,Local GHM overall human modification raster; basin-year mean,CATidalMarsh_DECODE/SupportiveData/Raw/GHM_Atlantic_1990.tif,0_to_1
7060032800,58,Atlantic,0,,6387.7,whole_basin_in_local_ghm_domain,,1995,0.0014831222360953689,0.0010486387182027102,110662,Local GHM overall human modification raster; basin-year mean,CATidalMarsh_DECODE/SupportiveData/Raw/GHM_Atlantic_1995.tif,0_to_1
7060032800,58,Atlantic,0,,6387.7,whole_basin_in_local_ghm_domain,,2000,0.0015907974448055029,0.0011634411057457328,110662,Local GHM overall human modification raster; basin-year mean,CATidalMarsh_DECODE/SupportiveData/Raw/GHM_Atlantic_2000.tif,0_to_1
7060032800,58,Atlantic,0,,6387.7,whole_basin_in_local_ghm_domain,,2005,0.001682063564658165,0.001260966993868351,110662,Local GHM overall human modification raster; basin-year mean,CATidalMarsh_DECODE/SupportiveData/Raw/GHM_Atlantic_2005.tif,0_to_1
7060032800,58,Atlantic,0,,6387.7,whole_basin_in_local_ghm_domain,,2010,0.001682277419604361,0.0012426940957084298,110662,Local GHM overall human modification raster; basin-year mean,CATidalMarsh_DECODE/SupportiveData/Raw/GHM_Atlantic_2010.tif,0_to_1
7060032800,58,Atlantic,0,,6387.7,whole_basin_in_local_ghm_domain,,2015,0.0017261961475014687,0.0012592158745974302,110662,Local GHM overall human modification raster; basin-year mean,CATidalMarsh_DECODE/SupportiveData/Raw/GHM_Atlantic_2015.tif,0_to_1
7060032800,58,Atlantic,0,,6387.7,whole_basin_in_local_ghm_domain,,2020,0.0017330769915133715,0.001259227399714291,110662,Local GHM overall human modification raster; basin-year mean,CATidalMarsh_DECODE/SupportiveData/Raw/GHM_Atlantic_2020.tif,0_to_1
7060032810,59,Atlantic,1,,7615.8,whole_basin_in_local_ghm_domain,,1990,0.0030661816708743572,0.0012854619417339563,114531,Local GHM overall human modification raster; basin-year mean,CATidalMarsh_DECODE/SupportiveData/Raw/GHM_Atlantic_1990.tif,0_to_1
7060032810,59,Atlantic,1,,7615.8,whole_basin_in_local_ghm_domain,,1995,0.0034889434464275837,0.0013066214742138982,114531,Local GHM overall human modification raster; basin-year mean,CATidalMarsh_DECODE/SupportiveData/Raw/GHM_Atlantic_1995.tif,0_to_1
7060032810,59,Atlantic,1,,7615.8,whole_basin_in_local_ghm_domain,,2000,0.0036413760390132666,0.0014638560824096203,114531,Local GHM overall human modification raster; basin-year mean,CATidalMarsh_DECODE/SupportiveData/Raw/GHM_Atlantic_2000.tif,0_to_1
7060032810,59,Atlantic,1,,7615.8,whole_basin_in_local_ghm_domain,,2005,0.0037257762160152197,0.0015036661643534899,114531,Local GHM overall human modification raster; basin-year mean,CATidalMarsh_DECODE/SupportiveData/Raw/GHM_Atlantic_2005.tif,0_to_1
7060032810,59,Atlantic,1,,7615.8,whole_basin_in_local_ghm_domain,,2010,0.0036908527836203575,0.0013433161657303572,114531,Local GHM overall human modification raster; basin-year mean,CATidalMarsh_DECODE/SupportiveData/Raw/GHM_Atlantic_2010.tif,0_to_1
7060032810,59,Atlantic,1,,7615.8,whole_basin_in_local_ghm_domain,,2015,0.00372163369320333,0.0013444568030536175,114531,Local GHM overall human modification raster; basin-year mean,CATidalMarsh_DECODE/SupportiveData/Raw/GHM_Atlantic_2015.tif,0_to_1
7060032810,59,Atlantic,1,,7615.8,whole_basin_in_local_ghm_domain,,2020,0.003733190940693021,0.001344653544947505,114531,Local GHM overall human modification raster; basin-year mean,CATidalMarsh_DECODE/SupportiveData/Raw/GHM_Atlantic_2020.tif,0_to_1
7060032950,61,Atlantic,1,,16319.4,whole_basin_in_local_ghm_domain,,1990,0.0018923128955066204,0.0012015532702207565,244582,Local GHM overall human modification raster; basin-year mean,CATidalMarsh_DECODE/SupportiveData/Raw/GHM_Atlantic_1990.tif,0_to_1
7060032950,61,Atlantic,1,,16319.4,whole_basin_in_local_ghm_domain,,1995,0.0019619332160800695,0.0012184418737888336,244582,Local GHM overall human modification raster; basin-year mean,CATidalMarsh_DECODE/SupportiveData/Raw/GHM_Atlantic_1995.tif,0_to_1
7060032950,61,Atlantic,1,,16319.4,whole_basin_in_local_ghm_domain,,2000,0.002113756025210023,0.0013517681509256363,244582,Local GHM overall human modification raster; basin-year mean,CATidalMarsh_DECODE/SupportiveData/Raw/GHM_Atlantic_2000.tif,0_to_1
7060032950,61,Atlantic,1,,16319.4,whole_basin_in_local_ghm_domain,,2005,0.0022647534497082233,0.0014640784356743097,244582,Local GHM overall human modification raster; basin-year mean,CATidalMarsh_DECODE/SupportiveData/Raw/GHM_Atlantic_2005.tif,0_to_1
7060032950,61,Atlantic,1,,16319.4,whole_basin_in_local_ghm_domain,,2010,0.0022863333579152822,0.0013869099784642458,244582,Local GHM overall human modification raster; basin-year mean,CATidalMarsh_DECODE/SupportiveData/Raw/GHM_Atlantic_2010.tif,0_to_1
7060032950,61,Atlantic,1,,16319.4,whole_basin_in_local_ghm_domain,,2015,0.002293503610417247,0.0013865988003090024,244582,Local GHM overall human modification raster; basin-year mean,CATidalMarsh_DECODE/SupportiveData/Raw/GHM_Atlantic_2015.tif,0_to_1
7060032950,61,Atlantic,1,,16319.4,whole_basin_in_local_ghm_domain,,2020,0.0023127440363168716,0.0013865988003090024,244582,Local GHM overall human modification raster; basin-year mean,CATidalMarsh_DECODE/SupportiveData/Raw/GHM_Atlantic_2020.tif,0_to_1
7060033110,62,Atlantic,0,,16075.6,whole_basin_in_local_ghm_domain,,1990,0.0009528830996714532,0.0008575993124395609,258978,Local GHM overall human modification raster; basin-year mean,CATidalMarsh_DECODE/SupportiveData/Raw/GHM_Atlantic_1990.tif,0_to_1
7060033110,62,Atlantic,0,,16075.6,whole_basin_in_local_ghm_domain,,1995,0.000965071958489716,0.0008769638370722532,258978,Local GHM overall human modification raster; basin-year mean,CATidalMarsh_DECODE/SupportiveData/Raw/GHM_Atlantic_1995.tif,0_to_1
7060033110,62,Atlantic,0,,16075.6,whole_basin_in_local_ghm_domain,,2000,0.0010519293136894703,0.0009693778702057898,258978,Local GHM overall human modification raster; basin-year mean,CATidalMarsh_DECODE/SupportiveData/Raw/GHM_Atlantic_2000.tif,0_to_1
7060033110,62,Atlantic,0,,16075.6,whole_basin_in_local_ghm_domain,,2005,0.0011560628190636635,0.0010583552066236734,258978,Local GHM overall human modification raster; basin-year mean,CATidalMarsh_DECODE/SupportiveData/Raw/GHM_Atlantic_2005.tif,0_to_1
7060033110,62,Atlantic,0,,16075.6,whole_basin_in_local_ghm_domain,,2010,0.0012157128658145666,0.0011003364343196154,258978,Local GHM overall human modification raster; basin-year mean,CATidalMarsh_DECODE/SupportiveData/Raw/GHM_Atlantic_2010.tif,0_to_1
7060033110,62,Atlantic,0,,16075.6,whole_basin_in_local_ghm_domain,,2015,0.0012751731555908918,0.0011223179753869772,258978,Local GHM overall human modification raster; basin-year mean,CATidalMarsh_DECODE/SupportiveData/Raw/GHM_Atlantic_2015.tif,0_to_1
7060033110,62,Atlantic,0,,16075.6,whole_basin_in_local_ghm_domain,,2020,0.0012826547026634216,0.0011223179753869772,258978,Local GHM overall human modification raster; basin-year mean,CATidalMarsh_DECODE/SupportiveData/Raw/GHM_Atlantic_2020.tif,0_to_1
7060033120,63,Atlantic,1,,588.5,whole_basin_in_local_ghm_domain,,1990,0.027745701372623444,0.012837359681725502,9479,Local GHM overall human modification raster; basin-year mean,CATidalMarsh_DECODE/SupportiveData/Raw/GHM_Atlantic_1990.tif,0_to_1
7060033120,63,Atlantic,1,,588.5,whole_basin_in_local_ghm_domain,,1995,0.029484780505299568,0.012434085831046104,9479,Local GHM overall human modification raster; basin-year mean,CATidalMarsh_DECODE/SupportiveData/Raw/GHM_Atlantic_1995.tif,0_to_1
7060033120,63,Atlantic,1,,588.5,whole_basin_in_local_ghm_domain,,2000,0.029665233567357063,0.012545811012387276,9479,Local GHM overall human modification raster; basin-year mean,CATidalMarsh_DECODE/SupportiveData/Raw/GHM_Atlantic_2000.tif,0_to_1
7060033120,63,Atlantic,1,,588.5,whole_basin_in_local_ghm_domain,,2005,0.03011905401945114,0.013186434283852577,9479,Local GHM overall human modification raster; basin-year mean,CATidalMarsh_DECODE/SupportiveData/Raw/GHM_Atlantic_2005.tif,0_to_1
7060033120,63,Atlantic,1,,588.5,whole_basin_in_local_ghm_domain,,2010,0.03049864061176777,0.013802459463477135,9479,Local GHM overall human modification raster; basin-year mean,CATidalMarsh_DECODE/SupportiveData/Raw/GHM_Atlantic_2010.tif,0_to_1
7060033120,63,Atlantic,1,,588.5,whole_basin_in_local_ghm_domain,,2015,0.030481159687042236,0.013622736558318138,9479,Local GHM overall human modification raster; basin-year mean,CATidalMarsh_DECODE/SupportiveData/Raw/GHM_Atlantic_2015.tif,0_to_1
7060033120,63,Atlantic,1,,588.5,whole_basin_in_local_ghm_domain,,2020,0.030305786058306694,0.013417130336165428,9479,Local GHM overall human modification raster; basin-year mean,CATidalMarsh_DECODE/SupportiveData/Raw/GHM_Atlantic_2020.tif,0_to_1
7060033180,64,Atlantic,0,,5835.3,whole_basin_in_local_ghm_domain,,1990,0.0009590219706296921,0.0008460247190669179,93596,Local GHM overall human modification raster; basin-year mean,CATidalMarsh_DECODE/SupportiveData/Raw/GHM_Atlantic_1990.tif,0_to_1
7060033180,64,Atlantic,0,,5835.3,whole_basin_in_local_ghm_domain,,1995,0.0009757239022292197,0.0008652895921841264,93596,Local GHM overall human modification raster; basin-year mean,CATidalMarsh_DECODE/SupportiveData/Raw/GHM_Atlantic_1995.tif,0_to_1
7060033180,64,Atlantic,0,,5835.3,whole_basin_in_local_ghm_domain,,2000,0.001062209252268076,0.0009559525060467422,93596,Local GHM overall human modification raster; basin-year mean,CATidalMarsh_DECODE/SupportiveData/Raw/GHM_Atlantic_2000.tif,0_to_1
7060033180,64,Atlantic,0,,5835.3,whole_basin_in_local_ghm_domain,,2005,0.0011453644838184118,0.0010438452009111643,93596,Local GHM overall human modification raster; basin-year mean,CATidalMarsh_DECODE/SupportiveData/Raw/GHM_Atlantic_2005.tif,0_to_1
7060033180,64,Atlantic,0,,5835.3,whole_basin_in_local_ghm_domain,,2010,0.0011952188797295094,0.0010897162137553096,93596,Local GHM overall human modification raster; basin-year mean,CATidalMarsh_DECODE/SupportiveData/Raw/GHM_Atlantic_2010.tif,0_to_1
7060033180,64,Atlantic,0,,5835.3,whole_basin_in_local_ghm_domain,,2015,0.0012986608780920506,0.0011131572537124157,93596,Local GHM overall human modification raster; basin-year mean,CATidalMarsh_DECODE/SupportiveData/Raw/GHM_Atlantic_2015.tif,0_to_1
7060033180,64,Atlantic,0,,5835.3,whole_basin_in_local_ghm_domain,,2020,0.0012986495858058333,0.0011131572537124157,93596,Local GHM overall human modification raster; basin-year mean,CATidalMarsh_DECODE/SupportiveData/Raw/GHM_Atlantic_2020.tif,0_to_1
7060033190,65,Atlantic,1,,6956.5,whole_basin_in_local_ghm_domain,,1990,0.008313379250466824,0.0027169925160706043,102611,Local GHM overall human modification raster; basin-year mean,CATidalMarsh_DECODE/SupportiveData/Raw/GHM_Atlantic_1990.tif,0_to_1
7060033190,65,Atlantic,1,,6956.5,whole_basin_in_local_ghm_domain,,1995,0.008830507285892963,0.0026766816154122353,102611,Local GHM overall human modification raster; basin-year mean,CATidalMarsh_DECODE/SupportiveData/Raw/GHM_Atlantic_1995.tif,0_to_1
7060033190,65,Atlantic,1,,6956.5,whole_basin_in_local_ghm_domain,,2000,0.009124058298766613,0.002833412494510412,102611,Local GHM overall human modification raster; basin-year mean,CATidalMarsh_DECODE/SupportiveData/Raw/GHM_Atlantic_2000.tif,0_to_1
7060033190,65,Atlantic,1,,6956.5,whole_basin_in_local_ghm_domain,,2005,0.009365026839077473,0.0029605343006551266,102611,Local GHM overall human modification raster; basin-year mean,CATidalMarsh_DECODE/SupportiveData/Raw/GHM_Atlantic_2005.tif,0_to_1
7060033190,65,Atlantic,1,,6956.5,whole_basin_in_local_ghm_domain,,2010,0.009647004306316376,0.0031197108328342438,102611,Local GHM overall human modification raster; basin-year mean,CATidalMarsh_DECODE/SupportiveData/Raw/GHM_Atlantic_2010.tif,0_to_1
7060033190,65,Atlantic,1,,6956.5,whole_basin_in_local_ghm_domain,,2015,0.009851939044892788,0.003098436165601015,102611,Local GHM overall human modification raster; basin-year mean,CATidalMarsh_DECODE/SupportiveData/Raw/GHM_Atlantic_2015.tif,0_to_1
7060033190,65,Atlantic,1,,6956.5,whole_basin_in_local_ghm_domain,,2020,0.010038627311587334,0.0030987621285021305,102611,Local GHM overall human modification raster; basin-year mean,CATidalMarsh_DECODE/SupportiveData/Raw/GHM_Atlantic_2020.tif,0_to_1
7060033390,66,Atlantic,0,,14326.3,whole_basin_in_local_ghm_domain,,1990,0.0025759292766451836,0.0008717051823623478,229602,Local GHM overall human modification raster; basin-year mean,CATidalMarsh_DECODE/SupportiveData/Raw/GHM_Atlantic_1990.tif,0_to_1
7060033390,66,Atlantic,0,,14326.3,whole_basin_in_local_ghm_domain,,1995,0.002782079391181469,0.0009071150561794639,229602,Local GHM overall human modification raster; basin-year mean,CATidalMarsh_DECODE/SupportiveData/Raw/GHM_Atlantic_1995.tif,0_to_1
7060033390,66,Atlantic,0,,14326.3,whole_basin_in_local_ghm_domain,,2000,0.002913070609793067,0.0010089806746691465,229602,Local GHM overall human modification raster; basin-year mean,CATidalMarsh_DECODE/SupportiveData/Raw/GHM_Atlantic_2000.tif,0_to_1
7060033390,66,Atlantic,0,,14326.3,whole_basin_in_local_ghm_domain,,2005,0.0031781704165041447,0.0011150888167321682,229602,Local GHM overall human modification raster; basin-year mean,CATidalMarsh_DECODE/SupportiveData/Raw/GHM_Atlantic_2005.tif,0_to_1
7060033390,66,Atlantic,0,,14326.3,whole_basin_in_local_ghm_domain,,2010,0.0035628455225378275,0.0012258690549060702,229602,Local GHM overall human modification raster; basin-year mean,CATidalMarsh_DECODE/SupportiveData/Raw/GHM_Atlantic_2010.tif,0_to_1
7060033390,66,Atlantic,0,,14326.3,whole_basin_in_local_ghm_domain,,2015,0.005057789850980043,0.0012785443104803562,229602,Local GHM overall human modification raster; basin-year mean,CATidalMarsh_DECODE/SupportiveData/Raw/GHM_Atlantic_2015.tif,0_to_1
7060033390,66,Atlantic,0,,14326.3,whole_basin_in_local_ghm_domain,,2020,0.00562652200460434,0.0012819236144423485,229602,Local GHM overall human modification raster; basin-year mean,CATidalMarsh_DECODE/SupportiveData/Raw/GHM_Atlantic_2020.tif,0_to_1
7060033400,67,Atlantic,1,,2468.4,whole_basin_in_local_ghm_domain,,1990,0.009731256403028965,0.002527839969843626,39603,Local GHM overall human modification raster; basin-year mean,CATidalMarsh_DECODE/SupportiveData/Raw/GHM_Atlantic_1990.tif,0_to_1
7060033400,67,Atlantic,1,,2468.4,whole_basin_in_local_ghm_domain,,1995,0.010447313077747822,0.0025640660896897316,39603,Local GHM overall human modification raster; basin-year mean,CATidalMarsh_DECODE/SupportiveData/Raw/GHM_Atlantic_1995.tif,0_to_1
7060033400,67,Atlantic,1,,2468.4,whole_basin_in_local_ghm_domain,,2000,0.011210325174033642,0.002710900269448757,39603,Local GHM overall human modification raster; basin-year mean,CATidalMarsh_DECODE/SupportiveData/Raw/GHM_Atlantic_2000.tif,0_to_1
7060033400,67,Atlantic,1,,2468.4,whole_basin_in_local_ghm_domain,,2005,0.011519725434482098,0.0027935691177845,39603,Local GHM overall human modification raster; basin-year mean,CATidalMarsh_DECODE/SupportiveData/Raw/GHM_Atlantic_2005.tif,0_to_1
7060033400,67,Atlantic,1,,2468.4,whole_basin_in_local_ghm_domain,,2010,0.011884484440088272,0.0030128767248243093,39603,Local GHM overall human modification raster; basin-year mean,CATidalMarsh_DECODE/SupportiveData/Raw/GHM_Atlantic_2010.tif,0_to_1
7060033400,67,Atlantic,1,,2468.4,whole_basin_in_local_ghm_domain,,2015,0.012100066989660263,0.003044020850211382,39603,Local GHM overall human modification raster; basin-year mean,CATidalMarsh_DECODE/SupportiveData/Raw/GHM_Atlantic_2015.tif,0_to_1
7060033400,67,Atlantic,1,,2468.4,whole_basin_in_local_ghm_domain,,2020,0.012511707842350006,0.003044021548703313,39603,Local GHM overall human modification raster; basin-year mean,CATidalMarsh_DECODE/SupportiveData/Raw/GHM_Atlantic_2020.tif,0_to_1
7060033440,68,Atlantic,0,,5550.1,whole_basin_in_local_ghm_domain,,1990,0.002166417194530368,0.001336728222668171,92673,Local GHM overall human modification raster; basin-year mean,CATidalMarsh_DECODE/SupportiveData/Raw/GHM_Atlantic_1990.tif,0_to_1
7060033440,68,Atlantic,0,,5550.1,whole_basin_in_local_ghm_domain,,1995,0.0022586211562156677,0.0014576471876353025,92673,Local GHM overall human modification raster; basin-year mean,CATidalMarsh_DECODE/SupportiveData/Raw/GHM_Atlantic_1995.tif,0_to_1
7060033440,68,Atlantic,0,,5550.1,whole_basin_in_local_ghm_domain,,2000,0.0024662227369844913,0.0016348932404071093,92673,Local GHM overall human modification raster; basin-year mean,CATidalMarsh_DECODE/SupportiveData/Raw/GHM_Atlantic_2000.tif,0_to_1
7060033440,68,Atlantic,0,,5550.1,whole_basin_in_local_ghm_domain,,2005,0.002658888464793563,0.0018099300796166062,92673,Local GHM overall human modification raster; basin-year mean,CATidalMarsh_DECODE/SupportiveData/Raw/GHM_Atlantic_2005.tif,0_to_1
7060033440,68,Atlantic,0,,5550.1,whole_basin_in_local_ghm_domain,,2010,0.0029543971177190542,0.0021364788990467787,92673,Local GHM overall human modification raster; basin-year mean,CATidalMarsh_DECODE/SupportiveData/Raw/GHM_Atlantic_2010.tif,0_to_1
7060033440,68,Atlantic,0,,5550.1,whole_basin_in_local_ghm_domain,,2015,0.0030673316214233637,0.0022647071164101362,92673,Local GHM overall human modification raster; basin-year mean,CATidalMarsh_DECODE/SupportiveData/Raw/GHM_Atlantic_2015.tif,0_to_1
7060033440,68,Atlantic,0,,5550.1,whole_basin_in_local_ghm_domain,,2020,0.0031352739315479994,0.0022648244630545378,92673,Local GHM overall human modification raster; basin-year mean,CATidalMarsh_DECODE/SupportiveData/Raw/GHM_Atlantic_2020.tif,0_to_1
7060033450,69,Atlantic,1,,79.7,whole_basin_in_local_ghm_domain,,1990,0.052999451756477356,0.022614547982811928,1333,Local GHM overall human modification raster; basin-year mean,CATidalMarsh_DECODE/SupportiveData/Raw/GHM_Atlantic_1990.tif,0_to_1
7060033450,69,Atlantic,1,,79.7,whole_basin_in_local_ghm_domain,,1995,0.054041340947151184,0.022675717249512672,1333,Local GHM overall human modification raster; basin-year mean,CATidalMarsh_DECODE/SupportiveData/Raw/GHM_Atlantic_1995.tif,0_to_1
7060033450,69,Atlantic,1,,79.7,whole_basin_in_local_ghm_domain,,2000,0.05724000930786133,0.022900737822055817,1333,Local GHM overall human modification raster; basin-year mean,CATidalMarsh_DECODE/SupportiveData/Raw/GHM_Atlantic_2000.tif,0_to_1
7060033450,69,Atlantic,1,,79.7,whole_basin_in_local_ghm_domain,,2005,0.05881144851446152,0.023007769137620926,1333,Local GHM overall human modification raster; basin-year mean,CATidalMarsh_DECODE/SupportiveData/Raw/GHM_Atlantic_2005.tif,0_to_1
7060033450,69,Atlantic,1,,79.7,whole_basin_in_local_ghm_domain,,2010,0.05977318808436394,0.023224465548992157,1333,Local GHM overall human modification raster; basin-year mean,CATidalMarsh_DECODE/SupportiveData/Raw/GHM_Atlantic_2010.tif,0_to_1
7060033450,69,Atlantic,1,,79.7,whole_basin_in_local_ghm_domain,,2015,0.0603974349796772,0.023100901395082474,1333,Local GHM overall human modification raster; basin-year mean,CATidalMarsh_DECODE/SupportiveData/Raw/GHM_Atlantic_2015.tif,0_to_1
7060033450,69,Atlantic,1,,79.7,whole_basin_in_local_ghm_domain,,2020,0.06314224004745483,0.023398134857416153,1333,Local GHM overall human modification raster; basin-year mean,CATidalMarsh_DECODE/SupportiveData/Raw/GHM_Atlantic_2020.tif,0_to_1
7060033480,71,Atlantic,1,,8169.4,whole_basin_in_local_ghm_domain,,1990,0.005865474697202444,0.0023188418708741665,133980,Local GHM overall human modification raster; basin-year mean,CATidalMarsh_DECODE/SupportiveData/Raw/GHM_Atlantic_1990.tif,0_to_1
7060033480,71,Atlantic,1,,8169.4,whole_basin_in_local_ghm_domain,,1995,0.00610696105286479,0.0023262829054147005,133980,Local GHM overall human modification raster; basin-year mean,CATidalMarsh_DECODE/SupportiveData/Raw/GHM_Atlantic_1995.tif,0_to_1
7060033480,71,Atlantic,1,,8169.4,whole_basin_in_local_ghm_domain,,2000,0.006420436315238476,0.0024287118576467037,133980,Local GHM overall human modification raster; basin-year mean,CATidalMarsh_DECODE/SupportiveData/Raw/GHM_Atlantic_2000.tif,0_to_1
7060033480,71,Atlantic,1,,8169.4,whole_basin_in_local_ghm_domain,,2005,0.00649413513019681,0.002418836811557412,133980,Local GHM overall human modification raster; basin-year mean,CATidalMarsh_DECODE/SupportiveData/Raw/GHM_Atlantic_2005.tif,0_to_1
7060033480,71,Atlantic,1,,8169.4,whole_basin_in_local_ghm_domain,,2010,0.006574597675353289,0.0024969533551484346,133980,Local GHM overall human modification raster; basin-year mean,CATidalMarsh_DECODE/SupportiveData/Raw/GHM_Atlantic_2010.tif,0_to_1
7060033480,71,Atlantic,1,,8169.4,whole_basin_in_local_ghm_domain,,2015,0.006626755930483341,0.0024967575445771217,133980,Local GHM overall human modification raster; basin-year mean,CATidalMarsh_DECODE/SupportiveData/Raw/GHM_Atlantic_2015.tif,0_to_1
7060033480,71,Atlantic,1,,8169.4,whole_basin_in_local_ghm_domain,,2020,0.006708423141390085,0.002497121226042509,133980,Local GHM overall human modification raster; basin-year mean,CATidalMarsh_DECODE/SupportiveData/Raw/GHM_Atlantic_2020.tif,0_to_1
7060033690,72,Atlantic,0,,19091.8,whole_basin_in_local_ghm_domain,,1990,0.00411307904869318,0.0016902051866054535,248203,Local GHM overall human modification raster; basin-year mean,CATidalMarsh_DECODE/SupportiveData/Raw/GHM_Atlantic_1990.tif,0_to_1
7060033690,72,Atlantic,0,,19091.8,whole_basin_in_local_ghm_domain,,1995,0.004365807864814997,0.001626690849661827,248203,Local GHM overall human modification raster; basin-year mean,CATidalMarsh_DECODE/SupportiveData/Raw/GHM_Atlantic_1995.tif,0_to_1
7060033690,72,Atlantic,0,,19091.8,whole_basin_in_local_ghm_domain,,2000,0.004728867206722498,0.0016763916937634349,248203,Local GHM overall human modification raster; basin-year mean,CATidalMarsh_DECODE/SupportiveData/Raw/GHM_Atlantic_2000.tif,0_to_1
7060033690,72,Atlantic,0,,19091.8,whole_basin_in_local_ghm_domain,,2005,0.004809844773262739,0.001675268867984414,248203,Local GHM overall human modification raster; basin-year mean,CATidalMarsh_DECODE/SupportiveData/Raw/GHM_Atlantic_2005.tif,0_to_1
7060033690,72,Atlantic,0,,19091.8,whole_basin_in_local_ghm_domain,,2010,0.005110017489641905,0.001722983317449689,248203,Local GHM overall human modification raster; basin-year mean,CATidalMarsh_DECODE/SupportiveData/Raw/GHM_Atlantic_2010.tif,0_to_1
7060033690,72,Atlantic,0,,19091.8,whole_basin_in_local_ghm_domain,,2015,0.005840408615767956,0.0018290448933839798,248203,Local GHM overall human modification raster; basin-year mean,CATidalMarsh_DECODE/SupportiveData/Raw/GHM_Atlantic_2015.tif,0_to_1
7060033690,72,Atlantic,0,,19091.8,whole_basin_in_local_ghm_domain,,2020,0.005914995446801186,0.001829331275075674,248203,Local GHM overall human modification raster; basin-year mean,CATidalMarsh_DECODE/SupportiveData/Raw/GHM_Atlantic_2020.tif,0_to_1
7060033700,73,Atlantic,1,,18923.5,whole_basin_in_local_ghm_domain,,1990,0.02056538313627243,0.004986284300684929,286198,Local GHM overall human modification raster; basin-year mean,CATidalMarsh_DECODE/SupportiveData/Raw/GHM_Atlantic_1990.tif,0_to_1
7060033700,73,Atlantic,1,,18923.5,whole_basin_in_local_ghm_domain,,1995,0.02259727194905281,0.005105879157781601,286198,Local GHM overall human modification raster; basin-year mean,CATidalMarsh_DECODE/SupportiveData/Raw/GHM_Atlantic_1995.tif,0_to_1
7060033700,73,Atlantic,1,,18923.5,whole_basin_in_local_ghm_domain,,2000,0.02348427101969719,0.005382745061069727,286198,Local GHM overall human modification raster; basin-year mean,CATidalMarsh_DECODE/SupportiveData/Raw/GHM_Atlantic_2000.tif,0_to_1
7060033700,73,Atlantic,1,,18923.5,whole_basin_in_local_ghm_domain,,2005,0.024360299110412598,0.005555660929530859,286198,Local GHM overall human modification raster; basin-year mean,CATidalMarsh_DECODE/SupportiveData/Raw/GHM_Atlantic_2005.tif,0_to_1
7060033700,73,Atlantic,1,,18923.5,whole_basin_in_local_ghm_domain,,2010,0.024652285501360893,0.005768428556621075,286198,Local GHM overall human modification raster; basin-year mean,CATidalMarsh_DECODE/SupportiveData/Raw/GHM_Atlantic_2010.tif,0_to_1
7060033700,73,Atlantic,1,,18923.5,whole_basin_in_local_ghm_domain,,2015,0.025052549317479134,0.0056686075404286385,286198,Local GHM overall human modification raster; basin-year mean,CATidalMarsh_DECODE/SupportiveData/Raw/GHM_Atlantic_2015.tif,0_to_1
7060033700,73,Atlantic,1,,18923.5,whole_basin_in_local_ghm_domain,,2020,0.025933485478162766,0.0057428013533353806,286198,Local GHM overall human modification raster; basin-year mean,CATidalMarsh_DECODE/SupportiveData/Raw/GHM_Atlantic_2020.tif,0_to_1
7060034000,74,Atlantic,0,,45629.7,whole_basin_in_local_ghm_domain,,1990,0.05928913503885269,0.05574459955096245,5973,Local GHM overall human modification raster; basin-year mean,CATidalMarsh_DECODE/SupportiveData/Raw/GHM_Atlantic_1990.tif,0_to_1
7060034000,74,Atlantic,0,,45629.7,whole_basin_in_local_ghm_domain,,1995,0.06422730535268784,0.0661093220114708,5973,Local GHM overall human modification raster; basin-year mean,CATidalMarsh_DECODE/SupportiveData/Raw/GHM_Atlantic_1995.tif,0_to_1
7060034000,74,Atlantic,0,,45629.7,whole_basin_in_local_ghm_domain,,2000,0.07356156408786774,0.08085030317306519,5973,Local GHM overall human modification raster; basin-year mean,CATidalMarsh_DECODE/SupportiveData/Raw/GHM_Atlantic_2000.tif,0_to_1
7060034000,74,Atlantic,0,,45629.7,whole_basin_in_local_ghm_domain,,2005,0.07423379272222519,0.08161967247724533,5973,Local GHM overall human modification raster; basin-year mean,CATidalMarsh_DECODE/SupportiveData/Raw/GHM_Atlantic_2005.tif,0_to_1
7060034000,74,Atlantic,0,,45629.7,whole_basin_in_local_ghm_domain,,2010,0.0748814269900322,0.08361686021089554,5973,Local GHM overall human modification raster; basin-year mean,CATidalMarsh_DECODE/SupportiveData/Raw/GHM_Atlantic_2010.tif,0_to_1
7060034000,74,Atlantic,0,,45629.7,whole_basin_in_local_ghm_domain,,2015,0.07522854208946228,0.08362707495689392,5973,Local GHM overall human modification raster; basin-year mean,CATidalMarsh_DECODE/SupportiveData/Raw/GHM_Atlantic_2015.tif,0_to_1
7060034000,74,Atlantic,0,,45629.7,whole_basin_in_local_ghm_domain,,2020,0.07531892508268356,0.08365577459335327,5973,Local GHM overall human modification raster; basin-year mean,CATidalMarsh_DECODE/SupportiveData/Raw/GHM_Atlantic_2020.tif,0_to_1
7060034010,75,Atlantic,1,,19847.1,whole_basin_in_local_ghm_domain,,1990,0.02977393940091133,0.004201226867735386,81313,Local GHM overall human modification raster; basin-year mean,CATidalMarsh_DECODE/SupportiveData/Raw/GHM_Atlantic_1990.tif,0_to_1
7060034010,75,Atlantic,1,,19847.1,whole_basin_in_local_ghm_domain,,1995,0.031451717019081116,0.004258143249899149,81313,Local GHM overall human modification raster; basin-year mean,CATidalMarsh_DECODE/SupportiveData/Raw/GHM_Atlantic_1995.tif,0_to_1
7060034010,75,Atlantic,1,,19847.1,whole_basin_in_local_ghm_domain,,2000,0.032000381499528885,0.004375038202852011,81313,Local GHM overall human modification raster; basin-year mean,CATidalMarsh_DECODE/SupportiveData/Raw/GHM_Atlantic_2000.tif,0_to_1
7060034010,75,Atlantic,1,,19847.1,whole_basin_in_local_ghm_domain,,2005,0.031834833323955536,0.004015425685793161,81313,Local GHM overall human modification raster; basin-year mean,CATidalMarsh_DECODE/SupportiveData/Raw/GHM_Atlantic_2005.tif,0_to_1
7060034010,75,Atlantic,1,,19847.1,whole_basin_in_local_ghm_domain,,2010,0.03223274275660515,0.004106961190700531,81313,Local GHM overall human modification raster; basin-year mean,CATidalMarsh_DECODE/SupportiveData/Raw/GHM_Atlantic_2010.tif,0_to_1
7060034010,75,Atlantic,1,,19847.1,whole_basin_in_local_ghm_domain,,2015,0.03240768238902092,0.004106728360056877,81313,Local GHM overall human modification raster; basin-year mean,CATidalMarsh_DECODE/SupportiveData/Raw/GHM_Atlantic_2015.tif,0_to_1
7060034010,75,Atlantic,1,,19847.1,whole_basin_in_local_ghm_domain,,2020,0.03398766741156578,0.004287784453481436,81313,Local GHM overall human modification raster; basin-year mean,CATidalMarsh_DECODE/SupportiveData/Raw/GHM_Atlantic_2020.tif,0_to_1
7060034100,76,Atlantic,0,,18974.6,whole_basin_in_local_ghm_domain,,1990,0.011085739359259605,0.0021703920792788267,131384,Local GHM overall human modification raster; basin-year mean,CATidalMarsh_DECODE/SupportiveData/Raw/GHM_Atlantic_1990.tif,0_to_1
7060034100,76,Atlantic,0,,18974.6,whole_basin_in_local_ghm_domain,,1995,0.011256163939833641,0.0021954141557216644,131384,Local GHM overall human modification raster; basin-year mean,CATidalMarsh_DECODE/SupportiveData/Raw/GHM_Atlantic_1995.tif,0_to_1
7060034100,76,Atlantic,0,,18974.6,whole_basin_in_local_ghm_domain,,2000,0.011430060490965843,0.0022560609504580498,131384,Local GHM overall human modification raster; basin-year mean,CATidalMarsh_DECODE/SupportiveData/Raw/GHM_Atlantic_2000.tif,0_to_1
7060034100,76,Atlantic,0,,18974.6,whole_basin_in_local_ghm_domain,,2005,0.011646266095340252,0.0018182608764618635,131384,Local GHM overall human modification raster; basin-year mean,CATidalMarsh_DECODE/SupportiveData/Raw/GHM_Atlantic_2005.tif,0_to_1
7060034100,76,Atlantic,0,,18974.6,whole_basin_in_local_ghm_domain,,2010,0.0123512651771307,0.0019368219655007124,131384,Local GHM overall human modification raster; basin-year mean,CATidalMarsh_DECODE/SupportiveData/Raw/GHM_Atlantic_2010.tif,0_to_1
7060034100,76,Atlantic,0,,18974.6,whole_basin_in_local_ghm_domain,,2015,0.014029283076524734,0.002026013331487775,131384,Local GHM overall human modification raster; basin-year mean,CATidalMarsh_DECODE/SupportiveData/Raw/GHM_Atlantic_2015.tif,0_to_1
7060034100,76,Atlantic,0,,18974.6,whole_basin_in_local_ghm_domain,,2020,0.015285000205039978,0.0020506493747234344,131384,Local GHM overall human modification raster; basin-year mean,CATidalMarsh_DECODE/SupportiveData/Raw/GHM_Atlantic_2020.tif,0_to_1
7060034110,77,Atlantic,1,,7678.3,whole_basin_in_local_ghm_domain,,1990,0.026687443256378174,0.006123133469372988,121996,Local GHM overall human modification raster; basin-year mean,CATidalMarsh_DECODE/SupportiveData/Raw/GHM_Atlantic_1990.tif,0_to_1
7060034110,77,Atlantic,1,,7678.3,whole_basin_in_local_ghm_domain,,1995,0.028686339035630226,0.0061871386133134365,121996,Local GHM overall human modification raster; basin-year mean,CATidalMarsh_DECODE/SupportiveData/Raw/GHM_Atlantic_1995.tif,0_to_1
7060034110,77,Atlantic,1,,7678.3,whole_basin_in_local_ghm_domain,,2000,0.029197944328188896,0.0064330450259149075,121996,Local GHM overall human modification raster; basin-year mean,CATidalMarsh_DECODE/SupportiveData/Raw/GHM_Atlantic_2000.tif,0_to_1
7060034110,77,Atlantic,1,,7678.3,whole_basin_in_local_ghm_domain,,2005,0.0295613594353199,0.006441889796406031,121996,Local GHM overall human modification raster; basin-year mean,CATidalMarsh_DECODE/SupportiveData/Raw/GHM_Atlantic_2005.tif,0_to_1
7060034110,77,Atlantic,1,,7678.3,whole_basin_in_local_ghm_domain,,2010,0.0309132132679224,0.0068921600468456745,121996,Local GHM overall human modification raster; basin-year mean,CATidalMarsh_DECODE/SupportiveData/Raw/GHM_Atlantic_2010.tif,0_to_1
7060034110,77,Atlantic,1,,7678.3,whole_basin_in_local_ghm_domain,,2015,0.03159794211387634,0.0068829674273729324,121996,Local GHM overall human modification raster; basin-year mean,CATidalMarsh_DECODE/SupportiveData/Raw/GHM_Atlantic_2015.tif,0_to_1
7060034110,77,Atlantic,1,,7678.3,whole_basin_in_local_ghm_domain,,2020,0.0331154428422451,0.007225995417684317,121996,Local GHM overall human modification raster; basin-year mean,CATidalMarsh_DECODE/SupportiveData/Raw/GHM_Atlantic_2020.tif,0_to_1
7060034330,78,Atlantic,0,,87595.8,whole_basin_in_local_ghm_domain,,1990,0.058208659291267395,0.0434909462928772,124122,Local GHM overall human modification raster; basin-year mean,CATidalMarsh_DECODE/SupportiveData/Raw/GHM_Atlantic_1990.tif,0_to_1
7060034330,78,Atlantic,0,,87595.8,whole_basin_in_local_ghm_domain,,1995,0.060980238020420074,0.04743020981550217,124122,Local GHM overall human modification raster; basin-year mean,CATidalMarsh_DECODE/SupportiveData/Raw/GHM_Atlantic_1995.tif,0_to_1
7060034330,78,Atlantic,0,,87595.8,whole_basin_in_local_ghm_domain,,2000,0.062480006366968155,0.04916488751769066,124122,Local GHM overall human modification raster; basin-year mean,CATidalMarsh_DECODE/SupportiveData/Raw/GHM_Atlantic_2000.tif,0_to_1
7060034330,78,Atlantic,0,,87595.8,whole_basin_in_local_ghm_domain,,2005,0.06310951709747314,0.0494149774312973,124122,Local GHM overall human modification raster; basin-year mean,CATidalMarsh_DECODE/SupportiveData/Raw/GHM_Atlantic_2005.tif,0_to_1
7060034330,78,Atlantic,0,,87595.8,whole_basin_in_local_ghm_domain,,2010,0.06458083540201187,0.0520484521985054,124122,Local GHM overall human modification raster; basin-year mean,CATidalMarsh_DECODE/SupportiveData/Raw/GHM_Atlantic_2010.tif,0_to_1
7060034330,78,Atlantic,0,,87595.8,whole_basin_in_local_ghm_domain,,2015,0.066314697265625,0.054790571331977844,124122,Local GHM overall human modification raster; basin-year mean,CATidalMarsh_DECODE/SupportiveData/Raw/GHM_Atlantic_2015.tif,0_to_1
7060034330,78,Atlantic,0,,87595.8,whole_basin_in_local_ghm_domain,,2020,0.06891226023435593,0.057852551341056824,124122,Local GHM overall human modification raster; basin-year mean,CATidalMarsh_DECODE/SupportiveData/Raw/GHM_Atlantic_2020.tif,0_to_1
7060034340,80,Atlantic,1,,7714.3,whole_basin_in_local_ghm_domain,,1990,0.11605484783649445,0.12661287188529968,123556,Local GHM overall human modification raster; basin-year mean,CATidalMarsh_DECODE/SupportiveData/Raw/GHM_Atlantic_1990.tif,0_to_1
7060034340,80,Atlantic,1,,7714.3,whole_basin_in_local_ghm_domain,,1995,0.12369997799396515,0.14760534465312958,123556,Local GHM overall human modification raster; basin-year mean,CATidalMarsh_DECODE/SupportiveData/Raw/GHM_Atlantic_1995.tif,0_to_1
7060034340,80,Atlantic,1,,7714.3,whole_basin_in_local_ghm_domain,,2000,0.12528076767921448,0.1497132033109665,123556,Local GHM overall human modification raster; basin-year mean,CATidalMarsh_DECODE/SupportiveData/Raw/GHM_Atlantic_2000.tif,0_to_1
7060034340,80,Atlantic,1,,7714.3,whole_basin_in_local_ghm_domain,,2005,0.12689130008220673,0.15225890278816223,123556,Local GHM overall human modification raster; basin-year mean,CATidalMarsh_DECODE/SupportiveData/Raw/GHM_Atlantic_2005.tif,0_to_1
7060034340,80,Atlantic,1,,7714.3,whole_basin_in_local_ghm_domain,,2010,0.12976929545402527,0.15920321643352509,123556,Local GHM overall human modification raster; basin-year mean,CATidalMarsh_DECODE/SupportiveData/Raw/GHM_Atlantic_2010.tif,0_to_1
7060034340,80,Atlantic,1,,7714.3,whole_basin_in_local_ghm_domain,,2015,0.13189633190631866,0.16442717611789703,123556,Local GHM overall human modification raster; basin-year mean,CATidalMarsh_DECODE/SupportiveData/Raw/GHM_Atlantic_2015.tif,0_to_1
7060034340,80,Atlantic,1,,7714.3,whole_basin_in_local_ghm_domain,,2020,0.1342681497335434,0.17215140163898468,123556,Local GHM overall human modification raster; basin-year mean,CATidalMarsh_DECODE/SupportiveData/Raw/GHM_Atlantic_2020.tif,0_to_1
7060034520,81,Atlantic,0,,1053293.8,whole_basin_in_local_ghm_domain,,1990,0.19162794947624207,0.3348187804222107,384651,Local GHM overall human modification raster; basin-year mean,CATidalMarsh_DECODE/SupportiveData/Raw/GHM_Atlantic_1990.tif,0_to_1
7060034520,81,Atlantic,0,,1053293.8,whole_basin_in_local_ghm_domain,,1995,0.20213788747787476,0.3535483181476593,384651,Local GHM overall human modification raster; basin-year mean,CATidalMarsh_DECODE/SupportiveData/Raw/GHM_Atlantic_1995.tif,0_to_1
7060034520,81,Atlantic,0,,1053293.8,whole_basin_in_local_ghm_domain,,2000,0.20523251593112946,0.35983115434646606,384651,Local GHM overall human modification raster; basin-year mean,CATidalMarsh_DECODE/SupportiveData/Raw/GHM_Atlantic_2000.tif,0_to_1
7060034520,81,Atlantic,0,,1053293.8,whole_basin_in_local_ghm_domain,,2005,0.20692799985408783,0.3649190366268158,384651,Local GHM overall human modification raster; basin-year mean,CATidalMarsh_DECODE/SupportiveData/Raw/GHM_Atlantic_2005.tif,0_to_1
7060034520,81,Atlantic,0,,1053293.8,whole_basin_in_local_ghm_domain,,2010,0.21059712767601013,0.3700801432132721,384651,Local GHM overall human modification raster; basin-year mean,CATidalMarsh_DECODE/SupportiveData/Raw/GHM_Atlantic_2010.tif,0_to_1
7060034520,81,Atlantic,0,,1053293.8,whole_basin_in_local_ghm_domain,,2015,0.21266034245491028,0.3725302517414093,384651,Local GHM overall human modification raster; basin-year mean,CATidalMarsh_DECODE/SupportiveData/Raw/GHM_Atlantic_2015.tif,0_to_1
7060034520,81,Atlantic,0,,1053293.8,whole_basin_in_local_ghm_domain,,2020,0.21498218178749084,0.3748113811016083,384651,Local GHM overall human modification raster; basin-year mean,CATidalMarsh_DECODE/SupportiveData/Raw/GHM_Atlantic_2020.tif,0_to_1
7060034530,82,Atlantic,1,,449.9,whole_basin_in_local_ghm_domain,,1990,0.46871620416641235,0.5658236742019653,6677,Local GHM overall human modification raster; basin-year mean,CATidalMarsh_DECODE/SupportiveData/Raw/GHM_Atlantic_1990.tif,0_to_1
7060034530,82,Atlantic,1,,449.9,whole_basin_in_local_ghm_domain,,1995,0.4916097819805145,0.5894117951393127,6677,Local GHM overall human modification raster; basin-year mean,CATidalMarsh_DECODE/SupportiveData/Raw/GHM_Atlantic_1995.tif,0_to_1
7060034530,82,Atlantic,1,,449.9,whole_basin_in_local_ghm_domain,,2000,0.49379807710647583,0.5941355228424072,6677,Local GHM overall human modification raster; basin-year mean,CATidalMarsh_DECODE/SupportiveData/Raw/GHM_Atlantic_2000.tif,0_to_1
7060034530,82,Atlantic,1,,449.9,whole_basin_in_local_ghm_domain,,2005,0.4969835877418518,0.6012941598892212,6677,Local GHM overall human modification raster; basin-year mean,CATidalMarsh_DECODE/SupportiveData/Raw/GHM_Atlantic_2005.tif,0_to_1
7060034530,82,Atlantic,1,,449.9,whole_basin_in_local_ghm_domain,,2010,0.49988964200019836,0.6045631766319275,6677,Local GHM overall human modification raster; basin-year mean,CATidalMarsh_DECODE/SupportiveData/Raw/GHM_Atlantic_2010.tif,0_to_1
7060034530,82,Atlantic,1,,449.9,whole_basin_in_local_ghm_domain,,2015,0.501984715461731,0.6106390953063965,6677,Local GHM overall human modification raster; basin-year mean,CATidalMarsh_DECODE/SupportiveData/Raw/GHM_Atlantic_2015.tif,0_to_1
7060034530,82,Atlantic,1,,449.9,whole_basin_in_local_ghm_domain,,2020,0.5048034191131592,0.6147740483283997,6677,Local GHM overall human modification raster; basin-year mean,CATidalMarsh_DECODE/SupportiveData/Raw/GHM_Atlantic_2020.tif,0_to_1
7060034570,83,Atlantic,0,,1994.6,whole_basin_in_local_ghm_domain,,1990,0.17195728421211243,0.28681525588035583,32353,Local GHM overall human modification raster; basin-year mean,CATidalMarsh_DECODE/SupportiveData/Raw/GHM_Atlantic_1990.tif,0_to_1
7060034570,83,Atlantic,0,,1994.6,whole_basin_in_local_ghm_domain,,1995,0.1820955127477646,0.2939271628856659,32353,Local GHM overall human modification raster; basin-year mean,CATidalMarsh_DECODE/SupportiveData/Raw/GHM_Atlantic_1995.tif,0_to_1
7060034570,83,Atlantic,0,,1994.6,whole_basin_in_local_ghm_domain,,2000,0.1840551495552063,0.29514506459236145,32353,Local GHM overall human modification raster; basin-year mean,CATidalMarsh_DECODE/SupportiveData/Raw/GHM_Atlantic_2000.tif,0_to_1
7060034570,83,Atlantic,0,,1994.6,whole_basin_in_local_ghm_domain,,2005,0.1850464940071106,0.2965761423110962,32353,Local GHM overall human modification raster; basin-year mean,CATidalMarsh_DECODE/SupportiveData/Raw/GHM_Atlantic_2005.tif,0_to_1
7060034570,83,Atlantic,0,,1994.6,whole_basin_in_local_ghm_domain,,2010,0.1876138299703598,0.2986682653427124,32353,Local GHM overall human modification raster; basin-year mean,CATidalMarsh_DECODE/SupportiveData/Raw/GHM_Atlantic_2010.tif,0_to_1
7060034570,83,Atlantic,0,,1994.6,whole_basin_in_local_ghm_domain,,2015,0.18951618671417236,0.3004900813102722,32353,Local GHM overall human modification raster; basin-year mean,CATidalMarsh_DECODE/SupportiveData/Raw/GHM_Atlantic_2015.tif,0_to_1
7060034570,83,Atlantic,0,,1994.6,whole_basin_in_local_ghm_domain,,2020,0.19135060906410217,0.30149045586586,32353,Local GHM overall human modification raster; basin-year mean,CATidalMarsh_DECODE/SupportiveData/Raw/GHM_Atlantic_2020.tif,0_to_1
7060034580,84,Atlantic,1,,7337.5,whole_basin_in_local_ghm_domain,,1990,0.18499214947223663,0.346285879611969,118621,Local GHM overall human modification raster; basin-year mean,CATidalMarsh_DECODE/SupportiveData/Raw/GHM_Atlantic_1990.tif,0_to_1
7060034580,84,Atlantic,1,,7337.5,whole_basin_in_local_ghm_domain,,1995,0.1950051337480545,0.36261147260665894,118621,Local GHM overall human modification raster; basin-year mean,CATidalMarsh_DECODE/SupportiveData/Raw/GHM_Atlantic_1995.tif,0_to_1
7060034580,84,Atlantic,1,,7337.5,whole_basin_in_local_ghm_domain,,2000,0.19778621196746826,0.36939987540245056,118621,Local GHM overall human modification raster; basin-year mean,CATidalMarsh_DECODE/SupportiveData/Raw/GHM_Atlantic_2000.tif,0_to_1
7060034580,84,Atlantic,1,,7337.5,whole_basin_in_local_ghm_domain,,2005,0.19973091781139374,0.37465009093284607,118621,Local GHM overall human modification raster; basin-year mean,CATidalMarsh_DECODE/SupportiveData/Raw/GHM_Atlantic_2005.tif,0_to_1
7060034580,84,Atlantic,1,,7337.5,whole_basin_in_local_ghm_domain,,2010,0.2021952122449875,0.3782235383987427,118621,Local GHM overall human modification raster; basin-year mean,CATidalMarsh_DECODE/SupportiveData/Raw/GHM_Atlantic_2010.tif,0_to_1
7060034580,84,Atlantic,1,,7337.5,whole_basin_in_local_ghm_domain,,2015,0.20441196858882904,0.38016048073768616,118621,Local GHM overall human modification raster; basin-year mean,CATidalMarsh_DECODE/SupportiveData/Raw/GHM_Atlantic_2015.tif,0_to_1
7060034580,84,Atlantic,1,,7337.5,whole_basin_in_local_ghm_domain,,2020,0.20657844841480255,0.3807334899902344,118621,Local GHM overall human modification raster; basin-year mean,CATidalMarsh_DECODE/SupportiveData/Raw/GHM_Atlantic_2020.tif,0_to_1
7060034790,85,Atlantic,0,,1806.7,whole_basin_in_local_ghm_domain,,1990,0.10521838814020157,0.11928065121173859,29425,Local GHM overall human modification raster; basin-year mean,CATidalMarsh_DECODE/SupportiveData/Raw/GHM_Atlantic_1990.tif,0_to_1
7060034790,85,Atlantic,0,,1806.7,whole_basin_in_local_ghm_domain,,1995,0.11198433488607407,0.13755401968955994,29425,Local GHM overall human modification raster; basin-year mean,CATidalMarsh_DECODE/SupportiveData/Raw/GHM_Atlantic_1995.tif,0_to_1
7060034790,85,Atlantic,0,,1806.7,whole_basin_in_local_ghm_domain,,2000,0.11342718452215195,0.1390150934457779,29425,Local GHM overall human modification raster; basin-year mean,CATidalMarsh_DECODE/SupportiveData/Raw/GHM_Atlantic_2000.tif,0_to_1
7060034790,85,Atlantic,0,,1806.7,whole_basin_in_local_ghm_domain,,2005,0.11437565088272095,0.14136646687984467,29425,Local GHM overall human modification raster; basin-year mean,CATidalMarsh_DECODE/SupportiveData/Raw/GHM_Atlantic_2005.tif,0_to_1
7060034790,85,Atlantic,0,,1806.7,whole_basin_in_local_ghm_domain,,2010,0.11596184968948364,0.14479108154773712,29425,Local GHM overall human modification raster; basin-year mean,CATidalMarsh_DECODE/SupportiveData/Raw/GHM_Atlantic_2010.tif,0_to_1
7060034790,85,Atlantic,0,,1806.7,whole_basin_in_local_ghm_domain,,2015,0.11787369847297668,0.14931242167949677,29425,Local GHM overall human modification raster; basin-year mean,CATidalMarsh_DECODE/SupportiveData/Raw/GHM_Atlantic_2015.tif,0_to_1
7060034790,85,Atlantic,0,,1806.7,whole_basin_in_local_ghm_domain,,2020,0.12117678672075272,0.15985631942749023,29425,Local GHM overall human modification raster; basin-year mean,CATidalMarsh_DECODE/SupportiveData/Raw/GHM_Atlantic_2020.tif,0_to_1
7060034800,86,Atlantic,1,,751.9,whole_basin_in_local_ghm_domain,,1990,0.20018444955348969,0.32947075366973877,12312,Local GHM overall human modification raster; basin-year mean,CATidalMarsh_DECODE/SupportiveData/Raw/GHM_Atlantic_1990.tif,0_to_1
7060034800,86,Atlantic,1,,751.9,whole_basin_in_local_ghm_domain,,1995,0.21516737341880798,0.34652215242385864,12312,Local GHM overall human modification raster; basin-year mean,CATidalMarsh_DECODE/SupportiveData/Raw/GHM_Atlantic_1995.tif,0_to_1
7060034800,86,Atlantic,1,,751.9,whole_basin_in_local_ghm_domain,,2000,0.21675999462604523,0.35055989027023315,12312,Local GHM overall human modification raster; basin-year mean,CATidalMarsh_DECODE/SupportiveData/Raw/GHM_Atlantic_2000.tif,0_to_1
7060034800,86,Atlantic,1,,751.9,whole_basin_in_local_ghm_domain,,2005,0.22027797996997833,0.3595331907272339,12312,Local GHM overall human modification raster; basin-year mean,CATidalMarsh_DECODE/SupportiveData/Raw/GHM_Atlantic_2005.tif,0_to_1
7060034800,86,Atlantic,1,,751.9,whole_basin_in_local_ghm_domain,,2010,0.22385533154010773,0.3646638095378876,12312,Local GHM overall human modification raster; basin-year mean,CATidalMarsh_DECODE/SupportiveData/Raw/GHM_Atlantic_2010.tif,0_to_1
7060034800,86,Atlantic,1,,751.9,whole_basin_in_local_ghm_domain,,2015,0.2263157069683075,0.3686084747314453,12312,Local GHM overall human modification raster; basin-year mean,CATidalMarsh_DECODE/SupportiveData/Raw/GHM_Atlantic_2015.tif,0_to_1
7060034800,86,Atlantic,1,,751.9,whole_basin_in_local_ghm_domain,,2020,0.2278221845626831,0.37040552496910095,12312,Local GHM overall human modification raster; basin-year mean,CATidalMarsh_DECODE/SupportiveData/Raw/GHM_Atlantic_2020.tif,0_to_1
7060034860,87,Atlantic,0,,1679.8,whole_basin_in_local_ghm_domain,,1990,0.05807333067059517,0.055452022701501846,28184,Local GHM overall human modification raster; basin-year mean,CATidalMarsh_DECODE/SupportiveData/Raw/GHM_Atlantic_1990.tif,0_to_1
7060034860,87,Atlantic,0,,1679.8,whole_basin_in_local_ghm_domain,,1995,0.061897989362478256,0.0647895410656929,28184,Local GHM overall human modification raster; basin-year mean,CATidalMarsh_DECODE/SupportiveData/Raw/GHM_Atlantic_1995.tif,0_to_1
7060034860,87,Atlantic,0,,1679.8,whole_basin_in_local_ghm_domain,,2000,0.06260566413402557,0.06513780355453491,28184,Local GHM overall human modification raster; basin-year mean,CATidalMarsh_DECODE/SupportiveData/Raw/GHM_Atlantic_2000.tif,0_to_1
7060034860,87,Atlantic,0,,1679.8,whole_basin_in_local_ghm_domain,,2005,0.06266600638628006,0.06447391957044601,28184,Local GHM overall human modification raster; basin-year mean,CATidalMarsh_DECODE/SupportiveData/Raw/GHM_Atlantic_2005.tif,0_to_1
7060034860,87,Atlantic,0,,1679.8,whole_basin_in_local_ghm_domain,,2010,0.06325717270374298,0.06567034125328064,28184,Local GHM overall human modification raster; basin-year mean,CATidalMarsh_DECODE/SupportiveData/Raw/GHM_Atlantic_2010.tif,0_to_1
7060034860,87,Atlantic,0,,1679.8,whole_basin_in_local_ghm_domain,,2015,0.06498447805643082,0.06879325956106186,28184,Local GHM overall human modification raster; basin-year mean,CATidalMarsh_DECODE/SupportiveData/Raw/GHM_Atlantic_2015.tif,0_to_1
7060034860,87,Atlantic,0,,1679.8,whole_basin_in_local_ghm_domain,,2020,0.06801432371139526,0.07460908591747284,28184,Local GHM overall human modification raster; basin-year mean,CATidalMarsh_DECODE/SupportiveData/Raw/GHM_Atlantic_2020.tif,0_to_1
7060034870,88,Atlantic,1,,12512.8,whole_basin_in_local_ghm_domain,,1990,0.046546775847673416,0.022630028426647186,208068,Local GHM overall human modification raster; basin-year mean,CATidalMarsh_DECODE/SupportiveData/Raw/GHM_Atlantic_1990.tif,0_to_1
7060034870,88,Atlantic,1,,12512.8,whole_basin_in_local_ghm_domain,,1995,0.05083081126213074,0.023261697962880135,208068,Local GHM overall human modification raster; basin-year mean,CATidalMarsh_DECODE/SupportiveData/Raw/GHM_Atlantic_1995.tif,0_to_1
7060034870,88,Atlantic,1,,12512.8,whole_basin_in_local_ghm_domain,,2000,0.051862992346286774,0.023412387818098068,208068,Local GHM overall human modification raster; basin-year mean,CATidalMarsh_DECODE/SupportiveData/Raw/GHM_Atlantic_2000.tif,0_to_1
7060034870,88,Atlantic,1,,12512.8,whole_basin_in_local_ghm_domain,,2005,0.05191943421959877,0.02367973141372204,208068,Local GHM overall human modification raster; basin-year mean,CATidalMarsh_DECODE/SupportiveData/Raw/GHM_Atlantic_2005.tif,0_to_1
7060034870,88,Atlantic,1,,12512.8,whole_basin_in_local_ghm_domain,,2010,0.053144533187150955,0.02484152466058731,208068,Local GHM overall human modification raster; basin-year mean,CATidalMarsh_DECODE/SupportiveData/Raw/GHM_Atlantic_2010.tif,0_to_1
7060034870,88,Atlantic,1,,12512.8,whole_basin_in_local_ghm_domain,,2015,0.05457812175154686,0.026998989284038544,208068,Local GHM overall human modification raster; basin-year mean,CATidalMarsh_DECODE/SupportiveData/Raw/GHM_Atlantic_2015.tif,0_to_1
7060034870,88,Atlantic,1,,12512.8,whole_basin_in_local_ghm_domain,,2020,0.05764297768473625,0.03536609187722206,208068,Local GHM overall human modification raster; basin-year mean,CATidalMarsh_DECODE/SupportiveData/Raw/GHM_Atlantic_2020.tif,0_to_1
7060035320,89,Atlantic,0,,2378.4,whole_basin_in_local_ghm_domain,,1990,0.012457008473575115,0.003941124305129051,39883,Local GHM overall human modification raster; basin-year mean,CATidalMarsh_DECODE/SupportiveData/Raw/GHM_Atlantic_1990.tif,0_to_1
7060035320,89,Atlantic,0,,2378.4,whole_basin_in_local_ghm_domain,,1995,0.01352748740464449,0.003967343829572201,39883,Local GHM overall human modification raster; basin-year mean,CATidalMarsh_DECODE/SupportiveData/Raw/GHM_Atlantic_1995.tif,0_to_1
7060035320,89,Atlantic,0,,2378.4,whole_basin_in_local_ghm_domain,,2000,0.013874350115656853,0.004074936266988516,39883,Local GHM overall human modification raster; basin-year mean,CATidalMarsh_DECODE/SupportiveData/Raw/GHM_Atlantic_2000.tif,0_to_1
7060035320,89,Atlantic,0,,2378.4,whole_basin_in_local_ghm_domain,,2005,0.014905164949595928,0.003308934858068824,39883,Local GHM overall human modification raster; basin-year mean,CATidalMarsh_DECODE/SupportiveData/Raw/GHM_Atlantic_2005.tif,0_to_1
7060035320,89,Atlantic,0,,2378.4,whole_basin_in_local_ghm_domain,,2010,0.01624245196580887,0.0035208421759307384,39883,Local GHM overall human modification raster; basin-year mean,CATidalMarsh_DECODE/SupportiveData/Raw/GHM_Atlantic_2010.tif,0_to_1
7060035320,89,Atlantic,0,,2378.4,whole_basin_in_local_ghm_domain,,2015,0.018865177407860756,0.003773186821490526,39883,Local GHM overall human modification raster; basin-year mean,CATidalMarsh_DECODE/SupportiveData/Raw/GHM_Atlantic_2015.tif,0_to_1
7060035320,89,Atlantic,0,,2378.4,whole_basin_in_local_ghm_domain,,2020,0.022607946768403053,0.004176964983344078,39883,Local GHM overall human modification raster; basin-year mean,CATidalMarsh_DECODE/SupportiveData/Raw/GHM_Atlantic_2020.tif,0_to_1
7060035330,90,Atlantic,1,,1732.8,whole_basin_in_local_ghm_domain,,1990,0.060599151998758316,0.025972116738557816,28969,Local GHM overall human modification raster; basin-year mean,CATidalMarsh_DECODE/SupportiveData/Raw/GHM_Atlantic_1990.tif,0_to_1
7060035330,90,Atlantic,1,,1732.8,whole_basin_in_local_ghm_domain,,1995,0.06562934070825577,0.02598494105041027,28969,Local GHM overall human modification raster; basin-year mean,CATidalMarsh_DECODE/SupportiveData/Raw/GHM_Atlantic_1995.tif,0_to_1
7060035330,90,Atlantic,1,,1732.8,whole_basin_in_local_ghm_domain,,2000,0.06671996414661407,0.027004500851035118,28969,Local GHM overall human modification raster; basin-year mean,CATidalMarsh_DECODE/SupportiveData/Raw/GHM_Atlantic_2000.tif,0_to_1
7060035330,90,Atlantic,1,,1732.8,whole_basin_in_local_ghm_domain,,2005,0.06580400466918945,0.025088462978601456,28969,Local GHM overall human modification raster; basin-year mean,CATidalMarsh_DECODE/SupportiveData/Raw/GHM_Atlantic_2005.tif,0_to_1
7060035330,90,Atlantic,1,,1732.8,whole_basin_in_local_ghm_domain,,2010,0.06649646162986755,0.026656603440642357,28969,Local GHM overall human modification raster; basin-year mean,CATidalMarsh_DECODE/SupportiveData/Raw/GHM_Atlantic_2010.tif,0_to_1
7060035330,90,Atlantic,1,,1732.8,whole_basin_in_local_ghm_domain,,2015,0.0676763579249382,0.034781716763973236,28969,Local GHM overall human modification raster; basin-year mean,CATidalMarsh_DECODE/SupportiveData/Raw/GHM_Atlantic_2015.tif,0_to_1
7060035330,90,Atlantic,1,,1732.8,whole_basin_in_local_ghm_domain,,2020,0.0684470534324646,0.0431627556681633,28969,Local GHM overall human modification raster; basin-year mean,CATidalMarsh_DECODE/SupportiveData/Raw/GHM_Atlantic_2020.tif,0_to_1
7060035360,91,Atlantic,0,,3126.0,whole_basin_in_local_ghm_domain,,1990,0.014118646271526814,0.004823610186576843,52519,Local GHM overall human modification raster; basin-year mean,CATidalMarsh_DECODE/SupportiveData/Raw/GHM_Atlantic_1990.tif,0_to_1
7060035360,91,Atlantic,0,,3126.0,whole_basin_in_local_ghm_domain,,1995,0.01457170955836773,0.004880994558334351,52519,Local GHM overall human modification raster; basin-year mean,CATidalMarsh_DECODE/SupportiveData/Raw/GHM_Atlantic_1995.tif,0_to_1
7060035360,91,Atlantic,0,,3126.0,whole_basin_in_local_ghm_domain,,2000,0.014869964681565762,0.005122305825352669,52519,Local GHM overall human modification raster; basin-year mean,CATidalMarsh_DECODE/SupportiveData/Raw/GHM_Atlantic_2000.tif,0_to_1
7060035360,91,Atlantic,0,,3126.0,whole_basin_in_local_ghm_domain,,2005,0.014129928313195705,0.004295658320188522,52519,Local GHM overall human modification raster; basin-year mean,CATidalMarsh_DECODE/SupportiveData/Raw/GHM_Atlantic_2005.tif,0_to_1
7060035360,91,Atlantic,0,,3126.0,whole_basin_in_local_ghm_domain,,2010,0.014332898892462254,0.004327264614403248,52519,Local GHM overall human modification raster; basin-year mean,CATidalMarsh_DECODE/SupportiveData/Raw/GHM_Atlantic_2010.tif,0_to_1
7060035360,91,Atlantic,0,,3126.0,whole_basin_in_local_ghm_domain,,2015,0.014888173900544643,0.0043528275564312935,52519,Local GHM overall human modification raster; basin-year mean,CATidalMarsh_DECODE/SupportiveData/Raw/GHM_Atlantic_2015.tif,0_to_1
7060035360,91,Atlantic,0,,3126.0,whole_basin_in_local_ghm_domain,,2020,0.01611120067536831,0.004509720951318741,52519,Local GHM overall human modification raster; basin-year mean,CATidalMarsh_DECODE/SupportiveData/Raw/GHM_Atlantic_2020.tif,0_to_1
7060035370,92,Atlantic,1,,2355.5,whole_basin_in_local_ghm_domain,,1990,0.061033353209495544,0.04465005546808243,39127,Local GHM overall human modification raster; basin-year mean,CATidalMarsh_DECODE/SupportiveData/Raw/GHM_Atlantic_1990.tif,0_to_1
7060035370,92,Atlantic,1,,2355.5,whole_basin_in_local_ghm_domain,,1995,0.06792151182889938,0.05451648682355881,39127,Local GHM overall human modification raster; basin-year mean,CATidalMarsh_DECODE/SupportiveData/Raw/GHM_Atlantic_1995.tif,0_to_1
7060035370,92,Atlantic,1,,2355.5,whole_basin_in_local_ghm_domain,,2000,0.0694383829832077,0.05731409043073654,39127,Local GHM overall human modification raster; basin-year mean,CATidalMarsh_DECODE/SupportiveData/Raw/GHM_Atlantic_2000.tif,0_to_1
7060035370,92,Atlantic,1,,2355.5,whole_basin_in_local_ghm_domain,,2005,0.06840161979198456,0.05521436780691147,39127,Local GHM overall human modification raster; basin-year mean,CATidalMarsh_DECODE/SupportiveData/Raw/GHM_Atlantic_2005.tif,0_to_1
7060035370,92,Atlantic,1,,2355.5,whole_basin_in_local_ghm_domain,,2010,0.06930510699748993,0.056412223726511,39127,Local GHM overall human modification raster; basin-year mean,CATidalMarsh_DECODE/SupportiveData/Raw/GHM_Atlantic_2010.tif,0_to_1
7060035370,92,Atlantic,1,,2355.5,whole_basin_in_local_ghm_domain,,2015,0.07096800953149796,0.059233296662569046,39127,Local GHM overall human modification raster; basin-year mean,CATidalMarsh_DECODE/SupportiveData/Raw/GHM_Atlantic_2015.tif,0_to_1
7060035370,92,Atlantic,1,,2355.5,whole_basin_in_local_ghm_domain,,2020,0.07397743314504623,0.06521661579608917,39127,Local GHM overall human modification raster; basin-year mean,CATidalMarsh_DECODE/SupportiveData/Raw/GHM_Atlantic_2020.tif,0_to_1
7060035470,93,Atlantic,0,,11962.9,whole_basin_in_local_ghm_domain,,1990,0.041517309844493866,0.015396051108837128,197301,Local GHM overall human modification raster; basin-year mean,CATidalMarsh_DECODE/SupportiveData/Raw/GHM_Atlantic_1990.tif,0_to_1
7060035470,93,Atlantic,0,,11962.9,whole_basin_in_local_ghm_domain,,1995,0.045001186430454254,0.01531399879604578,197301,Local GHM overall human modification raster; basin-year mean,CATidalMarsh_DECODE/SupportiveData/Raw/GHM_Atlantic_1995.tif,0_to_1
7060035470,93,Atlantic,0,,11962.9,whole_basin_in_local_ghm_domain,,2000,0.045747920870780945,0.015488781966269016,197301,Local GHM overall human modification raster; basin-year mean,CATidalMarsh_DECODE/SupportiveData/Raw/GHM_Atlantic_2000.tif,0_to_1
7060035470,93,Atlantic,0,,11962.9,whole_basin_in_local_ghm_domain,,2005,0.046320825815200806,0.015881676226854324,197301,Local GHM overall human modification raster; basin-year mean,CATidalMarsh_DECODE/SupportiveData/Raw/GHM_Atlantic_2005.tif,0_to_1
7060035470,93,Atlantic,0,,11962.9,whole_basin_in_local_ghm_domain,,2010,0.04966865852475166,0.021035263314843178,197301,Local GHM overall human modification raster; basin-year mean,CATidalMarsh_DECODE/SupportiveData/Raw/GHM_Atlantic_2010.tif,0_to_1
7060035470,93,Atlantic,0,,11962.9,whole_basin_in_local_ghm_domain,,2015,0.05615483969449997,0.04166530817747116,197301,Local GHM overall human modification raster; basin-year mean,CATidalMarsh_DECODE/SupportiveData/Raw/GHM_Atlantic_2015.tif,0_to_1
7060035470,93,Atlantic,0,,11962.9,whole_basin_in_local_ghm_domain,,2020,0.06397639960050583,0.06264965981245041,197301,Local GHM overall human modification raster; basin-year mean,CATidalMarsh_DECODE/SupportiveData/Raw/GHM_Atlantic_2020.tif,0_to_1
7060035480,94,Atlantic,1,,9678.9,whole_basin_in_local_ghm_domain,,1990,0.09493459016084671,0.12121978402137756,155036,Local GHM overall human modification raster; basin-year mean,CATidalMarsh_DECODE/SupportiveData/Raw/GHM_Atlantic_1990.tif,0_to_1
7060035480,94,Atlantic,1,,9678.9,whole_basin_in_local_ghm_domain,,1995,0.10246236622333527,0.13854140043258667,155036,Local GHM overall human modification raster; basin-year mean,CATidalMarsh_DECODE/SupportiveData/Raw/GHM_Atlantic_1995.tif,0_to_1
7060035480,94,Atlantic,1,,9678.9,whole_basin_in_local_ghm_domain,,2000,0.10436727851629257,0.14126597344875336,155036,Local GHM overall human modification raster; basin-year mean,CATidalMarsh_DECODE/SupportiveData/Raw/GHM_Atlantic_2000.tif,0_to_1
7060035480,94,Atlantic,1,,9678.9,whole_basin_in_local_ghm_domain,,2005,0.10442610830068588,0.14183025062084198,155036,Local GHM overall human modification raster; basin-year mean,CATidalMarsh_DECODE/SupportiveData/Raw/GHM_Atlantic_2005.tif,0_to_1
7060035480,94,Atlantic,1,,9678.9,whole_basin_in_local_ghm_domain,,2010,0.10778189450502396,0.1483631730079651,155036,Local GHM overall human modification raster; basin-year mean,CATidalMarsh_DECODE/SupportiveData/Raw/GHM_Atlantic_2010.tif,0_to_1
7060035480,94,Atlantic,1,,9678.9,whole_basin_in_local_ghm_domain,,2015,0.11379655450582504,0.16179044544696808,155036,Local GHM overall human modification raster; basin-year mean,CATidalMarsh_DECODE/SupportiveData/Raw/GHM_Atlantic_2015.tif,0_to_1
7060035480,94,Atlantic,1,,9678.9,whole_basin_in_local_ghm_domain,,2020,0.12043382227420807,0.17686676979064941,155036,Local GHM overall human modification raster; basin-year mean,CATidalMarsh_DECODE/SupportiveData/Raw/GHM_Atlantic_2020.tif,0_to_1
7060035860,95,Atlantic,0,,11751.9,whole_basin_in_local_ghm_domain,,1990,0.032580435276031494,0.01128477230668068,189521,Local GHM overall human modification raster; basin-year mean,CATidalMarsh_DECODE/SupportiveData/Raw/GHM_Atlantic_1990.tif,0_to_1
7060035860,95,Atlantic,0,,11751.9,whole_basin_in_local_ghm_domain,,1995,0.03457334637641907,0.011251326650381088,189521,Local GHM overall human modification raster; basin-year mean,CATidalMarsh_DECODE/SupportiveData/Raw/GHM_Atlantic_1995.tif,0_to_1
7060035860,95,Atlantic,0,,11751.9,whole_basin_in_local_ghm_domain,,2000,0.03504767268896103,0.011549006216228008,189521,Local GHM overall human modification raster; basin-year mean,CATidalMarsh_DECODE/SupportiveData/Raw/GHM_Atlantic_2000.tif,0_to_1
7060035860,95,Atlantic,0,,11751.9,whole_basin_in_local_ghm_domain,,2005,0.03654174506664276,0.012562287040054798,189521,Local GHM overall human modification raster; basin-year mean,CATidalMarsh_DECODE/SupportiveData/Raw/GHM_Atlantic_2005.tif,0_to_1
7060035860,95,Atlantic,0,,11751.9,whole_basin_in_local_ghm_domain,,2010,0.0401705764234066,0.015667879953980446,189521,Local GHM overall human modification raster; basin-year mean,CATidalMarsh_DECODE/SupportiveData/Raw/GHM_Atlantic_2010.tif,0_to_1
7060035860,95,Atlantic,0,,11751.9,whole_basin_in_local_ghm_domain,,2015,0.0469340905547142,0.02848048508167267,189521,Local GHM overall human modification raster; basin-year mean,CATidalMarsh_DECODE/SupportiveData/Raw/GHM_Atlantic_2015.tif,0_to_1
7060035860,95,Atlantic,0,,11751.9,whole_basin_in_local_ghm_domain,,2020,0.05437806621193886,0.051777392625808716,189521,Local GHM overall human modification raster; basin-year mean,CATidalMarsh_DECODE/SupportiveData/Raw/GHM_Atlantic_2020.tif,0_to_1
7060035870,96,Atlantic,1,,28248.4,whole_basin_in_local_ghm_domain,,1990,0.09961199015378952,0.10727860033512115,417475,Local GHM overall human modification raster; basin-year mean,CATidalMarsh_DECODE/SupportiveData/Raw/GHM_Atlantic_1990.tif,0_to_1
7060035870,96,Atlantic,1,,28248.4,whole_basin_in_local_ghm_domain,,1995,0.1056857630610466,0.12082290649414062,417475,Local GHM overall human modification raster; basin-year mean,CATidalMarsh_DECODE/SupportiveData/Raw/GHM_Atlantic_1995.tif,0_to_1
7060035870,96,Atlantic,1,,28248.4,whole_basin_in_local_ghm_domain,,2000,0.10754583030939102,0.12323184311389923,417475,Local GHM overall human modification raster; basin-year mean,CATidalMarsh_DECODE/SupportiveData/Raw/GHM_Atlantic_2000.tif,0_to_1
7060035870,96,Atlantic,1,,28248.4,whole_basin_in_local_ghm_domain,,2005,0.10938267409801483,0.12660497426986694,417475,Local GHM overall human modification raster; basin-year mean,CATidalMarsh_DECODE/SupportiveData/Raw/GHM_Atlantic_2005.tif,0_to_1
7060035870,96,Atlantic,1,,28248.4,whole_basin_in_local_ghm_domain,,2010,0.11204975098371506,0.13145974278450012,417475,Local GHM overall human modification raster; basin-year mean,CATidalMarsh_DECODE/SupportiveData/Raw/GHM_Atlantic_2010.tif,0_to_1
7060035870,96,Atlantic,1,,28248.4,whole_basin_in_local_ghm_domain,,2015,0.11509986221790314,0.1369035691022873,417475,Local GHM overall human modification raster; basin-year mean,CATidalMarsh_DECODE/SupportiveData/Raw/GHM_Atlantic_2015.tif,0_to_1
7060035870,96,Atlantic,1,,28248.4,whole_basin_in_local_ghm_domain,,2020,0.11850316822528839,0.14387565851211548,417475,Local GHM overall human modification raster; basin-year mean,CATidalMarsh_DECODE/SupportiveData/Raw/GHM_Atlantic_2020.tif,0_to_1
7060037340,97,Atlantic,0,,1942.6,whole_basin_in_local_ghm_domain,,1990,0.024287065491080284,0.012553922832012177,25921,Local GHM overall human modification raster; basin-year mean,CATidalMarsh_DECODE/SupportiveData/Raw/GHM_Atlantic_1990.tif,0_to_1
7060037340,97,Atlantic,0,,1942.6,whole_basin_in_local_ghm_domain,,1995,0.02507733553647995,0.012439152225852013,25921,Local GHM overall human modification raster; basin-year mean,CATidalMarsh_DECODE/SupportiveData/Raw/GHM_Atlantic_1995.tif,0_to_1
7060037340,97,Atlantic,0,,1942.6,whole_basin_in_local_ghm_domain,,2000,0.025219066068530083,0.012377851642668247,25921,Local GHM overall human modification raster; basin-year mean,CATidalMarsh_DECODE/SupportiveData/Raw/GHM_Atlantic_2000.tif,0_to_1
7060037340,97,Atlantic,0,,1942.6,whole_basin_in_local_ghm_domain,,2005,0.025895386934280396,0.0124821113422513,25921,Local GHM overall human modification raster; basin-year mean,CATidalMarsh_DECODE/SupportiveData/Raw/GHM_Atlantic_2005.tif,0_to_1
7060037340,97,Atlantic,0,,1942.6,whole_basin_in_local_ghm_domain,,2010,0.02821633592247963,0.013233710080385208,25921,Local GHM overall human modification raster; basin-year mean,CATidalMarsh_DECODE/SupportiveData/Raw/GHM_Atlantic_2010.tif,0_to_1
7060037340,97,Atlantic,0,,1942.6,whole_basin_in_local_ghm_domain,,2015,0.030299074947834015,0.014113696292042732,25921,Local GHM overall human modification raster; basin-year mean,CATidalMarsh_DECODE/SupportiveData/Raw/GHM_Atlantic_2015.tif,0_to_1
7060037340,97,Atlantic,0,,1942.6,whole_basin_in_local_ghm_domain,,2020,0.032948076725006104,0.015028894878923893,25921,Local GHM overall human modification raster; basin-year mean,CATidalMarsh_DECODE/SupportiveData/Raw/GHM_Atlantic_2020.tif,0_to_1
7060037350,98,Atlantic,1,,8909.5,whole_basin_in_local_ghm_domain,,1990,0.06114250421524048,0.05872379615902901,124841,Local GHM overall human modification raster; basin-year mean,CATidalMarsh_DECODE/SupportiveData/Raw/GHM_Atlantic_1990.tif,0_to_1
7060037350,98,Atlantic,1,,8909.5,whole_basin_in_local_ghm_domain,,1995,0.06414676457643509,0.061288394033908844,124841,Local GHM overall human modification raster; basin-year mean,CATidalMarsh_DECODE/SupportiveData/Raw/GHM_Atlantic_1995.tif,0_to_1
7060037350,98,Atlantic,1,,8909.5,whole_basin_in_local_ghm_domain,,2000,0.06493338942527771,0.06100422888994217,124841,Local GHM overall human modification raster; basin-year mean,CATidalMarsh_DECODE/SupportiveData/Raw/GHM_Atlantic_2000.tif,0_to_1
7060037350,98,Atlantic,1,,8909.5,whole_basin_in_local_ghm_domain,,2005,0.065786212682724,0.0610930472612381,124841,Local GHM overall human modification raster; basin-year mean,CATidalMarsh_DECODE/SupportiveData/Raw/GHM_Atlantic_2005.tif,0_to_1
7060037350,98,Atlantic,1,,8909.5,whole_basin_in_local_ghm_domain,,2010,0.06770315021276474,0.06360061466693878,124841,Local GHM overall human modification raster; basin-year mean,CATidalMarsh_DECODE/SupportiveData/Raw/GHM_Atlantic_2010.tif,0_to_1
7060037350,98,Atlantic,1,,8909.5,whole_basin_in_local_ghm_domain,,2015,0.06943269073963165,0.06702332198619843,124841,Local GHM overall human modification raster; basin-year mean,CATidalMarsh_DECODE/SupportiveData/Raw/GHM_Atlantic_2015.tif,0_to_1
7060037350,98,Atlantic,1,,8909.5,whole_basin_in_local_ghm_domain,,2020,0.07283931225538254,0.07314839214086533,124841,Local GHM overall human modification raster; basin-year mean,CATidalMarsh_DECODE/SupportiveData/Raw/GHM_Atlantic_2020.tif,0_to_1
7060037690,99,Atlantic,0,,1605.9,whole_basin_in_local_ghm_domain,,1990,0.1484559029340744,0.23103593289852142,24562,Local GHM overall human modification raster; basin-year mean,CATidalMarsh_DECODE/SupportiveData/Raw/GHM_Atlantic_1990.tif,0_to_1
7060037690,99,Atlantic,0,,1605.9,whole_basin_in_local_ghm_domain,,1995,0.15716618299484253,0.25277918577194214,24562,Local GHM overall human modification raster; basin-year mean,CATidalMarsh_DECODE/SupportiveData/Raw/GHM_Atlantic_1995.tif,0_to_1
7060037690,99,Atlantic,0,,1605.9,whole_basin_in_local_ghm_domain,,2000,0.15923325717449188,0.25725695490837097,24562,Local GHM overall human modification raster; basin-year mean,CATidalMarsh_DECODE/SupportiveData/Raw/GHM_Atlantic_2000.tif,0_to_1
7060037690,99,Atlantic,0,,1605.9,whole_basin_in_local_ghm_domain,,2005,0.16213837265968323,0.26498836278915405,24562,Local GHM overall human modification raster; basin-year mean,CATidalMarsh_DECODE/SupportiveData/Raw/GHM_Atlantic_2005.tif,0_to_1
7060037690,99,Atlantic,0,,1605.9,whole_basin_in_local_ghm_domain,,2010,0.16713155806064606,0.2802988290786743,24562,Local GHM overall human modification raster; basin-year mean,CATidalMarsh_DECODE/SupportiveData/Raw/GHM_Atlantic_2010.tif,0_to_1
7060037690,99,Atlantic,0,,1605.9,whole_basin_in_local_ghm_domain,,2015,0.1717962771654129,0.29076817631721497,24562,Local GHM overall human modification raster; basin-year mean,CATidalMarsh_DECODE/SupportiveData/Raw/GHM_Atlantic_2015.tif,0_to_1
7060037690,99,Atlantic,0,,1605.9,whole_basin_in_local_ghm_domain,,2020,0.176088348031044,0.2984980344772339,24562,Local GHM overall human modification raster; basin-year mean,CATidalMarsh_DECODE/SupportiveData/Raw/GHM_Atlantic_2020.tif,0_to_1
7060037700,100,Atlantic,1,,4221.6,whole_basin_in_local_ghm_domain,,1990,0.1479959487915039,0.19998162984848022,63934,Local GHM overall human modification raster; basin-year mean,CATidalMarsh_DECODE/SupportiveData/Raw/GHM_Atlantic_1990.tif,0_to_1
7060037700,100,Atlantic,1,,4221.6,whole_basin_in_local_ghm_domain,,1995,0.15539033710956573,0.21707341074943542,63934,Local GHM overall human modification raster; basin-year mean,CATidalMarsh_DECODE/SupportiveData/Raw/GHM_Atlantic_1995.tif,0_to_1
7060037700,100,Atlantic,1,,4221.6,whole_basin_in_local_ghm_domain,,2000,0.157174751162529,0.22079694271087646,63934,Local GHM overall human modification raster; basin-year mean,CATidalMarsh_DECODE/SupportiveData/Raw/GHM_Atlantic_2000.tif,0_to_1
7060037700,100,Atlantic,1,,4221.6,whole_basin_in_local_ghm_domain,,2005,0.1610240936279297,0.23039959371089935,63934,Local GHM overall human modification raster; basin-year mean,CATidalMarsh_DECODE/SupportiveData/Raw/GHM_Atlantic_2005.tif,0_to_1
7060037700,100,Atlantic,1,,4221.6,whole_basin_in_local_ghm_domain,,2010,0.1645885556936264,0.24006614089012146,63934,Local GHM overall human modification raster; basin-year mean,CATidalMarsh_DECODE/SupportiveData/Raw/GHM_Atlantic_2010.tif,0_to_1
7060037700,100,Atlantic,1,,4221.6,whole_basin_in_local_ghm_domain,,2015,0.16847726702690125,0.25249993801116943,63934,Local GHM overall human modification raster; basin-year mean,CATidalMarsh_DECODE/SupportiveData/Raw/GHM_Atlantic_2015.tif,0_to_1
7060037700,100,Atlantic,1,,4221.6,whole_basin_in_local_ghm_domain,,2020,0.17299263179302216,0.26743215322494507,63934,Local GHM overall human modification raster; basin-year mean,CATidalMarsh_DECODE/SupportiveData/Raw/GHM_Atlantic_2020.tif,0_to_1
7060037890,101,Atlantic,0,,2478.4,whole_basin_in_local_ghm_domain,,1990,0.1420402228832245,0.1745755672454834,38192,Local GHM overall human modification raster; basin-year mean,CATidalMarsh_DECODE/SupportiveData/Raw/GHM_Atlantic_1990.tif,0_to_1
7060037890,101,Atlantic,0,,2478.4,whole_basin_in_local_ghm_domain,,1995,0.15152958035469055,0.19959938526153564,38192,Local GHM overall human modification raster; basin-year mean,CATidalMarsh_DECODE/SupportiveData/Raw/GHM_Atlantic_1995.tif,0_to_1
7060037890,101,Atlantic,0,,2478.4,whole_basin_in_local_ghm_domain,,2000,0.15404663980007172,0.2035488784313202,38192,Local GHM overall human modification raster; basin-year mean,CATidalMarsh_DECODE/SupportiveData/Raw/GHM_Atlantic_2000.tif,0_to_1
7060037890,101,Atlantic,0,,2478.4,whole_basin_in_local_ghm_domain,,2005,0.16082488000392914,0.21881262958049774,38192,Local GHM overall human modification raster; basin-year mean,CATidalMarsh_DECODE/SupportiveData/Raw/GHM_Atlantic_2005.tif,0_to_1
7060037890,101,Atlantic,0,,2478.4,whole_basin_in_local_ghm_domain,,2010,0.16606052219867706,0.229306161403656,38192,Local GHM overall human modification raster; basin-year mean,CATidalMarsh_DECODE/SupportiveData/Raw/GHM_Atlantic_2010.tif,0_to_1
7060037890,101,Atlantic,0,,2478.4,whole_basin_in_local_ghm_domain,,2015,0.16942252218723297,0.23648513853549957,38192,Local GHM overall human modification raster; basin-year mean,CATidalMarsh_DECODE/SupportiveData/Raw/GHM_Atlantic_2015.tif,0_to_1
7060037890,101,Atlantic,0,,2478.4,whole_basin_in_local_ghm_domain,,2020,0.17298351228237152,0.24289193749427795,38192,Local GHM overall human modification raster; basin-year mean,CATidalMarsh_DECODE/SupportiveData/Raw/GHM_Atlantic_2020.tif,0_to_1
7060037900,102,Atlantic,1,,5365.3,whole_basin_in_local_ghm_domain,,1990,0.11674977093935013,0.13003119826316833,84153,Local GHM overall human modification raster; basin-year mean,CATidalMarsh_DECODE/SupportiveData/Raw/GHM_Atlantic_1990.tif,0_to_1
7060037900,102,Atlantic,1,,5365.3,whole_basin_in_local_ghm_domain,,1995,0.12382955849170685,0.1468765288591385,84153,Local GHM overall human modification raster; basin-year mean,CATidalMarsh_DECODE/SupportiveData/Raw/GHM_Atlantic_1995.tif,0_to_1
7060037900,102,Atlantic,1,,5365.3,whole_basin_in_local_ghm_domain,,2000,0.12603701651096344,0.14967887103557587,84153,Local GHM overall human modification raster; basin-year mean,CATidalMarsh_DECODE/SupportiveData/Raw/GHM_Atlantic_2000.tif,0_to_1
7060037900,102,Atlantic,1,,5365.3,whole_basin_in_local_ghm_domain,,2005,0.12872062623500824,0.15471000969409943,84153,Local GHM overall human modification raster; basin-year mean,CATidalMarsh_DECODE/SupportiveData/Raw/GHM_Atlantic_2005.tif,0_to_1
7060037900,102,Atlantic,1,,5365.3,whole_basin_in_local_ghm_domain,,2010,0.13229280710220337,0.16403180360794067,84153,Local GHM overall human modification raster; basin-year mean,CATidalMarsh_DECODE/SupportiveData/Raw/GHM_Atlantic_2010.tif,0_to_1
7060037900,102,Atlantic,1,,5365.3,whole_basin_in_local_ghm_domain,,2015,0.1361888200044632,0.1751045435667038,84153,Local GHM overall human modification raster; basin-year mean,CATidalMarsh_DECODE/SupportiveData/Raw/GHM_Atlantic_2015.tif,0_to_1
7060037900,102,Atlantic,1,,5365.3,whole_basin_in_local_ghm_domain,,2020,0.14071328938007355,0.18700797855854034,84153,Local GHM overall human modification raster; basin-year mean,CATidalMarsh_DECODE/SupportiveData/Raw/GHM_Atlantic_2020.tif,0_to_1
7060038180,103,Atlantic,0,,1982.4,whole_basin_in_local_ghm_domain,,1990,0.20158326625823975,0.3244874179363251,31440,Local GHM overall human modification raster; basin-year mean,CATidalMarsh_DECODE/SupportiveData/Raw/GHM_Atlantic_1990.tif,0_to_1
7060038180,103,Atlantic,0,,1982.4,whole_basin_in_local_ghm_domain,,1995,0.21563531458377838,0.3470960855484009,31440,Local GHM overall human modification raster; basin-year mean,CATidalMarsh_DECODE/SupportiveData/Raw/GHM_Atlantic_1995.tif,0_to_1
7060038180,103,Atlantic,0,,1982.4,whole_basin_in_local_ghm_domain,,2000,0.21903106570243835,0.34987616539001465,31440,Local GHM overall human modification raster; basin-year mean,CATidalMarsh_DECODE/SupportiveData/Raw/GHM_Atlantic_2000.tif,0_to_1
7060038180,103,Atlantic,0,,1982.4,whole_basin_in_local_ghm_domain,,2005,0.22462551295757294,0.35627251863479614,31440,Local GHM overall human modification raster; basin-year mean,CATidalMarsh_DECODE/SupportiveData/Raw/GHM_Atlantic_2005.tif,0_to_1
7060038180,103,Atlantic,0,,1982.4,whole_basin_in_local_ghm_domain,,2010,0.233224555850029,0.36941906809806824,31440,Local GHM overall human modification raster; basin-year mean,CATidalMarsh_DECODE/SupportiveData/Raw/GHM_Atlantic_2010.tif,0_to_1
7060038180,103,Atlantic,0,,1982.4,whole_basin_in_local_ghm_domain,,2015,0.24027782678604126,0.3761647939682007,31440,Local GHM overall human modification raster; basin-year mean,CATidalMarsh_DECODE/SupportiveData/Raw/GHM_Atlantic_2015.tif,0_to_1
7060038180,103,Atlantic,0,,1982.4,whole_basin_in_local_ghm_domain,,2020,0.2448175549507141,0.3802151083946228,31440,Local GHM overall human modification raster; basin-year mean,CATidalMarsh_DECODE/SupportiveData/Raw/GHM_Atlantic_2020.tif,0_to_1
7060038190,104,Atlantic,1,,2090.3,whole_basin_in_local_ghm_domain,,1990,0.08678226917982101,0.08690562844276428,32114,Local GHM overall human modification raster; basin-year mean,CATidalMarsh_DECODE/SupportiveData/Raw/GHM_Atlantic_1990.tif,0_to_1
7060038190,104,Atlantic,1,,2090.3,whole_basin_in_local_ghm_domain,,1995,0.09159043431282043,0.09759145975112915,32114,Local GHM overall human modification raster; basin-year mean,CATidalMarsh_DECODE/SupportiveData/Raw/GHM_Atlantic_1995.tif,0_to_1
7060038190,104,Atlantic,1,,2090.3,whole_basin_in_local_ghm_domain,,2000,0.09297832101583481,0.09927202761173248,32114,Local GHM overall human modification raster; basin-year mean,CATidalMarsh_DECODE/SupportiveData/Raw/GHM_Atlantic_2000.tif,0_to_1
7060038190,104,Atlantic,1,,2090.3,whole_basin_in_local_ghm_domain,,2005,0.09354560077190399,0.0995674803853035,32114,Local GHM overall human modification raster; basin-year mean,CATidalMarsh_DECODE/SupportiveData/Raw/GHM_Atlantic_2005.tif,0_to_1
7060038190,104,Atlantic,1,,2090.3,whole_basin_in_local_ghm_domain,,2010,0.09681741893291473,0.10339067131280899,32114,Local GHM overall human modification raster; basin-year mean,CATidalMarsh_DECODE/SupportiveData/Raw/GHM_Atlantic_2010.tif,0_to_1
7060038190,104,Atlantic,1,,2090.3,whole_basin_in_local_ghm_domain,,2015,0.09945273399353027,0.10692787170410156,32114,Local GHM overall human modification raster; basin-year mean,CATidalMarsh_DECODE/SupportiveData/Raw/GHM_Atlantic_2015.tif,0_to_1
7060038190,104,Atlantic,1,,2090.3,whole_basin_in_local_ghm_domain,,2020,0.103877492249012,0.11392500251531601,32114,Local GHM overall human modification raster; basin-year mean,CATidalMarsh_DECODE/SupportiveData/Raw/GHM_Atlantic_2020.tif,0_to_1
7060038320,105,Atlantic,0,,54912.8,whole_basin_in_local_ghm_domain,,1990,0.1155141144990921,0.12394837290048599,93690,Local GHM overall human modification raster; basin-year mean,CATidalMarsh_DECODE/SupportiveData/Raw/GHM_Atlantic_1990.tif,0_to_1
7060038320,105,Atlantic,0,,54912.8,whole_basin_in_local_ghm_domain,,1995,0.12115515023469925,0.13771696388721466,93690,Local GHM overall human modification raster; basin-year mean,CATidalMarsh_DECODE/SupportiveData/Raw/GHM_Atlantic_1995.tif,0_to_1
7060038320,105,Atlantic,0,,54912.8,whole_basin_in_local_ghm_domain,,2000,0.12275728583335876,0.14002861082553864,93690,Local GHM overall human modification raster; basin-year mean,CATidalMarsh_DECODE/SupportiveData/Raw/GHM_Atlantic_2000.tif,0_to_1
7060038320,105,Atlantic,0,,54912.8,whole_basin_in_local_ghm_domain,,2005,0.12393102049827576,0.1415322870016098,93690,Local GHM overall human modification raster; basin-year mean,CATidalMarsh_DECODE/SupportiveData/Raw/GHM_Atlantic_2005.tif,0_to_1
7060038320,105,Atlantic,0,,54912.8,whole_basin_in_local_ghm_domain,,2010,0.12778982520103455,0.14925290644168854,93690,Local GHM overall human modification raster; basin-year mean,CATidalMarsh_DECODE/SupportiveData/Raw/GHM_Atlantic_2010.tif,0_to_1
7060038320,105,Atlantic,0,,54912.8,whole_basin_in_local_ghm_domain,,2015,0.1326943188905716,0.16131745278835297,93690,Local GHM overall human modification raster; basin-year mean,CATidalMarsh_DECODE/SupportiveData/Raw/GHM_Atlantic_2015.tif,0_to_1
7060038320,105,Atlantic,0,,54912.8,whole_basin_in_local_ghm_domain,,2020,0.13709716498851776,0.17350825667381287,93690,Local GHM overall human modification raster; basin-year mean,CATidalMarsh_DECODE/SupportiveData/Raw/GHM_Atlantic_2020.tif,0_to_1
7060390740,106,Atlantic,0,,44953.6,whole_basin_in_local_ghm_domain,,1990,0.12911690771579742,0.1586979627609253,171040,Local GHM overall human modification raster; basin-year mean,CATidalMarsh_DECODE/SupportiveData/Raw/GHM_Atlantic_1990.tif,0_to_1
7060390740,106,Atlantic,0,,44953.6,whole_basin_in_local_ghm_domain,,1995,0.13502730429172516,0.17177796363830566,171040,Local GHM overall human modification raster; basin-year mean,CATidalMarsh_DECODE/SupportiveData/Raw/GHM_Atlantic_1995.tif,0_to_1
7060390740,106,Atlantic,0,,44953.6,whole_basin_in_local_ghm_domain,,2000,0.13798992335796356,0.1768825203180313,171040,Local GHM overall human modification raster; basin-year mean,CATidalMarsh_DECODE/SupportiveData/Raw/GHM_Atlantic_2000.tif,0_to_1
7060390740,106,Atlantic,0,,44953.6,whole_basin_in_local_ghm_domain,,2005,0.14011116325855255,0.18103286623954773,171040,Local GHM overall human modification raster; basin-year mean,CATidalMarsh_DECODE/SupportiveData/Raw/GHM_Atlantic_2005.tif,0_to_1
7060390740,106,Atlantic,0,,44953.6,whole_basin_in_local_ghm_domain,,2010,0.14481094479560852,0.19354653358459473,171040,Local GHM overall human modification raster; basin-year mean,CATidalMarsh_DECODE/SupportiveData/Raw/GHM_Atlantic_2010.tif,0_to_1
7060390740,106,Atlantic,0,,44953.6,whole_basin_in_local_ghm_domain,,2015,0.15056054294109344,0.21272043883800507,171040,Local GHM overall human modification raster; basin-year mean,CATidalMarsh_DECODE/SupportiveData/Raw/GHM_Atlantic_2015.tif,0_to_1
7060390740,106,Atlantic,0,,44953.6,whole_basin_in_local_ghm_domain,,2020,0.15654036402702332,0.23269876837730408,171040,Local GHM overall human modification raster; basin-year mean,CATidalMarsh_DECODE/SupportiveData/Raw/GHM_Atlantic_2020.tif,0_to_1
7060390750,107,Atlantic,0,,3823.6,whole_basin_in_local_ghm_domain,,1990,0.048874132335186005,0.04381745308637619,58029,Local GHM overall human modification raster; basin-year mean,CATidalMarsh_DECODE/SupportiveData/Raw/GHM_Atlantic_1990.tif,0_to_1
7060390750,107,Atlantic,0,,3823.6,whole_basin_in_local_ghm_domain,,1995,0.052168309688568115,0.04722973704338074,58029,Local GHM overall human modification raster; basin-year mean,CATidalMarsh_DECODE/SupportiveData/Raw/GHM_Atlantic_1995.tif,0_to_1
7060390750,107,Atlantic,0,,3823.6,whole_basin_in_local_ghm_domain,,2000,0.05302262678742409,0.048563405871391296,58029,Local GHM overall human modification raster; basin-year mean,CATidalMarsh_DECODE/SupportiveData/Raw/GHM_Atlantic_2000.tif,0_to_1
7060390750,107,Atlantic,0,,3823.6,whole_basin_in_local_ghm_domain,,2005,0.053708042949438095,0.048980072140693665,58029,Local GHM overall human modification raster; basin-year mean,CATidalMarsh_DECODE/SupportiveData/Raw/GHM_Atlantic_2005.tif,0_to_1
7060390750,107,Atlantic,0,,3823.6,whole_basin_in_local_ghm_domain,,2010,0.055387262254953384,0.05150032415986061,58029,Local GHM overall human modification raster; basin-year mean,CATidalMarsh_DECODE/SupportiveData/Raw/GHM_Atlantic_2010.tif,0_to_1
7060390750,107,Atlantic,0,,3823.6,whole_basin_in_local_ghm_domain,,2015,0.061350252479314804,0.06274378299713135,58029,Local GHM overall human modification raster; basin-year mean,CATidalMarsh_DECODE/SupportiveData/Raw/GHM_Atlantic_2015.tif,0_to_1
7060390750,107,Atlantic,0,,3823.6,whole_basin_in_local_ghm_domain,,2020,0.06837113946676254,0.07498720288276672,58029,Local GHM overall human modification raster; basin-year mean,CATidalMarsh_DECODE/SupportiveData/Raw/GHM_Atlantic_2020.tif,0_to_1
7060038330,109,Atlantic,1,,44.4,whole_basin_in_local_ghm_domain,,1990,0.3750559985637665,0.6978294849395752,527,Local GHM overall human modification raster; basin-year mean,CATidalMarsh_DECODE/SupportiveData/Raw/GHM_Atlantic_1990.tif,0_to_1
7060038330,109,Atlantic,1,,44.4,whole_basin_in_local_ghm_domain,,1995,0.4126468300819397,0.7411904335021973,527,Local GHM overall human modification raster; basin-year mean,CATidalMarsh_DECODE/SupportiveData/Raw/GHM_Atlantic_1995.tif,0_to_1
7060038330,109,Atlantic,1,,44.4,whole_basin_in_local_ghm_domain,,2000,0.4206593930721283,0.7567011117935181,527,Local GHM overall human modification raster; basin-year mean,CATidalMarsh_DECODE/SupportiveData/Raw/GHM_Atlantic_2000.tif,0_to_1
7060038330,109,Atlantic,1,,44.4,whole_basin_in_local_ghm_domain,,2005,0.42682361602783203,0.7693682909011841,527,Local GHM overall human modification raster; basin-year mean,CATidalMarsh_DECODE/SupportiveData/Raw/GHM_Atlantic_2005.tif,0_to_1
7060038330,109,Atlantic,1,,44.4,whole_basin_in_local_ghm_domain,,2010,0.44205817580223083,0.7799495458602905,527,Local GHM overall human modification raster; basin-year mean,CATidalMarsh_DECODE/SupportiveData/Raw/GHM_Atlantic_2010.tif,0_to_1
7060038330,109,Atlantic,1,,44.4,whole_basin_in_local_ghm_domain,,2015,0.4541783928871155,0.7945631742477417,527,Local GHM overall human modification raster; basin-year mean,CATidalMarsh_DECODE/SupportiveData/Raw/GHM_Atlantic_2015.tif,0_to_1
7060038330,109,Atlantic,1,,44.4,whole_basin_in_local_ghm_domain,,2020,0.4658592939376831,0.807905912399292,527,Local GHM overall human modification raster; basin-year mean,CATidalMarsh_DECODE/SupportiveData/Raw/GHM_Atlantic_2020.tif,0_to_1
7060038340,110,Atlantic,1,,17513.9,whole_basin_in_local_ghm_domain,,1990,0.07511664927005768,0.07582558691501617,103154,Local GHM overall human modification raster; basin-year mean,CATidalMarsh_DECODE/SupportiveData/Raw/GHM_Atlantic_1990.tif,0_to_1
7060038340,110,Atlantic,1,,17513.9,whole_basin_in_local_ghm_domain,,1995,0.0790632888674736,0.08194442093372345,103154,Local GHM overall human modification raster; basin-year mean,CATidalMarsh_DECODE/SupportiveData/Raw/GHM_Atlantic_1995.tif,0_to_1
7060038340,110,Atlantic,1,,17513.9,whole_basin_in_local_ghm_domain,,2000,0.08116869628429413,0.08411803841590881,103154,Local GHM overall human modification raster; basin-year mean,CATidalMarsh_DECODE/SupportiveData/Raw/GHM_Atlantic_2000.tif,0_to_1
7060038340,110,Atlantic,1,,17513.9,whole_basin_in_local_ghm_domain,,2005,0.0822763741016388,0.08498050272464752,103154,Local GHM overall human modification raster; basin-year mean,CATidalMarsh_DECODE/SupportiveData/Raw/GHM_Atlantic_2005.tif,0_to_1
7060038340,110,Atlantic,1,,17513.9,whole_basin_in_local_ghm_domain,,2010,0.08477309346199036,0.0885232537984848,103154,Local GHM overall human modification raster; basin-year mean,CATidalMarsh_DECODE/SupportiveData/Raw/GHM_Atlantic_2010.tif,0_to_1
7060038340,110,Atlantic,1,,17513.9,whole_basin_in_local_ghm_domain,,2015,0.08933787792921066,0.09445306658744812,103154,Local GHM overall human modification raster; basin-year mean,CATidalMarsh_DECODE/SupportiveData/Raw/GHM_Atlantic_2015.tif,0_to_1
7060038340,110,Atlantic,1,,17513.9,whole_basin_in_local_ghm_domain,,2020,0.09400257468223572,0.10163719207048416,103154,Local GHM overall human modification raster; basin-year mean,CATidalMarsh_DECODE/SupportiveData/Raw/GHM_Atlantic_2020.tif,0_to_1
7060055790,113,Pacific,1,,1964.7,whole_basin_in_local_ghm_domain,,1990,0.020064162090420723,0.007252695504575968,31973,Local GHM overall human modification raster; basin-year mean,CATidalMarsh_DECODE/SupportiveData/Raw/GHM_Pacific_1990.tif,0_to_1
7060055790,113,Pacific,1,,1964.7,whole_basin_in_local_ghm_domain,,1995,0.021739207208156586,0.008038446307182312,31973,Local GHM overall human modification raster; basin-year mean,CATidalMarsh_DECODE/SupportiveData/Raw/GHM_Pacific_1995.tif,0_to_1
7060055790,113,Pacific,1,,1964.7,whole_basin_in_local_ghm_domain,,2000,0.02241484262049198,0.00823807530105114,31973,Local GHM overall human modification raster; basin-year mean,CATidalMarsh_DECODE/SupportiveData/Raw/GHM_Pacific_2000.tif,0_to_1
7060055790,113,Pacific,1,,1964.7,whole_basin_in_local_ghm_domain,,2005,0.03178147226572037,0.009709293954074383,31973,Local GHM overall human modification raster; basin-year mean,CATidalMarsh_DECODE/SupportiveData/Raw/GHM_Pacific_2005.tif,0_to_1
7060055790,113,Pacific,1,,1964.7,whole_basin_in_local_ghm_domain,,2010,0.04266154766082764,0.011875966563820839,31973,Local GHM overall human modification raster; basin-year mean,CATidalMarsh_DECODE/SupportiveData/Raw/GHM_Pacific_2010.tif,0_to_1
7060055790,113,Pacific,1,,1964.7,whole_basin_in_local_ghm_domain,,2015,0.060966961085796356,0.04880387708544731,31973,Local GHM overall human modification raster; basin-year mean,CATidalMarsh_DECODE/SupportiveData/Raw/GHM_Pacific_2015.tif,0_to_1
7060055790,113,Pacific,1,,1964.7,whole_basin_in_local_ghm_domain,,2020,0.0755944475531578,0.10784664005041122,31973,Local GHM overall human modification raster; basin-year mean,CATidalMarsh_DECODE/SupportiveData/Raw/GHM_Pacific_2020.tif,0_to_1
7060055920,114,Pacific,0,,1437.3,whole_basin_in_local_ghm_domain,,1990,0.060746390372514725,0.03522960841655731,22704,Local GHM overall human modification raster; basin-year mean,CATidalMarsh_DECODE/SupportiveData/Raw/GHM_Pacific_1990.tif,0_to_1
7060055920,114,Pacific,0,,1437.3,whole_basin_in_local_ghm_domain,,1995,0.0626106932759285,0.03560439869761467,22704,Local GHM overall human modification raster; basin-year mean,CATidalMarsh_DECODE/SupportiveData/Raw/GHM_Pacific_1995.tif,0_to_1
7060055920,114,Pacific,0,,1437.3,whole_basin_in_local_ghm_domain,,2000,0.06380622088909149,0.03553619980812073,22704,Local GHM overall human modification raster; basin-year mean,CATidalMarsh_DECODE/SupportiveData/Raw/GHM_Pacific_2000.tif,0_to_1
7060055920,114,Pacific,0,,1437.3,whole_basin_in_local_ghm_domain,,2005,0.06897896528244019,0.04567139595746994,22704,Local GHM overall human modification raster; basin-year mean,CATidalMarsh_DECODE/SupportiveData/Raw/GHM_Pacific_2005.tif,0_to_1
7060055920,114,Pacific,0,,1437.3,whole_basin_in_local_ghm_domain,,2010,0.07735583931207657,0.05794547125697136,22704,Local GHM overall human modification raster; basin-year mean,CATidalMarsh_DECODE/SupportiveData/Raw/GHM_Pacific_2010.tif,0_to_1
7060055920,114,Pacific,0,,1437.3,whole_basin_in_local_ghm_domain,,2015,0.09362829476594925,0.11805036664009094,22704,Local GHM overall human modification raster; basin-year mean,CATidalMarsh_DECODE/SupportiveData/Raw/GHM_Pacific_2015.tif,0_to_1
7060055920,114,Pacific,0,,1437.3,whole_basin_in_local_ghm_domain,,2020,0.11299091577529907,0.18653446435928345,22704,Local GHM overall human modification raster; basin-year mean,CATidalMarsh_DECODE/SupportiveData/Raw/GHM_Pacific_2020.tif,0_to_1
7060055930,115,Pacific,1,,14431.5,whole_basin_in_local_ghm_domain,,1990,0.013813456520438194,0.005609135143458843,229271,Local GHM overall human modification raster; basin-year mean,CATidalMarsh_DECODE/SupportiveData/Raw/GHM_Pacific_1990.tif,0_to_1
7060055930,115,Pacific,1,,14431.5,whole_basin_in_local_ghm_domain,,1995,0.01456502079963684,0.005553823430091143,229271,Local GHM overall human modification raster; basin-year mean,CATidalMarsh_DECODE/SupportiveData/Raw/GHM_Pacific_1995.tif,0_to_1
7060055930,115,Pacific,1,,14431.5,whole_basin_in_local_ghm_domain,,2000,0.015344171784818172,0.005756276659667492,229271,Local GHM overall human modification raster; basin-year mean,CATidalMarsh_DECODE/SupportiveData/Raw/GHM_Pacific_2000.tif,0_to_1
7060055930,115,Pacific,1,,14431.5,whole_basin_in_local_ghm_domain,,2005,0.019270356744527817,0.006194236688315868,229271,Local GHM overall human modification raster; basin-year mean,CATidalMarsh_DECODE/SupportiveData/Raw/GHM_Pacific_2005.tif,0_to_1
7060055930,115,Pacific,1,,14431.5,whole_basin_in_local_ghm_domain,,2010,0.024688348174095154,0.006614563055336475,229271,Local GHM overall human modification raster; basin-year mean,CATidalMarsh_DECODE/SupportiveData/Raw/GHM_Pacific_2010.tif,0_to_1
7060055930,115,Pacific,1,,14431.5,whole_basin_in_local_ghm_domain,,2015,0.0312642864882946,0.00747297378256917,229271,Local GHM overall human modification raster; basin-year mean,CATidalMarsh_DECODE/SupportiveData/Raw/GHM_Pacific_2015.tif,0_to_1
7060055930,115,Pacific,1,,14431.5,whole_basin_in_local_ghm_domain,,2020,0.037813056260347366,0.008827921003103256,229271,Local GHM overall human modification raster; basin-year mean,CATidalMarsh_DECODE/SupportiveData/Raw/GHM_Pacific_2020.tif,0_to_1
7060056620,116,Pacific,0,,1829.4,whole_basin_in_local_ghm_domain,,1990,0.01633804477751255,0.005694606341421604,30510,Local GHM overall human modification raster; basin-year mean,CATidalMarsh_DECODE/SupportiveData/Raw/GHM_Pacific_1990.tif,0_to_1
7060056620,116,Pacific,0,,1829.4,whole_basin_in_local_ghm_domain,,1995,0.017186764627695084,0.005633758846670389,30510,Local GHM overall human modification raster; basin-year mean,CATidalMarsh_DECODE/SupportiveData/Raw/GHM_Pacific_1995.tif,0_to_1
7060056620,116,Pacific,0,,1829.4,whole_basin_in_local_ghm_domain,,2000,0.017720144242048264,0.0058614229783415794,30510,Local GHM overall human modification raster; basin-year mean,CATidalMarsh_DECODE/SupportiveData/Raw/GHM_Pacific_2000.tif,0_to_1
7060056620,116,Pacific,0,,1829.4,whole_basin_in_local_ghm_domain,,2005,0.024652408435940742,0.006461006123572588,30510,Local GHM overall human modification raster; basin-year mean,CATidalMarsh_DECODE/SupportiveData/Raw/GHM_Pacific_2005.tif,0_to_1
7060056620,116,Pacific,0,,1829.4,whole_basin_in_local_ghm_domain,,2010,0.03232989460229874,0.007124138996005058,30510,Local GHM overall human modification raster; basin-year mean,CATidalMarsh_DECODE/SupportiveData/Raw/GHM_Pacific_2010.tif,0_to_1
7060056620,116,Pacific,0,,1829.4,whole_basin_in_local_ghm_domain,,2015,0.04538556560873985,0.012505922466516495,30510,Local GHM overall human modification raster; basin-year mean,CATidalMarsh_DECODE/SupportiveData/Raw/GHM_Pacific_2015.tif,0_to_1
7060056620,116,Pacific,0,,1829.4,whole_basin_in_local_ghm_domain,,2020,0.05297666788101196,0.025414401665329933,30510,Local GHM overall human modification raster; basin-year mean,CATidalMarsh_DECODE/SupportiveData/Raw/GHM_Pacific_2020.tif,0_to_1
7060056630,117,Pacific,1,,1757.1,whole_basin_in_local_ghm_domain,,1990,0.011213459074497223,0.004651807714253664,29810,Local GHM overall human modification raster; basin-year mean,CATidalMarsh_DECODE/SupportiveData/Raw/GHM_Pacific_1990.tif,0_to_1
7060056630,117,Pacific,1,,1757.1,whole_basin_in_local_ghm_domain,,1995,0.01203424297273159,0.004419638309627771,29810,Local GHM overall human modification raster; basin-year mean,CATidalMarsh_DECODE/SupportiveData/Raw/GHM_Pacific_1995.tif,0_to_1
7060056630,117,Pacific,1,,1757.1,whole_basin_in_local_ghm_domain,,2000,0.012709330767393112,0.004665963351726532,29810,Local GHM overall human modification raster; basin-year mean,CATidalMarsh_DECODE/SupportiveData/Raw/GHM_Pacific_2000.tif,0_to_1
7060056630,117,Pacific,1,,1757.1,whole_basin_in_local_ghm_domain,,2005,0.017983071506023407,0.00509127601981163,29810,Local GHM overall human modification raster; basin-year mean,CATidalMarsh_DECODE/SupportiveData/Raw/GHM_Pacific_2005.tif,0_to_1
7060056630,117,Pacific,1,,1757.1,whole_basin_in_local_ghm_domain,,2010,0.025999978184700012,0.005471283104270697,29810,Local GHM overall human modification raster; basin-year mean,CATidalMarsh_DECODE/SupportiveData/Raw/GHM_Pacific_2010.tif,0_to_1
7060056630,117,Pacific,1,,1757.1,whole_basin_in_local_ghm_domain,,2015,0.03576107695698738,0.006495852489024401,29810,Local GHM overall human modification raster; basin-year mean,CATidalMarsh_DECODE/SupportiveData/Raw/GHM_Pacific_2015.tif,0_to_1
7060056630,117,Pacific,1,,1757.1,whole_basin_in_local_ghm_domain,,2020,0.0501495860517025,0.01446848176419735,29810,Local GHM overall human modification raster; basin-year mean,CATidalMarsh_DECODE/SupportiveData/Raw/GHM_Pacific_2020.tif,0_to_1
7060056700,118,Pacific,0,,1349.3,whole_basin_in_local_ghm_domain,,1990,0.010336428880691528,0.0051430873572826385,23340,Local GHM overall human modification raster; basin-year mean,CATidalMarsh_DECODE/SupportiveData/Raw/GHM_Pacific_1990.tif,0_to_1
7060056700,118,Pacific,0,,1349.3,whole_basin_in_local_ghm_domain,,1995,0.010795412585139275,0.004977835342288017,23340,Local GHM overall human modification raster; basin-year mean,CATidalMarsh_DECODE/SupportiveData/Raw/GHM_Pacific_1995.tif,0_to_1
7060056700,118,Pacific,0,,1349.3,whole_basin_in_local_ghm_domain,,2000,0.011991143226623535,0.005237800534814596,23340,Local GHM overall human modification raster; basin-year mean,CATidalMarsh_DECODE/SupportiveData/Raw/GHM_Pacific_2000.tif,0_to_1
7060056700,118,Pacific,0,,1349.3,whole_basin_in_local_ghm_domain,,2005,0.01886468380689621,0.006266480311751366,23340,Local GHM overall human modification raster; basin-year mean,CATidalMarsh_DECODE/SupportiveData/Raw/GHM_Pacific_2005.tif,0_to_1
7060056700,118,Pacific,0,,1349.3,whole_basin_in_local_ghm_domain,,2010,0.027352256700396538,0.007674555294215679,23340,Local GHM overall human modification raster; basin-year mean,CATidalMarsh_DECODE/SupportiveData/Raw/GHM_Pacific_2010.tif,0_to_1
7060056700,118,Pacific,0,,1349.3,whole_basin_in_local_ghm_domain,,2015,0.04365082457661629,0.01506197452545166,23340,Local GHM overall human modification raster; basin-year mean,CATidalMarsh_DECODE/SupportiveData/Raw/GHM_Pacific_2015.tif,0_to_1
7060056700,118,Pacific,0,,1349.3,whole_basin_in_local_ghm_domain,,2020,0.056725792586803436,0.03354095667600632,23340,Local GHM overall human modification raster; basin-year mean,CATidalMarsh_DECODE/SupportiveData/Raw/GHM_Pacific_2020.tif,0_to_1
7060056710,119,Pacific,1,,681.9,whole_basin_in_local_ghm_domain,,1990,0.030979156494140625,0.011026768013834953,10874,Local GHM overall human modification raster; basin-year mean,CATidalMarsh_DECODE/SupportiveData/Raw/GHM_Pacific_1990.tif,0_to_1
7060056710,119,Pacific,1,,681.9,whole_basin_in_local_ghm_domain,,1995,0.032104864716529846,0.011096447706222534,10874,Local GHM overall human modification raster; basin-year mean,CATidalMarsh_DECODE/SupportiveData/Raw/GHM_Pacific_1995.tif,0_to_1
7060056710,119,Pacific,1,,681.9,whole_basin_in_local_ghm_domain,,2000,0.03357236087322235,0.011170847341418266,10874,Local GHM overall human modification raster; basin-year mean,CATidalMarsh_DECODE/SupportiveData/Raw/GHM_Pacific_2000.tif,0_to_1
7060056710,119,Pacific,1,,681.9,whole_basin_in_local_ghm_domain,,2005,0.03809554502367973,0.012329102493822575,10874,Local GHM overall human modification raster; basin-year mean,CATidalMarsh_DECODE/SupportiveData/Raw/GHM_Pacific_2005.tif,0_to_1
7060056710,119,Pacific,1,,681.9,whole_basin_in_local_ghm_domain,,2010,0.04760654643177986,0.01541602797806263,10874,Local GHM overall human modification raster; basin-year mean,CATidalMarsh_DECODE/SupportiveData/Raw/GHM_Pacific_2010.tif,0_to_1
7060056710,119,Pacific,1,,681.9,whole_basin_in_local_ghm_domain,,2015,0.06508088111877441,0.062297169119119644,10874,Local GHM overall human modification raster; basin-year mean,CATidalMarsh_DECODE/SupportiveData/Raw/GHM_Pacific_2015.tif,0_to_1
7060056710,119,Pacific,1,,681.9,whole_basin_in_local_ghm_domain,,2020,0.08146127313375473,0.1092824712395668,10874,Local GHM overall human modification raster; basin-year mean,CATidalMarsh_DECODE/SupportiveData/Raw/GHM_Pacific_2020.tif,0_to_1
7060056760,120,Pacific,0,,1768.5,whole_basin_in_local_ghm_domain,,1990,0.02860224060714245,0.008713873103260994,28486,Local GHM overall human modification raster; basin-year mean,CATidalMarsh_DECODE/SupportiveData/Raw/GHM_Pacific_1990.tif,0_to_1
7060056760,120,Pacific,0,,1768.5,whole_basin_in_local_ghm_domain,,1995,0.02935320883989334,0.009004518389701843,28486,Local GHM overall human modification raster; basin-year mean,CATidalMarsh_DECODE/SupportiveData/Raw/GHM_Pacific_1995.tif,0_to_1
7060056760,120,Pacific,0,,1768.5,whole_basin_in_local_ghm_domain,,2000,0.03050982393324375,0.009713059291243553,28486,Local GHM overall human modification raster; basin-year mean,CATidalMarsh_DECODE/SupportiveData/Raw/GHM_Pacific_2000.tif,0_to_1
7060056760,120,Pacific,0,,1768.5,whole_basin_in_local_ghm_domain,,2005,0.03627154976129532,0.010559095069766045,28486,Local GHM overall human modification raster; basin-year mean,CATidalMarsh_DECODE/SupportiveData/Raw/GHM_Pacific_2005.tif,0_to_1
7060056760,120,Pacific,0,,1768.5,whole_basin_in_local_ghm_domain,,2010,0.050384826958179474,0.015741601586341858,28486,Local GHM overall human modification raster; basin-year mean,CATidalMarsh_DECODE/SupportiveData/Raw/GHM_Pacific_2010.tif,0_to_1
7060056760,120,Pacific,0,,1768.5,whole_basin_in_local_ghm_domain,,2015,0.05962882190942764,0.02717042900621891,28486,Local GHM overall human modification raster; basin-year mean,CATidalMarsh_DECODE/SupportiveData/Raw/GHM_Pacific_2015.tif,0_to_1
7060056760,120,Pacific,0,,1768.5,whole_basin_in_local_ghm_domain,,2020,0.06717979907989502,0.04869118705391884,28486,Local GHM overall human modification raster; basin-year mean,CATidalMarsh_DECODE/SupportiveData/Raw/GHM_Pacific_2020.tif,0_to_1
7060056770,121,Pacific,1,,10306.4,whole_basin_in_local_ghm_domain,,1990,0.11123397946357727,0.12065697461366653,156319,Local GHM overall human modification raster; basin-year mean,CATidalMarsh_DECODE/SupportiveData/Raw/GHM_Pacific_1990.tif,0_to_1
7060056770,121,Pacific,1,,10306.4,whole_basin_in_local_ghm_domain,,1995,0.11629990488290787,0.12509851157665253,156319,Local GHM overall human modification raster; basin-year mean,CATidalMarsh_DECODE/SupportiveData/Raw/GHM_Pacific_1995.tif,0_to_1
7060056770,121,Pacific,1,,10306.4,whole_basin_in_local_ghm_domain,,2000,0.12009628117084503,0.13035114109516144,156319,Local GHM overall human modification raster; basin-year mean,CATidalMarsh_DECODE/SupportiveData/Raw/GHM_Pacific_2000.tif,0_to_1
7060056770,121,Pacific,1,,10306.4,whole_basin_in_local_ghm_domain,,2005,0.12927021086215973,0.1528586447238922,156319,Local GHM overall human modification raster; basin-year mean,CATidalMarsh_DECODE/SupportiveData/Raw/GHM_Pacific_2005.tif,0_to_1
7060056770,121,Pacific,1,,10306.4,whole_basin_in_local_ghm_domain,,2010,0.14218266308307648,0.18987369537353516,156319,Local GHM overall human modification raster; basin-year mean,CATidalMarsh_DECODE/SupportiveData/Raw/GHM_Pacific_2010.tif,0_to_1
7060056770,121,Pacific,1,,10306.4,whole_basin_in_local_ghm_domain,,2015,0.1568918228149414,0.23342469334602356,156319,Local GHM overall human modification raster; basin-year mean,CATidalMarsh_DECODE/SupportiveData/Raw/GHM_Pacific_2015.tif,0_to_1
7060056770,121,Pacific,1,,10306.4,whole_basin_in_local_ghm_domain,,2020,0.1726180911064148,0.2790912389755249,156319,Local GHM overall human modification raster; basin-year mean,CATidalMarsh_DECODE/SupportiveData/Raw/GHM_Pacific_2020.tif,0_to_1
7060057190,122,Pacific,1,,8318.9,whole_basin_in_local_ghm_domain,,1990,0.0042203692719340324,0.0035449890419840813,132788,Local GHM overall human modification raster; basin-year mean,CATidalMarsh_DECODE/SupportiveData/Raw/GHM_Pacific_1990.tif,0_to_1
7060057190,122,Pacific,1,,8318.9,whole_basin_in_local_ghm_domain,,1995,0.004046753980219364,0.0033068968914449215,132788,Local GHM overall human modification raster; basin-year mean,CATidalMarsh_DECODE/SupportiveData/Raw/GHM_Pacific_1995.tif,0_to_1
7060057190,122,Pacific,1,,8318.9,whole_basin_in_local_ghm_domain,,2000,0.004315540660172701,0.0035706297494471073,132788,Local GHM overall human modification raster; basin-year mean,CATidalMarsh_DECODE/SupportiveData/Raw/GHM_Pacific_2000.tif,0_to_1
7060057190,122,Pacific,1,,8318.9,whole_basin_in_local_ghm_domain,,2005,0.0049646226689219475,0.004001809749752283,132788,Local GHM overall human modification raster; basin-year mean,CATidalMarsh_DECODE/SupportiveData/Raw/GHM_Pacific_2005.tif,0_to_1
7060057190,122,Pacific,1,,8318.9,whole_basin_in_local_ghm_domain,,2010,0.005348684266209602,0.004113127011805773,132788,Local GHM overall human modification raster; basin-year mean,CATidalMarsh_DECODE/SupportiveData/Raw/GHM_Pacific_2010.tif,0_to_1
7060057190,122,Pacific,1,,8318.9,whole_basin_in_local_ghm_domain,,2015,0.0058350940234959126,0.004219068214297295,132788,Local GHM overall human modification raster; basin-year mean,CATidalMarsh_DECODE/SupportiveData/Raw/GHM_Pacific_2015.tif,0_to_1
7060057190,122,Pacific,1,,8318.9,whole_basin_in_local_ghm_domain,,2020,0.0063377744518220425,0.004220448434352875,132788,Local GHM overall human modification raster; basin-year mean,CATidalMarsh_DECODE/SupportiveData/Raw/GHM_Pacific_2020.tif,0_to_1
7060057510,123,Pacific,1,,10867.5,whole_basin_in_local_ghm_domain,,1990,0.004904933273792267,0.002294316655024886,184627,Local GHM overall human modification raster; basin-year mean,CATidalMarsh_DECODE/SupportiveData/Raw/GHM_Pacific_1990.tif,0_to_1
7060057510,123,Pacific,1,,10867.5,whole_basin_in_local_ghm_domain,,1995,0.004921392537653446,0.002241128124296665,184627,Local GHM overall human modification raster; basin-year mean,CATidalMarsh_DECODE/SupportiveData/Raw/GHM_Pacific_1995.tif,0_to_1
7060057510,123,Pacific,1,,10867.5,whole_basin_in_local_ghm_domain,,2000,0.0050902352668344975,0.0024107475765049458,184627,Local GHM overall human modification raster; basin-year mean,CATidalMarsh_DECODE/SupportiveData/Raw/GHM_Pacific_2000.tif,0_to_1
7060057510,123,Pacific,1,,10867.5,whole_basin_in_local_ghm_domain,,2005,0.00665565999224782,0.0026443994138389826,184627,Local GHM overall human modification raster; basin-year mean,CATidalMarsh_DECODE/SupportiveData/Raw/GHM_Pacific_2005.tif,0_to_1
7060057510,123,Pacific,1,,10867.5,whole_basin_in_local_ghm_domain,,2010,0.009311954490840435,0.0028627063147723675,184627,Local GHM overall human modification raster; basin-year mean,CATidalMarsh_DECODE/SupportiveData/Raw/GHM_Pacific_2010.tif,0_to_1
7060057510,123,Pacific,1,,10867.5,whole_basin_in_local_ghm_domain,,2015,0.01277937088161707,0.003022853285074234,184627,Local GHM overall human modification raster; basin-year mean,CATidalMarsh_DECODE/SupportiveData/Raw/GHM_Pacific_2015.tif,0_to_1
7060057510,123,Pacific,1,,10867.5,whole_basin_in_local_ghm_domain,,2020,0.014839955605566502,0.0030682520009577274,184627,Local GHM overall human modification raster; basin-year mean,CATidalMarsh_DECODE/SupportiveData/Raw/GHM_Pacific_2020.tif,0_to_1
7060059990,124,Atlantic,1,,8434.4,whole_basin_in_local_ghm_domain,,1990,0.037702880799770355,0.017235642299056053,133488,Local GHM overall human modification raster; basin-year mean,CATidalMarsh_DECODE/SupportiveData/Raw/GHM_Atlantic_1990.tif,0_to_1
7060059990,124,Atlantic,1,,8434.4,whole_basin_in_local_ghm_domain,,1995,0.040068428963422775,0.017450008541345596,133488,Local GHM overall human modification raster; basin-year mean,CATidalMarsh_DECODE/SupportiveData/Raw/GHM_Atlantic_1995.tif,0_to_1
7060059990,124,Atlantic,1,,8434.4,whole_basin_in_local_ghm_domain,,2000,0.040973301976919174,0.017901865765452385,133488,Local GHM overall human modification raster; basin-year mean,CATidalMarsh_DECODE/SupportiveData/Raw/GHM_Atlantic_2000.tif,0_to_1
7060059990,124,Atlantic,1,,8434.4,whole_basin_in_local_ghm_domain,,2005,0.04136122018098831,0.01809525489807129,133488,Local GHM overall human modification raster; basin-year mean,CATidalMarsh_DECODE/SupportiveData/Raw/GHM_Atlantic_2005.tif,0_to_1
7060059990,124,Atlantic,1,,8434.4,whole_basin_in_local_ghm_domain,,2010,0.04174329712986946,0.018185202032327652,133488,Local GHM overall human modification raster; basin-year mean,CATidalMarsh_DECODE/SupportiveData/Raw/GHM_Atlantic_2010.tif,0_to_1
7060059990,124,Atlantic,1,,8434.4,whole_basin_in_local_ghm_domain,,2015,0.04080131649971008,0.016122514382004738,133488,Local GHM overall human modification raster; basin-year mean,CATidalMarsh_DECODE/SupportiveData/Raw/GHM_Atlantic_2015.tif,0_to_1
7060059990,124,Atlantic,1,,8434.4,whole_basin_in_local_ghm_domain,,2020,0.04197772219777107,0.01654316484928131,133488,Local GHM overall human modification raster; basin-year mean,CATidalMarsh_DECODE/SupportiveData/Raw/GHM_Atlantic_2020.tif,0_to_1
7060060310,125,Atlantic,0,,7706.7,whole_basin_in_local_ghm_domain,,1990,0.025382377207279205,0.006717969663441181,115940,Local GHM overall human modification raster; basin-year mean,CATidalMarsh_DECODE/SupportiveData/Raw/GHM_Atlantic_1990.tif,0_to_1
7060060310,125,Atlantic,0,,7706.7,whole_basin_in_local_ghm_domain,,1995,0.026502784341573715,0.006801641080528498,115940,Local GHM overall human modification raster; basin-year mean,CATidalMarsh_DECODE/SupportiveData/Raw/GHM_Atlantic_1995.tif,0_to_1
7060060310,125,Atlantic,0,,7706.7,whole_basin_in_local_ghm_domain,,2000,0.026756519451737404,0.00696024764329195,115940,Local GHM overall human modification raster; basin-year mean,CATidalMarsh_DECODE/SupportiveData/Raw/GHM_Atlantic_2000.tif,0_to_1
7060060310,125,Atlantic,0,,7706.7,whole_basin_in_local_ghm_domain,,2005,0.027164092287421227,0.0071166520938277245,115940,Local GHM overall human modification raster; basin-year mean,CATidalMarsh_DECODE/SupportiveData/Raw/GHM_Atlantic_2005.tif,0_to_1
7060060310,125,Atlantic,0,,7706.7,whole_basin_in_local_ghm_domain,,2010,0.027496108785271645,0.007198521867394447,115940,Local GHM overall human modification raster; basin-year mean,CATidalMarsh_DECODE/SupportiveData/Raw/GHM_Atlantic_2010.tif,0_to_1
7060060310,125,Atlantic,0,,7706.7,whole_basin_in_local_ghm_domain,,2015,0.028002142906188965,0.007334545254707336,115940,Local GHM overall human modification raster; basin-year mean,CATidalMarsh_DECODE/SupportiveData/Raw/GHM_Atlantic_2015.tif,0_to_1
7060060310,125,Atlantic,0,,7706.7,whole_basin_in_local_ghm_domain,,2020,0.028636092320084572,0.007546782493591309,115940,Local GHM overall human modification raster; basin-year mean,CATidalMarsh_DECODE/SupportiveData/Raw/GHM_Atlantic_2020.tif,0_to_1
7060060320,126,Atlantic,1,,27022.7,whole_basin_in_local_ghm_domain,,1990,0.027292393147945404,0.011221072636544704,421803,Local GHM overall human modification raster; basin-year mean,CATidalMarsh_DECODE/SupportiveData/Raw/GHM_Atlantic_1990.tif,0_to_1
7060060320,126,Atlantic,1,,27022.7,whole_basin_in_local_ghm_domain,,1995,0.028382590040564537,0.011204429902136326,421803,Local GHM overall human modification raster; basin-year mean,CATidalMarsh_DECODE/SupportiveData/Raw/GHM_Atlantic_1995.tif,0_to_1
7060060320,126,Atlantic,1,,27022.7,whole_basin_in_local_ghm_domain,,2000,0.028376208618283272,0.010922132059931755,421803,Local GHM overall human modification raster; basin-year mean,CATidalMarsh_DECODE/SupportiveData/Raw/GHM_Atlantic_2000.tif,0_to_1
7060060320,126,Atlantic,1,,27022.7,whole_basin_in_local_ghm_domain,,2005,0.028403695672750473,0.010638459585607052,421803,Local GHM overall human modification raster; basin-year mean,CATidalMarsh_DECODE/SupportiveData/Raw/GHM_Atlantic_2005.tif,0_to_1
7060060320,126,Atlantic,1,,27022.7,whole_basin_in_local_ghm_domain,,2010,0.028337903320789337,0.010472642257809639,421803,Local GHM overall human modification raster; basin-year mean,CATidalMarsh_DECODE/SupportiveData/Raw/GHM_Atlantic_2010.tif,0_to_1
7060060320,126,Atlantic,1,,27022.7,whole_basin_in_local_ghm_domain,,2015,0.028525613248348236,0.010431286878883839,421803,Local GHM overall human modification raster; basin-year mean,CATidalMarsh_DECODE/SupportiveData/Raw/GHM_Atlantic_2015.tif,0_to_1
7060060320,126,Atlantic,1,,27022.7,whole_basin_in_local_ghm_domain,,2020,0.028837203979492188,0.010647538118064404,421803,Local GHM overall human modification raster; basin-year mean,CATidalMarsh_DECODE/SupportiveData/Raw/GHM_Atlantic_2020.tif,0_to_1
7060061510,127,Atlantic,0,,11258.1,whole_basin_in_local_ghm_domain,,1990,0.01715795323252678,0.0043404968455433846,170803,Local GHM overall human modification raster; basin-year mean,CATidalMarsh_DECODE/SupportiveData/Raw/GHM_Atlantic_1990.tif,0_to_1
7060061510,127,Atlantic,0,,11258.1,whole_basin_in_local_ghm_domain,,1995,0.017984677106142044,0.005022175144404173,170803,Local GHM overall human modification raster; basin-year mean,CATidalMarsh_DECODE/SupportiveData/Raw/GHM_Atlantic_1995.tif,0_to_1
7060061510,127,Atlantic,0,,11258.1,whole_basin_in_local_ghm_domain,,2000,0.018212798982858658,0.005203458480536938,170803,Local GHM overall human modification raster; basin-year mean,CATidalMarsh_DECODE/SupportiveData/Raw/GHM_Atlantic_2000.tif,0_to_1
7060061510,127,Atlantic,0,,11258.1,whole_basin_in_local_ghm_domain,,2005,0.01820274256169796,0.004668302834033966,170803,Local GHM overall human modification raster; basin-year mean,CATidalMarsh_DECODE/SupportiveData/Raw/GHM_Atlantic_2005.tif,0_to_1
7060061510,127,Atlantic,0,,11258.1,whole_basin_in_local_ghm_domain,,2010,0.01892653852701187,0.005966562777757645,170803,Local GHM overall human modification raster; basin-year mean,CATidalMarsh_DECODE/SupportiveData/Raw/GHM_Atlantic_2010.tif,0_to_1
7060061510,127,Atlantic,0,,11258.1,whole_basin_in_local_ghm_domain,,2015,0.019118711352348328,0.004279616288840771,170803,Local GHM overall human modification raster; basin-year mean,CATidalMarsh_DECODE/SupportiveData/Raw/GHM_Atlantic_2015.tif,0_to_1
7060061510,127,Atlantic,0,,11258.1,whole_basin_in_local_ghm_domain,,2020,0.01983574777841568,0.004416098818182945,170803,Local GHM overall human modification raster; basin-year mean,CATidalMarsh_DECODE/SupportiveData/Raw/GHM_Atlantic_2020.tif,0_to_1
7060061520,128,Atlantic,1,,2751.0,whole_basin_in_local_ghm_domain,,1990,0.05723979324102402,0.05967610701918602,39195,Local GHM overall human modification raster; basin-year mean,CATidalMarsh_DECODE/SupportiveData/Raw/GHM_Atlantic_1990.tif,0_to_1
7060061520,128,Atlantic,1,,2751.0,whole_basin_in_local_ghm_domain,,1995,0.061336223036050797,0.06842021644115448,39195,Local GHM overall human modification raster; basin-year mean,CATidalMarsh_DECODE/SupportiveData/Raw/GHM_Atlantic_1995.tif,0_to_1
7060061520,128,Atlantic,1,,2751.0,whole_basin_in_local_ghm_domain,,2000,0.06166824698448181,0.06894095242023468,39195,Local GHM overall human modification raster; basin-year mean,CATidalMarsh_DECODE/SupportiveData/Raw/GHM_Atlantic_2000.tif,0_to_1
7060061520,128,Atlantic,1,,2751.0,whole_basin_in_local_ghm_domain,,2005,0.06184590607881546,0.06940087676048279,39195,Local GHM overall human modification raster; basin-year mean,CATidalMarsh_DECODE/SupportiveData/Raw/GHM_Atlantic_2005.tif,0_to_1
7060061520,128,Atlantic,1,,2751.0,whole_basin_in_local_ghm_domain,,2010,0.061881173402071,0.07011214643716812,39195,Local GHM overall human modification raster; basin-year mean,CATidalMarsh_DECODE/SupportiveData/Raw/GHM_Atlantic_2010.tif,0_to_1
7060061520,128,Atlantic,1,,2751.0,whole_basin_in_local_ghm_domain,,2015,0.061578407883644104,0.07084228098392487,39195,Local GHM overall human modification raster; basin-year mean,CATidalMarsh_DECODE/SupportiveData/Raw/GHM_Atlantic_2015.tif,0_to_1
7060061520,128,Atlantic,1,,2751.0,whole_basin_in_local_ghm_domain,,2020,0.06266620755195618,0.07278789579868317,39195,Local GHM overall human modification raster; basin-year mean,CATidalMarsh_DECODE/SupportiveData/Raw/GHM_Atlantic_2020.tif,0_to_1
7060061620,129,Atlantic,0,,5194.2,whole_basin_in_local_ghm_domain,,1990,0.016970304772257805,0.004531531594693661,81972,Local GHM overall human modification raster; basin-year mean,CATidalMarsh_DECODE/SupportiveData/Raw/GHM_Atlantic_1990.tif,0_to_1
7060061620,129,Atlantic,0,,5194.2,whole_basin_in_local_ghm_domain,,1995,0.017939606681466103,0.004462061915546656,81972,Local GHM overall human modification raster; basin-year mean,CATidalMarsh_DECODE/SupportiveData/Raw/GHM_Atlantic_1995.tif,0_to_1
7060061620,129,Atlantic,0,,5194.2,whole_basin_in_local_ghm_domain,,2000,0.018206007778644562,0.0045821769163012505,81972,Local GHM overall human modification raster; basin-year mean,CATidalMarsh_DECODE/SupportiveData/Raw/GHM_Atlantic_2000.tif,0_to_1
7060061620,129,Atlantic,0,,5194.2,whole_basin_in_local_ghm_domain,,2005,0.01823929324746132,0.004605090245604515,81972,Local GHM overall human modification raster; basin-year mean,CATidalMarsh_DECODE/SupportiveData/Raw/GHM_Atlantic_2005.tif,0_to_1
7060061620,129,Atlantic,0,,5194.2,whole_basin_in_local_ghm_domain,,2010,0.01926087960600853,0.006425741594284773,81972,Local GHM overall human modification raster; basin-year mean,CATidalMarsh_DECODE/SupportiveData/Raw/GHM_Atlantic_2010.tif,0_to_1
7060061620,129,Atlantic,0,,5194.2,whole_basin_in_local_ghm_domain,,2015,0.018867209553718567,0.004195496439933777,81972,Local GHM overall human modification raster; basin-year mean,CATidalMarsh_DECODE/SupportiveData/Raw/GHM_Atlantic_2015.tif,0_to_1
7060061620,129,Atlantic,0,,5194.2,whole_basin_in_local_ghm_domain,,2020,0.018966110423207283,0.004203055053949356,81972,Local GHM overall human modification raster; basin-year mean,CATidalMarsh_DECODE/SupportiveData/Raw/GHM_Atlantic_2020.tif,0_to_1
7060061630,130,Atlantic,1,,4212.4,whole_basin_in_local_ghm_domain,,1990,0.034183673560619354,0.02615523152053356,59963,Local GHM overall human modification raster; basin-year mean,CATidalMarsh_DECODE/SupportiveData/Raw/GHM_Atlantic_1990.tif,0_to_1
7060061630,130,Atlantic,1,,4212.4,whole_basin_in_local_ghm_domain,,1995,0.03604293242096901,0.02612971141934395,59963,Local GHM overall human modification raster; basin-year mean,CATidalMarsh_DECODE/SupportiveData/Raw/GHM_Atlantic_1995.tif,0_to_1
7060061630,130,Atlantic,1,,4212.4,whole_basin_in_local_ghm_domain,,2000,0.0362163782119751,0.026171592995524406,59963,Local GHM overall human modification raster; basin-year mean,CATidalMarsh_DECODE/SupportiveData/Raw/GHM_Atlantic_2000.tif,0_to_1
7060061630,130,Atlantic,1,,4212.4,whole_basin_in_local_ghm_domain,,2005,0.03637634590268135,0.025972653180360794,59963,Local GHM overall human modification raster; basin-year mean,CATidalMarsh_DECODE/SupportiveData/Raw/GHM_Atlantic_2005.tif,0_to_1
7060061630,130,Atlantic,1,,4212.4,whole_basin_in_local_ghm_domain,,2010,0.036868318915367126,0.026329264044761658,59963,Local GHM overall human modification raster; basin-year mean,CATidalMarsh_DECODE/SupportiveData/Raw/GHM_Atlantic_2010.tif,0_to_1
7060061630,130,Atlantic,1,,4212.4,whole_basin_in_local_ghm_domain,,2015,0.03659806400537491,0.026155781000852585,59963,Local GHM overall human modification raster; basin-year mean,CATidalMarsh_DECODE/SupportiveData/Raw/GHM_Atlantic_2015.tif,0_to_1
7060061630,130,Atlantic,1,,4212.4,whole_basin_in_local_ghm_domain,,2020,0.036563195288181305,0.026181694120168686,59963,Local GHM overall human modification raster; basin-year mean,CATidalMarsh_DECODE/SupportiveData/Raw/GHM_Atlantic_2020.tif,0_to_1
7060061820,131,Atlantic,0,,1131.6,whole_basin_in_local_ghm_domain,,1990,0.0074868216179311275,0.0049519892781972885,18158,Local GHM overall human modification raster; basin-year mean,CATidalMarsh_DECODE/SupportiveData/Raw/GHM_Atlantic_1990.tif,0_to_1
7060061820,131,Atlantic,0,,1131.6,whole_basin_in_local_ghm_domain,,1995,0.008202816359698772,0.005181234795600176,18158,Local GHM overall human modification raster; basin-year mean,CATidalMarsh_DECODE/SupportiveData/Raw/GHM_Atlantic_1995.tif,0_to_1
7060061820,131,Atlantic,0,,1131.6,whole_basin_in_local_ghm_domain,,2000,0.008317561820149422,0.005292852409183979,18158,Local GHM overall human modification raster; basin-year mean,CATidalMarsh_DECODE/SupportiveData/Raw/GHM_Atlantic_2000.tif,0_to_1
7060061820,131,Atlantic,0,,1131.6,whole_basin_in_local_ghm_domain,,2005,0.007956955581903458,0.005064484663307667,18158,Local GHM overall human modification raster; basin-year mean,CATidalMarsh_DECODE/SupportiveData/Raw/GHM_Atlantic_2005.tif,0_to_1
7060061820,131,Atlantic,0,,1131.6,whole_basin_in_local_ghm_domain,,2010,0.007813438773155212,0.005156999453902245,18158,Local GHM overall human modification raster; basin-year mean,CATidalMarsh_DECODE/SupportiveData/Raw/GHM_Atlantic_2010.tif,0_to_1
7060061820,131,Atlantic,0,,1131.6,whole_basin_in_local_ghm_domain,,2015,0.0068945009261369705,0.0024949340149760246,18158,Local GHM overall human modification raster; basin-year mean,CATidalMarsh_DECODE/SupportiveData/Raw/GHM_Atlantic_2015.tif,0_to_1
7060061820,131,Atlantic,0,,1131.6,whole_basin_in_local_ghm_domain,,2020,0.006840468384325504,0.002495591528713703,18158,Local GHM overall human modification raster; basin-year mean,CATidalMarsh_DECODE/SupportiveData/Raw/GHM_Atlantic_2020.tif,0_to_1
7060061830,132,Atlantic,1,,373.2,whole_basin_in_local_ghm_domain,,1990,0.03154125437140465,0.016726497560739517,5147,Local GHM overall human modification raster; basin-year mean,CATidalMarsh_DECODE/SupportiveData/Raw/GHM_Atlantic_1990.tif,0_to_1
7060061830,132,Atlantic,1,,373.2,whole_basin_in_local_ghm_domain,,1995,0.03572982922196388,0.01681806519627571,5147,Local GHM overall human modification raster; basin-year mean,CATidalMarsh_DECODE/SupportiveData/Raw/GHM_Atlantic_1995.tif,0_to_1
7060061830,132,Atlantic,1,,373.2,whole_basin_in_local_ghm_domain,,2000,0.036026764661073685,0.016947491094470024,5147,Local GHM overall human modification raster; basin-year mean,CATidalMarsh_DECODE/SupportiveData/Raw/GHM_Atlantic_2000.tif,0_to_1
7060061830,132,Atlantic,1,,373.2,whole_basin_in_local_ghm_domain,,2005,0.036239150911569595,0.016860783100128174,5147,Local GHM overall human modification raster; basin-year mean,CATidalMarsh_DECODE/SupportiveData/Raw/GHM_Atlantic_2005.tif,0_to_1
7060061830,132,Atlantic,1,,373.2,whole_basin_in_local_ghm_domain,,2010,0.036382418125867844,0.016410090029239655,5147,Local GHM overall human modification raster; basin-year mean,CATidalMarsh_DECODE/SupportiveData/Raw/GHM_Atlantic_2010.tif,0_to_1
7060061830,132,Atlantic,1,,373.2,whole_basin_in_local_ghm_domain,,2015,0.03601732477545738,0.014975983649492264,5147,Local GHM overall human modification raster; basin-year mean,CATidalMarsh_DECODE/SupportiveData/Raw/GHM_Atlantic_2015.tif,0_to_1
7060061830,132,Atlantic,1,,373.2,whole_basin_in_local_ghm_domain,,2020,0.03604113683104515,0.014934476464986801,5147,Local GHM overall human modification raster; basin-year mean,CATidalMarsh_DECODE/SupportiveData/Raw/GHM_Atlantic_2020.tif,0_to_1
7060061870,133,Atlantic,0,,1877.7,whole_basin_in_local_ghm_domain,,1990,0.0061899092979729176,0.004418790340423584,28119,Local GHM overall human modification raster; basin-year mean,CATidalMarsh_DECODE/SupportiveData/Raw/GHM_Atlantic_1990.tif,0_to_1
7060061870,133,Atlantic,0,,1877.7,whole_basin_in_local_ghm_domain,,1995,0.006798569578677416,0.004776337184011936,28119,Local GHM overall human modification raster; basin-year mean,CATidalMarsh_DECODE/SupportiveData/Raw/GHM_Atlantic_1995.tif,0_to_1
7060061870,133,Atlantic,0,,1877.7,whole_basin_in_local_ghm_domain,,2000,0.0069421506486833096,0.004900981206446886,28119,Local GHM overall human modification raster; basin-year mean,CATidalMarsh_DECODE/SupportiveData/Raw/GHM_Atlantic_2000.tif,0_to_1
7060061870,133,Atlantic,0,,1877.7,whole_basin_in_local_ghm_domain,,2005,0.006654602475464344,0.004598541185259819,28119,Local GHM overall human modification raster; basin-year mean,CATidalMarsh_DECODE/SupportiveData/Raw/GHM_Atlantic_2005.tif,0_to_1
7060061870,133,Atlantic,0,,1877.7,whole_basin_in_local_ghm_domain,,2010,0.006680188234895468,0.004638117738068104,28119,Local GHM overall human modification raster; basin-year mean,CATidalMarsh_DECODE/SupportiveData/Raw/GHM_Atlantic_2010.tif,0_to_1
7060061870,133,Atlantic,0,,1877.7,whole_basin_in_local_ghm_domain,,2015,0.006023060996085405,0.0023933604825288057,28119,Local GHM overall human modification raster; basin-year mean,CATidalMarsh_DECODE/SupportiveData/Raw/GHM_Atlantic_2015.tif,0_to_1
7060061870,133,Atlantic,0,,1877.7,whole_basin_in_local_ghm_domain,,2020,0.006056293845176697,0.0023933618795126677,28119,Local GHM overall human modification raster; basin-year mean,CATidalMarsh_DECODE/SupportiveData/Raw/GHM_Atlantic_2020.tif,0_to_1
7060061880,134,Atlantic,1,,22897.5,whole_basin_in_local_ghm_domain,,1990,0.05733153596520424,0.05311611667275429,329465,Local GHM overall human modification raster; basin-year mean,CATidalMarsh_DECODE/SupportiveData/Raw/GHM_Atlantic_1990.tif,0_to_1
7060061880,134,Atlantic,1,,22897.5,whole_basin_in_local_ghm_domain,,1995,0.06316183507442474,0.06158774346113205,329465,Local GHM overall human modification raster; basin-year mean,CATidalMarsh_DECODE/SupportiveData/Raw/GHM_Atlantic_1995.tif,0_to_1
7060061880,134,Atlantic,1,,22897.5,whole_basin_in_local_ghm_domain,,2000,0.06364376842975616,0.06234914809465408,329465,Local GHM overall human modification raster; basin-year mean,CATidalMarsh_DECODE/SupportiveData/Raw/GHM_Atlantic_2000.tif,0_to_1
7060061880,134,Atlantic,1,,22897.5,whole_basin_in_local_ghm_domain,,2005,0.06355641037225723,0.06212833523750305,329465,Local GHM overall human modification raster; basin-year mean,CATidalMarsh_DECODE/SupportiveData/Raw/GHM_Atlantic_2005.tif,0_to_1
7060061880,134,Atlantic,1,,22897.5,whole_basin_in_local_ghm_domain,,2010,0.06394432485103607,0.06286593526601791,329465,Local GHM overall human modification raster; basin-year mean,CATidalMarsh_DECODE/SupportiveData/Raw/GHM_Atlantic_2010.tif,0_to_1
7060061880,134,Atlantic,1,,22897.5,whole_basin_in_local_ghm_domain,,2015,0.06366099417209625,0.06332243978977203,329465,Local GHM overall human modification raster; basin-year mean,CATidalMarsh_DECODE/SupportiveData/Raw/GHM_Atlantic_2015.tif,0_to_1
7060061880,134,Atlantic,1,,22897.5,whole_basin_in_local_ghm_domain,,2020,0.06410179287195206,0.06431858986616135,329465,Local GHM overall human modification raster; basin-year mean,CATidalMarsh_DECODE/SupportiveData/Raw/GHM_Atlantic_2020.tif,0_to_1
7060062870,135,Atlantic,0,,1358.5,whole_basin_in_local_ghm_domain,,1990,0.0035578985698521137,0.004628502298146486,19355,Local GHM overall human modification raster; basin-year mean,CATidalMarsh_DECODE/SupportiveData/Raw/GHM_Atlantic_1990.tif,0_to_1
7060062870,135,Atlantic,0,,1358.5,whole_basin_in_local_ghm_domain,,1995,0.0018520026933401823,0.0021963755134493113,19355,Local GHM overall human modification raster; basin-year mean,CATidalMarsh_DECODE/SupportiveData/Raw/GHM_Atlantic_1995.tif,0_to_1
7060062870,135,Atlantic,0,,1358.5,whole_basin_in_local_ghm_domain,,2000,0.001984009984880686,0.0023742499761283398,19355,Local GHM overall human modification raster; basin-year mean,CATidalMarsh_DECODE/SupportiveData/Raw/GHM_Atlantic_2000.tif,0_to_1
7060062870,135,Atlantic,0,,1358.5,whole_basin_in_local_ghm_domain,,2005,0.0038138434756547213,0.00487523153424263,19355,Local GHM overall human modification raster; basin-year mean,CATidalMarsh_DECODE/SupportiveData/Raw/GHM_Atlantic_2005.tif,0_to_1
7060062870,135,Atlantic,0,,1358.5,whole_basin_in_local_ghm_domain,,2010,0.003845122642815113,0.00490369088947773,19355,Local GHM overall human modification raster; basin-year mean,CATidalMarsh_DECODE/SupportiveData/Raw/GHM_Atlantic_2010.tif,0_to_1
7060062870,135,Atlantic,0,,1358.5,whole_basin_in_local_ghm_domain,,2015,0.001687568612396717,0.001864955178461969,19355,Local GHM overall human modification raster; basin-year mean,CATidalMarsh_DECODE/SupportiveData/Raw/GHM_Atlantic_2015.tif,0_to_1
7060062870,135,Atlantic,0,,1358.5,whole_basin_in_local_ghm_domain,,2020,0.0016876701265573502,0.0018653005827218294,19355,Local GHM overall human modification raster; basin-year mean,CATidalMarsh_DECODE/SupportiveData/Raw/GHM_Atlantic_2020.tif,0_to_1
7060062880,136,Atlantic,1,,716.8,whole_basin_in_local_ghm_domain,,1990,0.0037673066835850477,0.0046975682489573956,10681,Local GHM overall human modification raster; basin-year mean,CATidalMarsh_DECODE/SupportiveData/Raw/GHM_Atlantic_1990.tif,0_to_1
7060062880,136,Atlantic,1,,716.8,whole_basin_in_local_ghm_domain,,1995,0.0027838649693876505,0.0028004543855786324,10681,Local GHM overall human modification raster; basin-year mean,CATidalMarsh_DECODE/SupportiveData/Raw/GHM_Atlantic_1995.tif,0_to_1
7060062880,136,Atlantic,1,,716.8,whole_basin_in_local_ghm_domain,,2000,0.0029992128256708384,0.0030395518988370895,10681,Local GHM overall human modification raster; basin-year mean,CATidalMarsh_DECODE/SupportiveData/Raw/GHM_Atlantic_2000.tif,0_to_1
7060062880,136,Atlantic,1,,716.8,whole_basin_in_local_ghm_domain,,2005,0.004201845265924931,0.00505600031465292,10681,Local GHM overall human modification raster; basin-year mean,CATidalMarsh_DECODE/SupportiveData/Raw/GHM_Atlantic_2005.tif,0_to_1
7060062880,136,Atlantic,1,,716.8,whole_basin_in_local_ghm_domain,,2010,0.004279762972146273,0.00512995570898056,10681,Local GHM overall human modification raster; basin-year mean,CATidalMarsh_DECODE/SupportiveData/Raw/GHM_Atlantic_2010.tif,0_to_1
7060062880,136,Atlantic,1,,716.8,whole_basin_in_local_ghm_domain,,2015,0.0032110533211380243,0.003265485167503357,10681,Local GHM overall human modification raster; basin-year mean,CATidalMarsh_DECODE/SupportiveData/Raw/GHM_Atlantic_2015.tif,0_to_1
7060062880,136,Atlantic,1,,716.8,whole_basin_in_local_ghm_domain,,2020,0.003212506650015712,0.0032656420953571796,10681,Local GHM overall human modification raster; basin-year mean,CATidalMarsh_DECODE/SupportiveData/Raw/GHM_Atlantic_2020.tif,0_to_1
7060062940,138,Atlantic,1,,3095.8,whole_basin_in_local_ghm_domain,,1990,0.02791655622422695,0.016138065606355667,45111,Local GHM overall human modification raster; basin-year mean,CATidalMarsh_DECODE/SupportiveData/Raw/GHM_Atlantic_1990.tif,0_to_1
7060062940,138,Atlantic,1,,3095.8,whole_basin_in_local_ghm_domain,,1995,0.029704872518777847,0.01611006073653698,45111,Local GHM overall human modification raster; basin-year mean,CATidalMarsh_DECODE/SupportiveData/Raw/GHM_Atlantic_1995.tif,0_to_1
7060062940,138,Atlantic,1,,3095.8,whole_basin_in_local_ghm_domain,,2000,0.03007732890546322,0.01654404029250145,45111,Local GHM overall human modification raster; basin-year mean,CATidalMarsh_DECODE/SupportiveData/Raw/GHM_Atlantic_2000.tif,0_to_1
7060062940,138,Atlantic,1,,3095.8,whole_basin_in_local_ghm_domain,,2005,0.03034059703350067,0.016712158918380737,45111,Local GHM overall human modification raster; basin-year mean,CATidalMarsh_DECODE/SupportiveData/Raw/GHM_Atlantic_2005.tif,0_to_1
7060062940,138,Atlantic,1,,3095.8,whole_basin_in_local_ghm_domain,,2010,0.030638445168733597,0.016949042677879333,45111,Local GHM overall human modification raster; basin-year mean,CATidalMarsh_DECODE/SupportiveData/Raw/GHM_Atlantic_2010.tif,0_to_1
7060062940,138,Atlantic,1,,3095.8,whole_basin_in_local_ghm_domain,,2015,0.030825402587652206,0.01678793504834175,45111,Local GHM overall human modification raster; basin-year mean,CATidalMarsh_DECODE/SupportiveData/Raw/GHM_Atlantic_2015.tif,0_to_1
7060062940,138,Atlantic,1,,3095.8,whole_basin_in_local_ghm_domain,,2020,0.03087242692708969,0.016868609935045242,45111,Local GHM overall human modification raster; basin-year mean,CATidalMarsh_DECODE/SupportiveData/Raw/GHM_Atlantic_2020.tif,0_to_1
7060063060,140,Atlantic,1,,12236.6,whole_basin_in_local_ghm_domain,,1990,0.008797939866781235,0.003650594037026167,181268,Local GHM overall human modification raster; basin-year mean,CATidalMarsh_DECODE/SupportiveData/Raw/GHM_Atlantic_1990.tif,0_to_1
7060063060,140,Atlantic,1,,12236.6,whole_basin_in_local_ghm_domain,,1995,0.01133514754474163,0.006251281127333641,181268,Local GHM overall human modification raster; basin-year mean,CATidalMarsh_DECODE/SupportiveData/Raw/GHM_Atlantic_1995.tif,0_to_1
7060063060,140,Atlantic,1,,12236.6,whole_basin_in_local_ghm_domain,,2000,0.01188269630074501,0.006464717909693718,181268,Local GHM overall human modification raster; basin-year mean,CATidalMarsh_DECODE/SupportiveData/Raw/GHM_Atlantic_2000.tif,0_to_1
7060063060,140,Atlantic,1,,12236.6,whole_basin_in_local_ghm_domain,,2005,0.0103037990629673,0.00421978160738945,181268,Local GHM overall human modification raster; basin-year mean,CATidalMarsh_DECODE/SupportiveData/Raw/GHM_Atlantic_2005.tif,0_to_1
7060063060,140,Atlantic,1,,12236.6,whole_basin_in_local_ghm_domain,,2010,0.012164726853370667,0.0067221736535429955,181268,Local GHM overall human modification raster; basin-year mean,CATidalMarsh_DECODE/SupportiveData/Raw/GHM_Atlantic_2010.tif,0_to_1
7060063060,140,Atlantic,1,,12236.6,whole_basin_in_local_ghm_domain,,2015,0.009914186783134937,0.0039143795147538185,181268,Local GHM overall human modification raster; basin-year mean,CATidalMarsh_DECODE/SupportiveData/Raw/GHM_Atlantic_2015.tif,0_to_1
7060063060,140,Atlantic,1,,12236.6,whole_basin_in_local_ghm_domain,,2020,0.009975811466574669,0.003914757631719112,181268,Local GHM overall human modification raster; basin-year mean,CATidalMarsh_DECODE/SupportiveData/Raw/GHM_Atlantic_2020.tif,0_to_1
7060063420,141,Atlantic,1,,8037.7,whole_basin_in_local_ghm_domain,,1990,0.007389205042272806,0.0020065479911863804,133326,Local GHM overall human modification raster; basin-year mean,CATidalMarsh_DECODE/SupportiveData/Raw/GHM_Atlantic_1990.tif,0_to_1
7060063420,141,Atlantic,1,,8037.7,whole_basin_in_local_ghm_domain,,1995,0.007641908712685108,0.00209992378950119,133326,Local GHM overall human modification raster; basin-year mean,CATidalMarsh_DECODE/SupportiveData/Raw/GHM_Atlantic_1995.tif,0_to_1
7060063420,141,Atlantic,1,,8037.7,whole_basin_in_local_ghm_domain,,2000,0.007841512560844421,0.0022692023776471615,133326,Local GHM overall human modification raster; basin-year mean,CATidalMarsh_DECODE/SupportiveData/Raw/GHM_Atlantic_2000.tif,0_to_1
7060063420,141,Atlantic,1,,8037.7,whole_basin_in_local_ghm_domain,,2005,0.008162890560925007,0.002462017349898815,133326,Local GHM overall human modification raster; basin-year mean,CATidalMarsh_DECODE/SupportiveData/Raw/GHM_Atlantic_2005.tif,0_to_1
7060063420,141,Atlantic,1,,8037.7,whole_basin_in_local_ghm_domain,,2010,0.008761610835790634,0.0026185603346675634,133326,Local GHM overall human modification raster; basin-year mean,CATidalMarsh_DECODE/SupportiveData/Raw/GHM_Atlantic_2010.tif,0_to_1
7060063420,141,Atlantic,1,,8037.7,whole_basin_in_local_ghm_domain,,2015,0.009076954796910286,0.0025322497822344303,133326,Local GHM overall human modification raster; basin-year mean,CATidalMarsh_DECODE/SupportiveData/Raw/GHM_Atlantic_2015.tif,0_to_1
7060063420,141,Atlantic,1,,8037.7,whole_basin_in_local_ghm_domain,,2020,0.009942050091922283,0.002536431420594454,133326,Local GHM overall human modification raster; basin-year mean,CATidalMarsh_DECODE/SupportiveData/Raw/GHM_Atlantic_2020.tif,0_to_1
7060063860,142,Atlantic,1,,17642.7,whole_basin_in_local_ghm_domain,,1990,0.0812879279255867,0.08737460523843765,166069,Local GHM overall human modification raster; basin-year mean,CATidalMarsh_DECODE/SupportiveData/Raw/GHM_Atlantic_1990.tif,0_to_1
7060063860,142,Atlantic,1,,17642.7,whole_basin_in_local_ghm_domain,,1995,0.08576370030641556,0.09508000314235687,166069,Local GHM overall human modification raster; basin-year mean,CATidalMarsh_DECODE/SupportiveData/Raw/GHM_Atlantic_1995.tif,0_to_1
7060063860,142,Atlantic,1,,17642.7,whole_basin_in_local_ghm_domain,,2000,0.0872323215007782,0.09632819145917892,166069,Local GHM overall human modification raster; basin-year mean,CATidalMarsh_DECODE/SupportiveData/Raw/GHM_Atlantic_2000.tif,0_to_1
7060063860,142,Atlantic,1,,17642.7,whole_basin_in_local_ghm_domain,,2005,0.08900496363639832,0.09952416270971298,166069,Local GHM overall human modification raster; basin-year mean,CATidalMarsh_DECODE/SupportiveData/Raw/GHM_Atlantic_2005.tif,0_to_1
7060063860,142,Atlantic,1,,17642.7,whole_basin_in_local_ghm_domain,,2010,0.09015346318483353,0.10054067522287369,166069,Local GHM overall human modification raster; basin-year mean,CATidalMarsh_DECODE/SupportiveData/Raw/GHM_Atlantic_2010.tif,0_to_1
7060063860,142,Atlantic,1,,17642.7,whole_basin_in_local_ghm_domain,,2015,0.0915832370519638,0.10220038890838623,166069,Local GHM overall human modification raster; basin-year mean,CATidalMarsh_DECODE/SupportiveData/Raw/GHM_Atlantic_2015.tif,0_to_1
7060063860,142,Atlantic,1,,17642.7,whole_basin_in_local_ghm_domain,,2020,0.09334059804677963,0.10437291115522385,166069,Local GHM overall human modification raster; basin-year mean,CATidalMarsh_DECODE/SupportiveData/Raw/GHM_Atlantic_2020.tif,0_to_1
7060063860,143,Atlantic,1,,17642.7,whole_basin_in_local_ghm_domain,,1990,0.2503293752670288,0.4258309006690979,3287,Local GHM overall human modification raster; basin-year mean,CATidalMarsh_DECODE/SupportiveData/Raw/GHM_Atlantic_1990.tif,0_to_1
7060063860,143,Atlantic,1,,17642.7,whole_basin_in_local_ghm_domain,,1995,0.27263712882995605,0.44736725091934204,3287,Local GHM overall human modification raster; basin-year mean,CATidalMarsh_DECODE/SupportiveData/Raw/GHM_Atlantic_1995.tif,0_to_1
7060063860,143,Atlantic,1,,17642.7,whole_basin_in_local_ghm_domain,,2000,0.2758156657218933,0.4492025375366211,3287,Local GHM overall human modification raster; basin-year mean,CATidalMarsh_DECODE/SupportiveData/Raw/GHM_Atlantic_2000.tif,0_to_1
7060063860,143,Atlantic,1,,17642.7,whole_basin_in_local_ghm_domain,,2005,0.2763172686100006,0.4494103789329529,3287,Local GHM overall human modification raster; basin-year mean,CATidalMarsh_DECODE/SupportiveData/Raw/GHM_Atlantic_2005.tif,0_to_1
7060063860,143,Atlantic,1,,17642.7,whole_basin_in_local_ghm_domain,,2010,0.279759019613266,0.4518929719924927,3287,Local GHM overall human modification raster; basin-year mean,CATidalMarsh_DECODE/SupportiveData/Raw/GHM_Atlantic_2010.tif,0_to_1
7060063860,143,Atlantic,1,,17642.7,whole_basin_in_local_ghm_domain,,2015,0.2817087471485138,0.4531145691871643,3287,Local GHM overall human modification raster; basin-year mean,CATidalMarsh_DECODE/SupportiveData/Raw/GHM_Atlantic_2015.tif,0_to_1
7060063860,143,Atlantic,1,,17642.7,whole_basin_in_local_ghm_domain,,2020,0.3241836130619049,0.49490460753440857,3287,Local GHM overall human modification raster; basin-year mean,CATidalMarsh_DECODE/SupportiveData/Raw/GHM_Atlantic_2020.tif,0_to_1
7060063860,144,Atlantic,1,,17642.7,whole_basin_in_local_ghm_domain,,1990,0.29520300030708313,0.42920273542404175,91576,Local GHM overall human modification raster; basin-year mean,CATidalMarsh_DECODE/SupportiveData/Raw/GHM_Atlantic_1990.tif,0_to_1
7060063860,144,Atlantic,1,,17642.7,whole_basin_in_local_ghm_domain,,1995,0.3045802712440491,0.440097451210022,91576,Local GHM overall human modification raster; basin-year mean,CATidalMarsh_DECODE/SupportiveData/Raw/GHM_Atlantic_1995.tif,0_to_1
7060063860,144,Atlantic,1,,17642.7,whole_basin_in_local_ghm_domain,,2000,0.3107849359512329,0.445109486579895,91576,Local GHM overall human modification raster; basin-year mean,CATidalMarsh_DECODE/SupportiveData/Raw/GHM_Atlantic_2000.tif,0_to_1
7060063860,144,Atlantic,1,,17642.7,whole_basin_in_local_ghm_domain,,2005,0.3144260048866272,0.4484049081802368,91576,Local GHM overall human modification raster; basin-year mean,CATidalMarsh_DECODE/SupportiveData/Raw/GHM_Atlantic_2005.tif,0_to_1
7060063860,144,Atlantic,1,,17642.7,whole_basin_in_local_ghm_domain,,2010,0.318375825881958,0.45121634006500244,91576,Local GHM overall human modification raster; basin-year mean,CATidalMarsh_DECODE/SupportiveData/Raw/GHM_Atlantic_2010.tif,0_to_1
7060063860,144,Atlantic,1,,17642.7,whole_basin_in_local_ghm_domain,,2015,0.32058805227279663,0.45287302136421204,91576,Local GHM overall human modification raster; basin-year mean,CATidalMarsh_DECODE/SupportiveData/Raw/GHM_Atlantic_2015.tif,0_to_1
7060063860,144,Atlantic,1,,17642.7,whole_basin_in_local_ghm_domain,,2020,0.32303154468536377,0.4541036784648895,91576,Local GHM overall human modification raster; basin-year mean,CATidalMarsh_DECODE/SupportiveData/Raw/GHM_Atlantic_2020.tif,0_to_1
